date,sales,dayofweek,day,lag_1,lag_3,lag_7,lag_35,lag_21,lag_14,lag_28,lag_30,lag_60,rolling_7,rolling_7_std,rolling_14_mean,rolling_28_mean,rolling_30,rolling_60,rolling_90,rolling_30_std,ewm_7,ewm_14,dow_sin,dow_cos,forecast,std_dev,safety_stock,reorder_point,EOQ
2011-04-28,2031,3,28,2025.0,2374.0,2421.0,2215.0,2878.0,2455.0,2468.0,2126.0,3441.0,2638.714285714286,766.3099273543993,2720.5,2948.9285714285716,2907.3333333333335,2925.2,3016.3444444444444,722.0167795038124,2376.305995365739,2588.941840699822,0.43388373911755823,0.43388373911755823,,,0.0,,11995.0548143808
2011-04-29,2613,4,29,2031.0,2031.0,3078.0,2653.0,3175.0,2764.0,3367.0,2182.0,2202.0,2572.285714285714,741.6406844031042,2709.714285714286,2922.0,2921.7,2932.05,2998.4222222222224,711.2948440502105,2435.479496524557,2592.149602364752,-0.433883739117558,-0.433883739117558,,,0.0,,11995.0548143808
2011-04-30,3480,5,30,2613.0,2025.0,4089.0,3810.0,3984.0,3485.0,4164.0,2468.0,2500.0,2485.285714285714,543.2503150131665,2709.3571428571427,2897.5714285714284,2955.4333333333334,2948.383333333333,2991.9777777777776,713.031105542573,2696.609622394254,2710.529882197873,-0.9749279121818236,-0.9749279121818236,,,0.0,,11995.0548143808
2011-05-01,3568,6,1,3480.0,2031.0,2843.0,3879.0,4036.0,3923.0,4219.0,3367.0,2481.0,2588.8571428571427,675.7646110324285,2684.0,2874.3214285714284,2962.133333333333,2966.5,3001.211111111111,717.959067766753,2914.4572167962137,2824.859421084888,-0.7818314824680299,-0.7818314824680299,,,0.0,,11995.0548143808
2011-05-02,2839,0,2,3568.0,2613.0,2374.0,2730.0,2946.0,2680.0,3517.0,4164.0,2467.0,2655.285714285714,673.976437344243,2695.3571428571427,2850.1071428571427,2917.9666666666667,2972.7,2999.8444444444444,681.293115476299,2895.5929125971265,2826.7448343202373,0.0,0.0,,,0.0,,11995.0548143808
2011-05-03,2716,1,3,2839.0,3480.0,2031.0,2126.0,2424.0,2164.0,2649.0,4219.0,2903.0,2753.1428571428573,615.4113606825464,2734.785714285714,2852.5,2867.866666666667,2969.5833333333335,3001.5333333333333,636.0831507850552,2850.6946844477843,2811.9788379941806,0.7818314824680298,0.7818314824680298,,,0.0,,11995.0548143808
2011-05-04,2511,2,4,2716.0,3568.0,2025.0,2182.0,2158.0,2179.0,2511.0,3517.0,3979.0,2822.5714285714284,542.6917041141187,2758.5,2852.5,2834.3333333333335,2945.116666666667,2994.4222222222224,627.1362571702189,2765.7710133357523,2771.848282882964,0.9749279121818236,0.9749279121818236,,,0.0,,11995.0548143808
2011-05-05,2323,3,5,2511.0,2839.0,2031.0,2468.0,2455.0,2421.0,2878.0,2649.0,4646.0,2864.285714285714,479.21662265469456,2751.5,2832.6785714285716,2823.4666666666667,2906.4,2983.3777777777777,633.2528902330453,2655.07826000173,2712.0017891002444,0.43388373911755823,0.43388373911755823,,,0.0,,11995.0548143808
2011-05-06,3016,4,6,2323.0,2716.0,2613.0,3367.0,2764.0,3078.0,3175.0,2511.0,3011.0,2921.8571428571427,468.0745768825841,2747.0714285714284,2827.0,2840.3,2906.483333333333,2958.3555555555554,631.3696195983172,2745.308695001349,2752.5349167959216,-0.433883739117558,-0.433883739117558,,,0.0,,11995.0548143808
2011-05-07,3713,5,7,3016.0,2511.0,3480.0,4164.0,3485.0,4089.0,3984.0,2878.0,2915.0,2955.1428571428573,519.8061909889848,2720.214285714286,2817.3214285714284,2868.133333333333,2919.7833333333333,2952.9555555555557,651.1831001224288,2987.231521251115,2880.597018000808,-0.9749279121818236,-0.9749279121818236,,,0.0,,11995.0548143808
2011-05-08,2886,6,8,3713.0,2323.0,3568.0,4219.0,3923.0,2843.0,4036.0,3175.0,2686.0,2857.714285714286,444.20930287636395,2723.285714285714,2776.25,2858.5,2923.116666666667,2950.788888888889,648.6195287712573,2961.923640938328,2881.3174160400213,-0.7818314824680299,-0.7818314824680299,,,0.0,,11995.0548143808
2011-05-09,2922,0,9,2886.0,3016.0,2839.0,3517.0,2680.0,2374.0,2946.0,3984.0,2581.0,2869.5714285714284,444.7339493610604,2762.4285714285716,2775.3928571428573,2823.1,2928.8,2950.711111111111,613.0814959608997,2951.9427307037436,2886.7417634348944,0.0,0.0,,,0.0,,11995.0548143808
2011-05-10,2887,1,10,2922.0,3713.0,2716.0,2649.0,2164.0,2031.0,2424.0,4036.0,3163.0,2894.0,439.55886977741744,2823.5714285714284,2791.9285714285716,2784.8,2924.2,2953.1555555555556,569.0024180301323,2935.707048027805,2886.77619499268,0.7818314824680298,0.7818314824680298,,,0.0,,11995.0548143808
2011-05-11,2537,2,11,2887.0,2886.0,2511.0,2511.0,2179.0,2025.0,2158.0,2946.0,4005.0,2897.714285714286,435.8775494278625,2860.1428571428573,2805.464285714286,2771.1666666666665,2899.733333333333,2949.588888888889,569.905986398926,2836.0302860208403,2840.1393504798903,0.9749279121818236,0.9749279121818236,,,0.0,,11995.0548143808
2011-05-12,2204,3,12,2537.0,2922.0,2323.0,2878.0,2421.0,2031.0,2455.0,2424.0,3970.0,2880.714285714286,463.4751752739716,2872.5,2796.5,2763.8333333333335,2870.3,2940.5555555555557,575.9110373907633,2678.0227145156146,2755.3207412343218,0.43388373911755823,0.43388373911755823,,,0.0,,11995.0548143808
2011-05-13,2866,4,13,2204.0,2887.0,3016.0,3175.0,3078.0,2613.0,2764.0,2158.0,2787.0,2859.285714285714,459.6294573841396,2890.5714285714284,2800.1428571428573,2787.4333333333334,2871.616666666667,2925.511111111111,564.6246042089916,2725.0170358867144,2770.0779801366375,-0.433883739117558,-0.433883739117558,,,0.0,,11995.0548143808
2011-05-14,3637,5,14,2866.0,2537.0,3713.0,3984.0,4089.0,3480.0,3485.0,2455.0,2333.0,2848.4285714285716,436.4137399085332,2901.785714285714,2805.5714285714284,2826.8333333333335,2893.35,2918.811111111111,581.6121520414599,2953.012776915049,2885.6676126554676,-0.9749279121818236,-0.9749279121818236,,,0.0,,11995.0548143808
2011-05-15,3701,6,15,3637.0,2204.0,2886.0,4036.0,2843.0,3568.0,3923.0,2764.0,2431.0,2964.8571428571427,543.647995358342,2911.285714285714,2797.6428571428573,2858.0666666666666,2914.516666666667,2930.177777777778,602.8913628526274,3140.009582686295,2994.3786219818535,-0.7818314824680299,-0.7818314824680299,,,0.0,,11995.0548143808
2011-05-16,2498,0,16,3701.0,2866.0,2922.0,2946.0,2374.0,2839.0,2680.0,3485.0,2374.0,2904.285714285714,572.0948972229801,2886.9285714285716,2791.1428571428573,2825.1666666666665,2916.5833333333335,2931.6666666666665,594.36991171662,2979.507187014716,2928.1947928713093,0.0,0.0,,,0.0,,11995.0548143808
2011-05-17,2064,1,17,2498.0,3637.0,2887.0,2424.0,2031.0,2716.0,2164.0,3923.0,2668.0,2786.714285714286,654.825094786314,2840.3571428571427,2787.5714285714284,2763.2,2906.516666666667,2929.9222222222224,572.4699299436213,2750.630390261031,2812.968801105128,0.7818314824680298,0.7818314824680298,,,0.0,,11995.0548143808
2011-05-18,2117,2,18,2064.0,3701.0,2537.0,2158.0,2025.0,2511.0,2179.0,2680.0,4034.0,2726.714285714286,699.2538199837775,2812.214285714286,2785.3571428571427,2744.4333333333334,2874.5666666666666,2931.511111111111,584.3953363908732,2592.2227926957707,2720.1729474289914,0.9749279121818236,0.9749279121818236,,,0.0,,11995.0548143808
2011-05-19,2100,3,19,2117.0,2498.0,2204.0,2455.0,2031.0,2323.0,2421.0,2164.0,3801.0,2711.8571428571427,713.1772637457042,2796.285714285714,2773.8928571428573,2742.3,2846.2166666666667,2922.322222222222,586.6995442067544,2469.1670945218266,2637.483210657107,0.43388373911755823,0.43388373911755823,,,0.0,,11995.0548143808
2011-05-20,2556,4,20,2100.0,2064.0,2866.0,2764.0,2613.0,3016.0,3078.0,2179.0,2532.0,2667.5714285714284,711.6335332980633,2763.4285714285716,2755.25,2754.866666666667,2846.616666666667,2901.3555555555554,578.1939021692867,2490.8753208913704,2626.6187813797824,-0.433883739117558,-0.433883739117558,,,0.0,,11995.0548143808
2011-05-21,3353,5,21,2556.0,2117.0,3637.0,3485.0,3480.0,3713.0,4089.0,2421.0,2394.0,2627.0,652.8185046396891,2737.714285714286,2728.964285714286,2785.9333333333334,2862.6,2895.777777777778,584.63899461376,2706.40649066853,2723.469619720719,-0.9749279121818236,-0.9749279121818236,,,0.0,,11995.0548143808
2011-05-22,3467,6,22,3353.0,2100.0,3701.0,3923.0,3568.0,2886.0,2843.0,3078.0,2016.0,2593.5714285714284,591.7958142081485,2779.214285714286,2751.25,2798.9,2886.7833333333333,2898.8,595.552038897091,2896.5548680013985,2822.6070119120577,-0.7818314824680299,-0.7818314824680299,,,0.0,,11995.0548143808
2011-05-23,2395,0,23,3467.0,2556.0,2498.0,2680.0,2839.0,2922.0,2374.0,4089.0,2215.0,2578.8571428571427,595.8348285029523,2741.5714285714284,2752.0,2742.4333333333334,2889.7833333333333,2899.0555555555557,547.3732688050253,2771.166151001048,2765.592739592924,0.0,0.0,,,0.0,,11995.0548143808
2011-05-24,2088,1,24,2395.0,3353.0,2064.0,2164.0,2716.0,2887.0,2031.0,2843.0,2653.0,2582.285714285714,592.4378207276872,2684.5,2754.035714285714,2717.266666666667,2880.366666666667,2896.411111111111,559.8052576001597,2600.3746132507854,2675.2470353990416,0.7818314824680298,0.7818314824680298,,,0.0,,11995.0548143808
2011-05-25,2147,2,25,2088.0,3467.0,2117.0,2179.0,2511.0,2537.0,2025.0,2374.0,3810.0,2586.5714285714284,588.6070724297198,2656.6428571428573,2758.3928571428573,2709.7,2852.65,2893.9444444444443,566.1037525230594,2487.0309599380885,2604.8140935747124,0.9749279121818236,0.9749279121818236,,,0.0,,11995.0548143808
2011-05-26,2223,3,26,2147.0,2395.0,2100.0,2421.0,2323.0,2204.0,2031.0,2031.0,3879.0,2604.1428571428573,573.297604091577,2658.0,2765.25,2716.1,2825.05,2889.4,559.2095622240004,2421.0232199535662,2553.905545402436,0.43388373911755823,0.43388373911755823,,,0.0,,11995.0548143808
2011-05-27,2576,4,27,2223.0,2088.0,2556.0,3078.0,3016.0,2866.0,2613.0,2025.0,2730.0,2607.0,573.0674771205684,2637.285714285714,2763.9285714285716,2734.4666666666667,2822.483333333333,2877.288888888889,544.5856845493568,2459.7674149651743,2556.851472800585,-0.433883739117558,-0.433883739117558,,544.5856845493571,2377.383176657724,,11995.0548143808
2011-05-28,3142,5,28,2576.0,2147.0,3353.0,4089.0,3713.0,3637.0,3480.0,2031.0,2126.0,2576.8571428571427,531.3170517909331,2601.9285714285716,2751.8571428571427,2771.5,2839.4166666666665,2873.9666666666667,532.7452486883384,2630.325561223881,2634.871279146467,-0.9749279121818236,-0.9749279121818236,,532.7452486883387,2325.6938762979958,,11995.0548143808
2011-05-29,3120,6,29,3142.0,2223.0,3467.0,2843.0,2886.0,3701.0,3568.0,2613.0,2182.0,2527.285714285714,443.3274614720336,2560.4285714285716,2735.8571428571427,2788.4,2855.05,2884.1666666666665,535.5779733309062,2752.7441709179107,2699.555110547489,-0.7818314824680299,-0.7818314824680299,,535.5779733309066,2338.060106443978,,11995.0548143808
2011-05-30,2798,0,30,3120.0,2576.0,2395.0,2374.0,2922.0,2498.0,2839.0,3480.0,2468.0,2584.8571428571427,449.4108842219361,2581.8571428571427,2734.3928571428573,2765.6666666666665,2860.55,2887.4777777777776,519.4409019077264,2764.058128188433,2712.6810961514507,0.0,0.0,,519.4409019077268,2267.6138879508535,,11995.0548143808
2011-05-31,2111,1,31,2798.0,3142.0,2088.0,2031.0,2887.0,2064.0,2716.0,3568.0,3367.0,2588.1428571428573,445.23755029251043,2585.214285714286,2712.785714285714,2717.1,2839.616666666667,2883.366666666667,509.8625474001586,2600.793596141325,2632.4569481777517,0.7818314824680298,0.7818314824680298,,509.8625474001589,2225.799680357059,,11995.0548143808
2011-06-01,2455,2,1,2111.0,3120.0,2147.0,2025.0,2537.0,2117.0,2511.0,2839.0,4164.0,2632.1428571428573,408.04143113636064,2609.3571428571427,2710.785714285714,2704.3,2811.133333333333,2883.233333333333,511.5141923402682,2564.345197105994,2608.796021288796,0.9749279121818236,0.9749279121818236,,511.51419234026855,2233.009919270478,,11995.0548143808
2011-06-02,2588,3,2,2455.0,2798.0,2223.0,2031.0,2204.0,2100.0,2323.0,2716.0,4219.0,2684.285714285714,368.4438963558832,2644.214285714286,2720.25,2700.0333333333333,2783.95,2879.733333333333,511.94689132783054,2570.2588978294953,2606.023218403037,0.43388373911755823,0.43388373911755823,,511.9468913278309,2234.8988622279826,,11995.0548143808
2011-06-03,3143,4,3,2588.0,2111.0,2576.0,2613.0,2866.0,2556.0,3016.0,2511.0,3517.0,2765.285714285714,401.51202318474253,2686.1428571428573,2724.785714285714,2721.1,2777.7166666666667,2870.4444444444443,516.8795864575727,2713.444173372121,2677.620123673411,-0.433883739117558,-0.433883739117558,,516.879586457573,2256.432491828868,,11995.0548143808
2011-06-04,3827,5,4,3143.0,2455.0,3142.0,3480.0,3637.0,3353.0,3713.0,2323.0,2649.0,2863.1428571428573,560.5894007118554,2720.0,2728.8571428571427,2771.233333333333,2797.35,2861.3444444444444,548.8829209581401,2991.8331300290906,2830.8707758119244,-0.9749279121818236,-0.9749279121818236,,548.8829209581404,2396.1427177808373,,11995.0548143808
2011-06-05,3756,6,5,3827.0,2588.0,3120.0,3568.0,3701.0,3467.0,2886.0,3016.0,2511.0,2954.0,653.0691642799673,2740.6428571428573,2759.9285714285716,2795.9,2818.1,2869.6222222222223,576.2094536561841,3182.874847521818,2954.2213404053887,-0.7818314824680299,-0.7818314824680299,,576.2094536561845,2515.4364138067913,,11995.0548143808
2011-06-06,2985,0,6,3756.0,3143.0,2798.0,2839.0,2498.0,2395.0,2922.0,3713.0,2878.0,2980.714285714286,649.4389153430109,2782.785714285714,2762.1785714285716,2771.633333333333,2819.883333333333,2870.4,551.0342303237661,3133.4061356413636,2958.325161724126,0.0,0.0,,551.0342303237665,2405.5342365789447,,11995.0548143808
2011-06-07,2692,1,7,2985.0,3827.0,2111.0,2716.0,2064.0,2088.0,2887.0,2886.0,3175.0,3063.714285714286,549.1440959304218,2825.9285714285716,2755.214285714286,2765.1666666666665,2811.8333333333335,2870.4666666666667,550.7840858225679,3023.0546017310226,2922.815139865024,0.7818314824680298,0.7818314824680298,,550.7840858225683,2404.4422333446437,,11995.0548143808
2011-06-08,2787,2,8,2692.0,3756.0,2455.0,2511.0,2117.0,2147.0,2537.0,2922.0,3984.0,3111.1428571428573,499.9411393925743,2871.6428571428573,2764.1428571428573,2760.6666666666665,2791.883333333333,2872.7555555555555,550.0094879014441,2964.040951298267,2904.7064544189166,0.9749279121818236,0.9749279121818236,,550.0094879014445,2401.060734126798,,11995.0548143808
2011-06-09,2717,3,9,2787.0,2985.0,2588.0,2323.0,2100.0,2223.0,2204.0,2887.0,4036.0,3129.5714285714284,479.39887955051415,2906.9285714285716,2782.464285714286,2755.0,2769.9,2867.8,549.5385525053313,2902.2807134737,2879.678927006424,0.43388373911755823,0.43388373911755823,,549.5385525053317,2399.004870523006,,11995.0548143808
2011-06-10,3320,4,10,2717.0,2692.0,3143.0,3016.0,2556.0,2576.0,2866.0,2537.0,2946.0,3154.8571428571427,484.8619833077715,2960.0714285714284,2798.6785714285716,2781.1,2776.133333333333,2860.188888888889,557.3660562768913,3006.7105351052746,2938.388403724014,-0.433883739117558,-0.433883739117558,,557.3660562768916,2433.1757573268524,,11995.0548143808
2011-06-11,3490,5,11,3320.0,2787.0,3827.0,3713.0,3353.0,3142.0,3637.0,2204.0,2424.0,3106.714285714286,419.2985071464488,2984.9285714285716,2793.4285714285716,2823.9666666666667,2793.9,2854.8555555555554,560.8927295151792,3127.532901328956,3011.9366169065547,-0.9749279121818236,-0.9749279121818236,,560.8927295151797,2448.5714128942827,,11995.0548143808
2011-06-12,3477,6,12,3490.0,2717.0,3756.0,2886.0,3467.0,3120.0,3701.0,2866.0,2158.0,3066.8571428571427,355.7355893410325,3010.4285714285716,2785.4285714285716,2844.3333333333335,2815.883333333333,2862.5222222222224,573.4246986810654,3214.899675996717,3073.94506823831,-0.7818314824680299,-0.7818314824680299,,573.4246986810659,2503.279594748209,,11995.0548143808
2011-06-13,3056,0,13,3477.0,3320.0,2985.0,2922.0,2395.0,2798.0,2498.0,3637.0,2455.0,3077.0,354.0207150247976,3028.8571428571427,2805.3571428571427,2824.9666666666667,2825.9,2870.5555555555557,555.25362228217,3175.174756997538,3071.5523924647537,0.0,0.0,,555.2536222821706,2423.953948558586,,11995.0548143808
2011-06-14,2784,1,14,3056.0,3490.0,2692.0,2887.0,2088.0,2111.0,2064.0,3701.0,2764.0,3090.1428571428573,338.7228112441576,3076.9285714285716,2831.0714285714284,2794.4,2826.233333333333,2874.4777777777776,530.0326990563553,3077.381067748154,3033.212073352128,0.7818314824680298,0.7818314824680298,,530.0326990563559,2313.8522689185043,,11995.0548143808
2011-06-15,2576,2,15,2784.0,3477.0,2787.0,2537.0,2147.0,2455.0,2117.0,2498.0,3485.0,3060.0,377.3782364330718,3085.5714285714284,2847.464285714286,2797.0,2811.0833333333335,2876.722222222222,528.7182940685503,2952.035800811115,2972.2504634101683,0.9749279121818236,0.9749279121818236,,528.7182940685509,2308.114247530909,,11995.0548143808
2011-06-16,2440,3,16,2576.0,3056.0,2717.0,2204.0,2223.0,2588.0,2100.0,2064.0,3923.0,3020.4285714285716,430.16967859317344,3075.0,2859.6071428571427,2809.5333333333333,2786.366666666667,2874.188888888889,515.0224456664286,2824.026850608336,2901.2837347923632,0.43388373911755823,0.43388373911755823,,515.0224456664291,2248.325162901917,,11995.0548143808
2011-06-17,2889,4,17,2440.0,2784.0,3320.0,2866.0,2576.0,3143.0,2556.0,2117.0,2680.0,2958.8571428571427,410.5420922680289,3056.8571428571427,2871.5,2835.266666666667,2789.85,2861.4666666666667,498.2397244183819,2840.270137956252,2899.645903483452,-0.433883739117558,-0.433883739117558,,498.23972441838254,2175.0603667722535,,11995.0548143808
2011-06-18,3740,5,18,2889.0,2576.0,3490.0,3637.0,3142.0,3827.0,3353.0,2100.0,2164.0,2994.5714285714284,470.88776339408867,3050.6428571428573,2885.3214285714284,2889.9333333333334,2816.116666666667,2860.788888888889,504.71275089850815,3065.2026034671885,3011.693116545765,-0.9749279121818236,-0.9749279121818236,,504.7127508985089,2203.3182969612308,,11995.0548143808
2011-06-19,3013,6,19,3740.0,2440.0,3477.0,3701.0,3120.0,3756.0,3467.0,2556.0,2179.0,2928.285714285714,421.75376476711983,2997.5714285714284,2869.1071428571427,2905.1666666666665,2830.016666666667,2866.133333333333,501.17056655554757,3052.1519526003913,3011.867367673257,-0.7818314824680299,-0.7818314824680299,,501.17056655554825,2187.854927826687,,11995.0548143808
2011-06-20,2673,0,20,3013.0,2889.0,3056.0,2498.0,2798.0,2985.0,2395.0,3353.0,2421.0,2873.5714285714284,427.2317314771375,2975.285714285714,2879.035714285714,2882.5,2834.2166666666667,2869.233333333333,495.56375072686876,2957.363964450293,2966.6850519249,0.0,0.0,,495.5637507268694,2163.378431282806,,11995.0548143808
2011-06-21,2765,1,21,2673.0,3740.0,2784.0,2064.0,2111.0,2692.0,2088.0,3467.0,3078.0,2870.8571428571427,427.95538263212677,2980.5,2903.214285714286,2859.1,2829.0,2877.5555555555557,483.4380714895307,2909.2729733377196,2939.7937116380253,0.7818314824680298,0.7818314824680298,,483.43807148953135,2110.443903912242,,11995.0548143808
2011-06-22,2450,2,22,2765.0,3013.0,2576.0,2117.0,2455.0,2787.0,2147.0,2395.0,4089.0,2852.8571428571427,444.74465654329106,2956.4285714285716,2914.035714285714,2860.9333333333334,2801.6833333333334,2880.1666666666665,481.71861391117653,2794.4547300032896,2874.487883356015,0.9749279121818236,0.9749279121818236,,481.71861391117716,2102.9376296275286,,11995.0548143808
2011-06-23,2518,3,23,2450.0,2673.0,2440.0,2100.0,2588.0,2717.0,2223.0,2088.0,2843.0,2864.0,433.51201444327603,2942.214285714286,2924.5714285714284,2875.266666666667,2796.266666666667,2878.6666666666665,463.99858303390397,2725.341047502467,2826.9561655350903,0.43388373911755823,0.43388373911755823,,463.9985830339046,2025.581018000208,,11995.0548143808
2011-06-24,2980,4,24,2518.0,2765.0,2889.0,2556.0,3143.0,3320.0,2576.0,2147.0,2374.0,2877.0,435.74533847191134,2917.9285714285716,2939.0,2903.0333333333333,2806.366666666667,2869.4444444444443,443.38093556555623,2789.00578562685,2847.36201014534,-0.433883739117558,-0.433883739117558,,443.3809355655569,1935.574891096468,,11995.0548143808
2011-06-25,3219,5,25,2980.0,2450.0,3740.0,3353.0,3827.0,3490.0,3142.0,2223.0,2031.0,2802.5714285714284,280.67232207852715,2898.5714285714284,2941.75,2936.233333333333,2826.1666666666665,2862.1111111111113,427.7178963412381,2896.5043392201374,2896.9137421573787,-0.9749279121818236,-0.9749279121818236,,427.7178963412389,1867.1980552675254,,11995.0548143808
2011-06-26,3520,6,26,3219.0,2518.0,3013.0,3467.0,3756.0,3477.0,3120.0,2576.0,2025.0,2875.0,388.66523727581716,2901.6428571428573,2956.035714285714,2967.7,2851.0833333333335,2870.8888888888887,434.965171019473,3052.3782544151027,2979.991909915379,-0.7818314824680299,-0.7818314824680299,,434.9651710194738,1898.8359579621413,,11995.0548143808
2011-06-27,2797,0,27,3520.0,2980.0,2673.0,2395.0,2985.0,3056.0,2798.0,3142.0,2031.0,2892.714285714286,380.66770911374323,2883.1428571428573,2956.0,2956.2,2863.85,2878.3444444444444,434.7586250656391,2988.533690811327,2955.592988581709,0.0,0.0,,434.7586250656399,1897.9342837356915,,11995.0548143808
2011-06-28,2140,1,28,2797.0,3219.0,2765.0,2088.0,2692.0,2784.0,2111.0,3120.0,2613.0,2803.4285714285716,476.7794238928723,2837.1428571428573,2957.035714285714,2923.5333333333333,2855.9666666666667,2877.8777777777777,458.2114956138083,2776.400268108495,2846.8472567259323,0.7818314824680298,0.7818314824680298,,458.21149561380906,2000.3175476874187,,11995.0548143808
2011-06-29,2110,2,29,2140.0,3520.0,2450.0,2147.0,2787.0,2576.0,2455.0,2798.0,3480.0,2754.8571428571427,532.8115453489561,2803.8571428571427,2944.714285714286,2900.6,2833.133333333333,2873.9,481.34420976663,2609.800201081371,2748.6009557939988,0.9749279121818236,0.9749279121818236,,481.3442097666306,2101.3031722046303,,11995.0548143808
2011-06-30,2458,3,30,2110.0,2797.0,2518.0,2223.0,2717.0,2440.0,2588.0,2111.0,3568.0,2746.285714285714,537.7169993858956,2805.1428571428573,2940.0714285714284,2912.1666666666665,2814.633333333333,2863.8,465.62853948357656,2571.850150811028,2709.8541616761204,0.43388373911755823,0.43388373911755823,,465.62853948357724,2032.6965760328121,,11995.0548143808
2011-07-01,3553,4,1,2458.0,2140.0,2980.0,2576.0,3320.0,2889.0,3143.0,2455.0,2839.0,2828.1428571428573,616.9952535126531,2852.5714285714284,2954.714285714286,2948.766666666667,2826.5333333333333,2857.011111111111,471.56991534391875,2817.137613108271,2822.2736068161753,-0.433883739117558,-0.433883739117558,,471.56991534391943,2058.633590936658,,11995.0548143808
2011-07-02,4071,5,2,3553.0,2110.0,3219.0,3142.0,3490.0,3740.0,3827.0,2588.0,2716.0,2949.8571428571427,771.6133376615154,2876.214285714286,2963.4285714285716,2998.2,2849.116666666667,2855.366666666667,508.71415996777955,3130.6032098312035,2988.770459279454,-0.9749279121818236,-0.9749279121818236,,508.71415996778023,2220.786406891596,,11995.0548143808
2011-07-03,3795,6,3,4071.0,2458.0,3520.0,3120.0,3477.0,3013.0,3756.0,3143.0,2511.0,2989.1428571428573,811.4516680146826,2932.0714285714284,2964.8214285714284,3019.9333333333334,2870.516666666667,2858.4555555555557,528.6503918296181,3296.702407373403,3096.26773139722,-0.7818314824680299,-0.7818314824680299,,528.6503918296187,2307.8178210087385,,11995.0548143808
2011-07-04,2573,0,4,3795.0,3553.0,2797.0,2798.0,3056.0,2673.0,2985.0,3827.0,2323.0,2957.1428571428573,824.6020107848859,2924.9285714285716,2950.1071428571427,2978.133333333333,2874.6833333333334,2857.6111111111113,511.9483226434781,3115.776805530052,3026.498700532055,0.0,0.0,,511.9483226434787,2234.905110621648,,11995.0548143808
2011-07-05,3067,1,5,2573.0,4071.0,2140.0,2111.0,2784.0,2765.0,2692.0,3756.0,3016.0,3089.5714285714284,741.7766638602354,2946.5,2963.5,2955.1666666666665,2875.5333333333333,2863.788888888889,490.86967743983183,3103.5826041475393,3031.8988737952664,0.7818314824680298,0.7818314824680298,,490.8696774398325,2142.8865028696778,,11995.0548143808
2011-07-06,3420,2,6,3067.0,3795.0,2110.0,2455.0,2576.0,2450.0,2787.0,2985.0,3713.0,3276.714285714286,606.3361868044609,3015.785714285714,2986.1071428571427,2969.6666666666665,2870.65,2869.811111111111,498.1521255900496,3182.6869531106545,3083.645690629362,0.9749279121818236,0.9749279121818236,,498.1521255900503,2174.6779549926555,,11995.0548143808
2011-07-07,3240,3,7,3420.0,2573.0,2458.0,2588.0,2440.0,2518.0,2717.0,2692.0,2886.0,3388.4285714285716,491.52072087311075,3067.3571428571427,3004.785714285714,2987.9333333333334,2876.55,2870.5333333333333,497.66634254864636,3197.015214832991,3104.492931881154,0.43388373911755823,0.43388373911755823,,497.66634254864704,2172.557274146824,,11995.0548143808
2011-07-08,3159,4,8,3240.0,3067.0,3553.0,3143.0,2889.0,2980.0,3320.0,2787.0,2922.0,3332.1428571428573,492.09295482711315,3080.1428571428573,2999.035714285714,3000.3333333333335,2880.5,2861.366666666667,497.1213224107389,3187.5114111247435,3111.7605409643843,-0.433883739117558,-0.433883739117558,,497.12132241073954,2170.1779943685224,,11995.0548143808
2011-07-09,3816,5,9,3159.0,3420.0,4071.0,3827.0,3740.0,3219.0,3490.0,2717.0,2887.0,3295.714285714286,434.32925846862713,3122.785714285714,3010.6785714285716,3036.9666666666667,2895.983333333333,2858.9222222222224,515.6693997951178,3344.633558343558,3205.659135510496,-0.9749279121818236,-0.9749279121818236,,515.6693997951184,2251.149434463311,,11995.0548143808
2011-07-10,4180,6,10,3816.0,3240.0,3795.0,3756.0,3013.0,3520.0,3477.0,3320.0,2537.0,3350.714285714286,523.3468302778837,3169.9285714285716,3035.785714285714,3065.633333333333,2923.366666666667,2872.633333333333,554.396128969252,3553.4751687576686,3335.5712507853914,-0.7818314824680299,-0.7818314824680299,,554.3961289692526,2420.2105703647308,,11995.0548143808
2011-07-11,2737,0,11,4180.0,3159.0,2573.0,2985.0,2673.0,2797.0,3056.0,3490.0,2204.0,3374.1428571428573,484.9939616708091,3165.6428571428573,3024.3928571428573,3040.5333333333333,2932.25,2876.1111111111113,551.5592151492816,3349.3563765682516,3255.7617506755464,0.0,0.0,,551.5592151492822,2407.8260524081006,,11995.0548143808
2011-07-12,2312,1,12,2737.0,3816.0,3067.0,2692.0,2765.0,2140.0,2784.0,3477.0,2866.0,3266.285714285714,627.653490997945,3177.9285714285716,3007.535714285714,3001.7,2923.016666666667,2877.822222222222,560.7054146956002,3090.017282426189,3129.926850578469,0.7818314824680298,0.7818314824680298,,560.7054146956008,2447.753691985636,,11995.0548143808
2011-07-13,2421,2,13,2312.0,4180.0,3420.0,2787.0,2450.0,2110.0,2576.0,3056.0,3637.0,3123.5714285714284,696.6588971997851,3200.1428571428573,3002.0,2980.5333333333333,2902.75,2877.4444444444443,570.4852582539334,2922.7629618196415,3035.4032704967794,0.9749279121818236,0.9749279121818236,,570.4852582539339,2490.447497947806,,11995.0548143808
2011-07-14,2431,3,14,2421.0,2737.0,3240.0,2717.0,2518.0,2458.0,2440.0,2784.0,3701.0,3008.0,739.887829336313,3198.214285714286,3001.6785714285716,2968.766666666667,2881.5833333333335,2873.7444444444445,578.2660575663532,2799.822221364731,2954.816167760506,0.43388373911755823,0.43388373911755823,,578.2660575663538,2524.414496918049,,11995.0548143808
2011-07-15,2857,4,15,2431.0,2312.0,3159.0,3320.0,2980.0,3553.0,2889.0,2576.0,2498.0,2964.8571428571427,738.4189029206099,3148.5,3000.535714285714,2978.133333333333,2887.5666666666666,2866.766666666667,573.9443523027555,2814.116666023548,2941.7740120586327,-0.433883739117558,-0.433883739117558,,573.944352302756,2505.548137262171,,11995.0548143808
2011-07-16,3628,5,16,2857.0,2421.0,3816.0,3490.0,3219.0,4071.0,3740.0,2440.0,2064.0,2938.0,704.9633560216687,3116.8571428571427,2996.535714285714,3017.733333333333,2913.633333333333,2863.488888888889,576.5128783041836,3017.587499517661,3033.2708104536882,-0.9749279121818236,-0.9749279121818236,,576.5128783041841,2516.7610109712114,,11995.0548143808
2011-07-17,3529,6,17,3628.0,2431.0,4180.0,3477.0,3520.0,3795.0,3013.0,2889.0,2117.0,2845.0,536.6584885505245,3097.8571428571427,3014.964285714286,3039.0666666666666,2937.1666666666665,2872.9222222222224,583.3853008050528,3145.440624638246,3099.368035728329,-0.7818314824680299,-0.7818314824680299,,583.3853008050534,2546.762500360288,,11995.0548143808
2011-07-18,2850,0,18,3529.0,2857.0,2737.0,3056.0,2797.0,2573.0,2673.0,3740.0,2100.0,2861.1428571428573,534.5638186320473,3117.6428571428573,3021.285714285714,3009.4,2949.6666666666665,2880.5444444444443,568.963037403164,3071.580468478684,3066.118964297101,0.0,0.0,,568.9630374031645,2483.8022585585786,,11995.0548143808
2011-07-19,2310,1,19,2850.0,3628.0,2312.0,2784.0,2140.0,3067.0,2765.0,3013.0,2556.0,2860.8571428571427,534.9066674263306,3063.5714285714284,3005.035714285714,2985.9666666666667,2945.5666666666666,2882.0,583.1106527352532,2881.1853513590127,2965.3031023887597,0.7818314824680298,0.7818314824680298,,583.1106527352538,2545.563527050544,,11995.0548143808
2011-07-20,2453,2,20,2310.0,3529.0,2421.0,2576.0,2110.0,3420.0,2450.0,2673.0,3353.0,2865.4285714285716,530.6407627082745,2994.5,3005.1428571428573,2978.633333333333,2930.5666666666666,2882.3555555555554,588.5404203933501,2774.139013519259,2896.996022069048,0.9749279121818236,0.9749279121818236,,588.5404203933507,2569.2671216358513,,11995.0548143808
2011-07-21,2500,3,21,2453.0,2850.0,2431.0,2440.0,2458.0,3240.0,2518.0,2765.0,3467.0,2875.285714285714,521.7929711695099,2941.6428571428573,3004.5,2969.8,2914.45,2875.9333333333334,593.8223582044111,2705.6042601394442,2844.063219125696,0.43388373911755823,0.43388373911755823,,593.8223582044117,2592.325366552002,,11995.0548143808
2011-07-22,2979,4,22,2500.0,2310.0,2857.0,2889.0,3553.0,3159.0,2980.0,2450.0,2395.0,2892.714285714286,523.1162121637713,2928.785714285714,3004.464285714286,2987.4333333333334,2924.1833333333334,2863.6,585.6528737278993,2773.9531951045833,2862.054789909176,-0.433883739117558,-0.433883739117558,,585.6528737278999,2556.6615665156546,,11995.0548143808
2011-07-23,3770,5,23,2979.0,2453.0,3628.0,3740.0,4071.0,3816.0,3219.0,2518.0,2088.0,2913.0,557.9737150320499,2925.5,3024.1428571428573,3029.1666666666665,2952.2166666666667,2873.9,595.5722303878808,3022.964896328437,2983.1141512560157,-0.9749279121818236,-0.9749279121818236,,595.5722303878814,2599.9644154809594,,11995.0548143808
2011-07-24,3632,6,24,3770.0,2500.0,3529.0,3013.0,3795.0,4180.0,3520.0,2980.0,2147.0,2927.714285714286,577.9269602887306,2886.3571428571427,3028.1428571428573,3050.9,2976.9666666666667,2887.8777777777777,605.529198589818,3175.223672246328,3069.6322644227453,-0.7818314824680299,-0.7818314824680299,,605.5291985898185,2643.4314572438902,,11995.0548143808
2011-07-25,2643,0,25,3632.0,2979.0,2850.0,2673.0,2573.0,2737.0,2797.0,3219.0,2223.0,2898.1428571428573,587.7781408466491,2879.6428571428573,3022.6428571428573,3031.7,2983.9666666666667,2894.677777777778,609.1364237661547,3042.1677541847457,3012.7479624992197,0.0,0.0,,609.1364237661552,2659.1787614642267,,11995.0548143808
2011-07-26,2232,1,26,2643.0,3770.0,2310.0,2765.0,3067.0,2312.0,2140.0,3520.0,2576.0,2887.0,601.36843947783,2873.9285714285716,3025.9285714285716,2988.766666666667,2978.233333333333,2896.9777777777776,618.8463506777157,2839.6258156385593,2908.648234165209,0.7818314824680298,0.7818314824680298,,618.8463506777163,2701.567347027624,,11995.0548143808
2011-07-27,2239,2,27,2232.0,3632.0,2453.0,2450.0,3420.0,2421.0,2110.0,2797.0,3142.0,2856.4285714285716,631.7791959070452,2860.9285714285716,3030.535714285714,2970.1666666666665,2963.1833333333334,2899.288888888889,633.0318444533054,2689.4693617289195,2819.3618029426,0.9749279121818236,0.9749279121818236,,633.031844453306,2763.4939734731506,,11995.0548143808
2011-07-28,2417,3,28,2239.0,2643.0,2500.0,2518.0,3240.0,2431.0,2458.0,2140.0,3120.0,2844.5714285714284,640.3048381156322,2859.9285714285716,3029.0714285714284,2979.4,2951.4666666666667,2897.1111111111113,622.4370678617042,2621.352021296689,2765.713562549951,0.43388373911755823,0.43388373911755823,,622.4370678617047,2717.2425857780026,,11995.0548143808
2011-07-29,2820,4,29,2417.0,2232.0,2979.0,2980.0,3159.0,2857.0,3553.0,2110.0,2798.0,2821.8571428571427,637.5555998163163,2857.285714285714,3002.8928571428573,3003.0666666666666,2951.8333333333335,2889.777777777778,601.3822545535858,2671.0140159725165,2772.951754209993,-0.433883739117558,-0.433883739117558,,601.3822545535863,2625.328015919615,,11995.0548143808
2011-07-30,2845,5,30,2820.0,2239.0,3770.0,3219.0,3816.0,3628.0,4071.0,2458.0,2111.0,2689.714285714286,486.17408208916004,2801.3571428571427,2959.1071428571427,3015.9666666666667,2964.0666666666666,2881.7444444444445,593.3845925811046,2714.5105119793875,2782.558186982035,-0.9749279121818236,-0.9749279121818236,,593.384592581105,2590.414305248528,,11995.0548143808
2011-07-31,3370,6,31,2845.0,2417.0,3632.0,3520.0,4180.0,3529.0,3795.0,3553.0,2455.0,2652.285714285714,404.81918362223206,2790.0,2943.9285714285716,3009.866666666667,2979.3166666666666,2887.6444444444446,588.5948043248094,2878.3828839845405,2860.8837620513846,-0.7818314824680299,-0.7818314824680299,,588.59480432481,2569.504534126484,,11995.0548143808
2011-08-01,2745,0,1,3370.0,2820.0,2643.0,2797.0,2737.0,2850.0,2573.0,4071.0,2588.0,2666.8571428571427,406.26240640396685,2782.5,2950.0714285714284,2965.6666666666665,2981.9333333333334,2887.9666666666667,554.990297108929,2845.0371629884053,2845.4325937778176,0.0,0.0,,554.9902971089296,2422.8044052367272,,11995.0548143808
2011-08-02,2906,1,2,2745.0,2845.0,2232.0,2140.0,2312.0,2310.0,3067.0,3795.0,3143.0,2763.1428571428573,363.6589192138826,2825.0714285714284,2944.3214285714284,2936.0333333333333,2977.983333333333,2892.3555555555554,532.4580270544454,2860.2778722413036,2853.5082479407974,0.7818314824680298,0.7818314824680298,,532.458027054446,2324.4400132241735,,11995.0548143808
2011-08-03,2848,2,3,2906.0,3370.0,2239.0,2110.0,2421.0,2453.0,3420.0,2573.0,3827.0,2850.1428571428573,280.7664679476694,2853.285714285714,2923.8928571428573,2945.2,2961.6666666666665,2898.188888888889,528.3438927114775,2857.2084041809776,2852.7738148820226,0.9749279121818236,0.9749279121818236,,528.343892711478,2306.4798022766977,,11995.0548143808
2011-08-04,2902,3,4,2848.0,2745.0,2417.0,2458.0,2431.0,2500.0,3240.0,3067.0,3756.0,2919.4285714285716,205.93353065399435,2882.0,2911.8214285714284,2939.7,2947.4333333333334,2896.9222222222224,527.8908684240685,2868.406303135733,2859.3373062311002,0.43388373911755823,0.43388373911755823,,527.890868424069,2304.50212943281,,11995.0548143808
2011-08-05,3319,4,5,2902.0,2906.0,2820.0,3553.0,2857.0,2979.0,3159.0,3420.0,2985.0,2990.714285714286,247.87477637288106,2906.285714285714,2917.535714285714,2936.3333333333335,2953.0,2892.5444444444443,525.0364409903526,2981.0547273517996,2920.625665400397,-0.433883739117558,-0.433883739117558,,525.0364409903532,2292.0411559764075,,11995.0548143808
2011-08-06,3686,5,6,3319.0,2848.0,2845.0,4071.0,3628.0,3770.0,3816.0,3240.0,2692.0,3110.8571428571427,348.7599119601879,2900.285714285714,2912.8928571428573,2951.2,2969.5666666666666,2901.4333333333334,540.031633811614,3157.29104551385,3022.6755766805027,-0.9749279121818236,-0.9749279121818236,,540.0316338116147,2357.5025152361636,,11995.0548143808
2011-08-07,3798,6,7,3686.0,2902.0,3370.0,3795.0,3529.0,3632.0,4180.0,3159.0,2787.0,3172.0,429.85307567431556,2912.1428571428573,2899.25,2972.5,2986.4166666666665,2911.1666666666665,560.7159678052016,3317.4682841353874,3126.052166456575,-0.7818314824680299,-0.7818314824680299,,560.7159678052021,2447.799761476516,,11995.0548143808
2011-08-08,3149,0,8,3798.0,3319.0,2745.0,2573.0,2850.0,2643.0,2737.0,3816.0,2717.0,3229.714285714286,388.0561446860158,2948.285714285714,2913.964285714286,2950.266666666667,2993.616666666667,2914.0777777777776,538.9165333194532,3275.351213101541,3129.111877595702,0.0,0.0,,538.9165333194538,2352.634555564143,,11995.0548143808
2011-08-09,2782,1,9,3149.0,3686.0,2906.0,3067.0,2310.0,2232.0,2312.0,4180.0,3320.0,3212.0,407.63259601427336,2987.5714285714284,2930.75,2903.6666666666665,2984.65,2916.8,486.8414266603076,3152.013409826156,3082.830293916228,0.7818314824680298,0.7818314824680298,,486.8414266603083,2125.30121573066,,11995.0548143808
2011-08-10,2609,2,10,2782.0,3798.0,2848.0,3420.0,2453.0,2239.0,2421.0,2737.0,3490.0,3177.8571428571427,450.9136756155717,3014.0,2937.464285714286,2899.4,2969.9666666666667,2921.3,488.90896127376635,3016.260057369617,3019.652921394009,0.9749279121818236,0.9749279121818236,,488.908961273767,2134.3270167141386,,11995.0548143808
2011-08-11,2615,3,11,2609.0,3149.0,2902.0,3240.0,2500.0,2417.0,2431.0,2312.0,3477.0,3136.8571428571427,491.406630185713,3028.1428571428573,2944.035714285714,2909.5,2955.6,2918.511111111111,479.3929890299132,2915.9450430272123,2965.6991985414334,0.43388373911755823,0.43388373911755823,,479.3929890299139,2092.7851382477616,,11995.0548143808
2011-08-12,3173,4,12,2615.0,2782.0,3319.0,3159.0,2979.0,2820.0,2857.0,2421.0,3056.0,3116.0,485.4496197684525,3053.3571428571427,2955.3214285714284,2934.5666666666666,2957.55,2913.3555555555554,472.58136926323334,2980.208782270409,2993.3393054025937,-0.433883739117558,-0.433883739117558,,472.581369263234,2063.0490825662864,,11995.0548143808
2011-08-13,3963,5,13,3173.0,2609.0,3686.0,3816.0,3770.0,2845.0,3628.0,2431.0,2784.0,3155.5714285714284,547.0398697056926,3133.214285714286,2967.285714285714,2985.633333333333,2977.2,2916.266666666667,498.3601718832875,3225.906586702807,3122.627398015655,-0.9749279121818236,-0.9749279121818236,,498.3601718832881,2175.586178935264,,11995.0548143808
2011-08-14,4082,6,14,3963.0,2615.0,3798.0,4180.0,3632.0,3370.0,3529.0,2857.0,2576.0,3196.1428571428573,609.5830346970612,3184.0714285714284,2987.035714285714,3026.4666666666667,3002.3,2933.866666666667,536.2055533116924,3439.9299400271057,3250.5437449469646,-0.7818314824680299,-0.7818314824680299,,536.2055533116929,2340.7998003629677,,11995.0548143808
2011-08-15,2775,0,15,4082.0,3173.0,3149.0,2737.0,2643.0,2745.0,2850.0,3628.0,2440.0,3142.714285714286,630.4370743872117,3186.214285714286,2984.3571428571427,2998.0333333333333,3007.883333333333,2941.766666666667,525.7216703852364,3273.6974550203295,3187.1379122873423,0.0,0.0,,525.7216703852371,2295.0325178167323,,11995.0548143808
2011-08-16,2618,1,16,2775.0,3963.0,2782.0,2312.0,2232.0,2906.0,2310.0,3529.0,2889.0,3119.285714285714,648.854558506943,3165.6428571428573,2995.3571428571427,2967.6666666666665,3003.366666666667,2947.3333333333335,520.2768051941083,3109.7730912652473,3111.2528573156687,0.7818314824680298,0.7818314824680298,,520.276805194109,2271.263015107037,,11995.0548143808
2011-08-17,2492,2,17,2618.0,4082.0,2609.0,2421.0,2239.0,2848.0,2453.0,2850.0,3740.0,3102.5714285714284,665.4839985912164,3140.214285714286,2996.75,2955.733333333333,2982.5666666666666,2951.688888888889,527.1292410610598,2955.3298184489354,3028.6858096735527,0.9749279121818236,0.9749279121818236,,527.1292410610605,2301.1772530523426,,11995.0548143808
2011-08-18,2509,3,18,2492.0,2775.0,2615.0,2431.0,2417.0,2902.0,2500.0,2310.0,3013.0,3087.4285714285716,679.4862905516347,3112.1428571428573,2997.0714285714284,2962.366666666667,2974.1666666666665,2951.1666666666665,519.9260878063428,2843.7473638367014,2959.3943683837265,0.43388373911755823,0.43388373911755823,,519.9260878063435,2269.731961976023,,11995.0548143808
2011-08-19,3001,4,19,2509.0,2618.0,3173.0,2857.0,2820.0,3319.0,2979.0,2453.0,2673.0,3062.8571428571427,678.9858684271794,3089.4285714285716,2997.8571428571427,2980.633333333333,2979.633333333333,2947.2555555555555,510.96254558284926,2883.0605228775257,2964.941785932564,-0.433883739117558,-0.433883739117558,,510.9625455828499,2230.6017110531975,,11995.0548143808
2011-08-20,3611,5,20,3001.0,2492.0,3963.0,3628.0,2845.0,3686.0,3770.0,2500.0,2765.0,3012.5714285714284,610.823721745988,3084.0714285714284,2992.1785714285716,3017.6666666666665,2993.733333333333,2948.8555555555554,515.1701649460828,3065.0453921581443,3051.0828811415736,-0.9749279121818236,-0.9749279121818236,,515.1701649460833,2248.9700298903113,,11995.0548143808
2011-08-21,4338,6,21,3611.0,2509.0,4082.0,3529.0,3370.0,3798.0,3632.0,2979.0,2450.0,3049.1428571428573,688.2774219192512,3122.6428571428573,3017.3928571428573,3062.9666666666667,3025.2,2970.4444444444443,568.6290520634465,3383.2840441186086,3222.6718303227285,-0.7818314824680299,-0.7818314824680299,,568.629052063447,2482.3442490103625,,11995.0548143808
2011-08-22,2624,0,22,4338.0,3001.0,2775.0,2850.0,2745.0,3149.0,2643.0,3770.0,2518.0,3027.5714285714284,700.5580768556025,3085.1428571428573,3016.714285714286,3024.766666666667,3026.9666666666667,2976.4,557.8854587255977,3193.4630330889568,3142.8489196130186,0.0,0.0,,557.8854587255983,2435.4432033477515,,11995.0548143808
2011-08-23,2168,1,23,2624.0,3611.0,2618.0,2310.0,2906.0,2782.0,2232.0,3632.0,2980.0,2963.285714285714,762.329262695527,3041.285714285714,3014.4285714285716,2975.9666666666667,3013.4333333333334,2976.633333333333,566.8948381060318,2937.0972748167173,3012.8690636645983,0.7818314824680298,0.7818314824680298,,566.8948381060324,2474.7735559053936,,11995.0548143808
2011-08-24,2369,2,24,2168.0,4338.0,2492.0,2453.0,2848.0,2609.0,2239.0,2643.0,3219.0,2945.714285714286,776.292409316171,3024.1428571428573,3019.0714285714284,2966.8333333333335,2999.266666666667,2978.2555555555555,574.5991756378336,2795.0729561125377,2927.019855175975,0.9749279121818236,0.9749279121818236,,574.5991756378342,2508.406761762714,,11995.0548143808
2011-08-25,2403,3,25,2369.0,2624.0,2509.0,2500.0,2902.0,2615.0,2417.0,2232.0,3520.0,2930.5714285714284,787.1884266474068,3009.0,3018.5714285714284,2972.5333333333333,2980.65,2976.3333333333335,567.8670153534509,2697.054717084403,2857.1505411525045,0.43388373911755823,0.43388373911755823,,567.8670153534515,2479.017585629855,,11995.0548143808
2011-08-26,2808,4,26,2403.0,2168.0,3001.0,2979.0,3319.0,3173.0,2820.0,2239.0,2797.0,2903.0,787.6902944685814,2982.9285714285716,3018.1428571428573,2991.5,2980.8333333333335,2972.6222222222223,551.7971735064024,2724.791037813302,2850.597135665503,-0.433883739117558,-0.433883739117558,,551.7971735064029,2408.8648571563967,,11995.0548143808
2011-08-27,3659,5,27,2808.0,2369.0,3611.0,3770.0,3686.0,3963.0,2845.0,2417.0,2140.0,2909.8571428571427,795.0554338265624,2961.214285714286,3047.214285714286,3032.9,3006.15,2978.6111111111113,553.7960131112632,2958.343278359976,2958.3841842434445,-0.9749279121818236,-0.9749279121818236,,553.7960131112637,2417.590770789924,,11995.0548143808
2011-08-28,3603,6,28,3659.0,2403.0,4338.0,3632.0,3798.0,4082.0,3370.0,2820.0,2110.0,2804.8571428571427,599.4940724120153,2927.0,3055.535714285714,3059.0,3031.0333333333333,2987.5555555555557,561.8093307679484,3119.5074587699823,3044.3329596776575,-0.7818314824680299,-0.7818314824680299,,561.809330767949,2452.572826188575,,11995.0548143808
2011-08-29,2322,0,29,3603.0,2808.0,2624.0,2643.0,3149.0,2775.0,2745.0,2845.0,2458.0,2761.714285714286,625.0028571363262,2894.6428571428573,3040.4285714285716,3041.5666666666666,3028.766666666667,2989.9,576.5987479104973,2920.1305940774864,2948.0218983872974,0.0,0.0,,576.5987479104979,2517.135873849962,,11995.0548143808
2011-08-30,2061,1,30,2322.0,3659.0,2168.0,2232.0,2782.0,2618.0,2906.0,3370.0,3553.0,2746.4285714285716,642.9929644879109,2854.8571428571427,3010.25,2997.9333333333334,3003.9,2985.5222222222224,599.9437866387452,2705.3479455581146,2829.752311935652,0.7818314824680298,0.7818314824680298,,599.9437866387458,2619.0483991064525,,11995.0548143808
2011-08-31,2219,2,31,2061.0,3603.0,2369.0,2239.0,2609.0,2492.0,2848.0,2745.0,4071.0,2725.0,659.9436844660806,2835.3571428571427,2987.785714285714,2980.4,2973.0333333333333,2981.4222222222224,615.0857299372286,2583.7609591685855,2748.318670344228,0.9749279121818236,0.9749279121818236,,615.0857299372292,2685.1503960575988,,11995.0548143808
2011-09-01,2580,3,1,2219.0,2322.0,2403.0,2417.0,2615.0,2509.0,2902.0,2906.0,3795.0,2750.285714285714,648.847623171448,2840.4285714285716,2976.285714285714,2969.5333333333333,2952.7833333333333,2975.1666666666665,619.3106698153408,2582.820719376439,2725.876180964997,0.43388373911755823,0.43388373911755823,,619.3106698153414,2703.594327423378,,11995.0548143808
2011-09-02,3331,4,2,2580.0,2061.0,2808.0,2820.0,3173.0,3001.0,3319.0,2848.0,2573.0,2825.0,685.667801003761,2864.0,2976.714285714286,2985.633333333333,2965.4166666666665,2969.6555555555556,622.3131755842444,2769.865539532329,2806.5593568363333,-0.433883739117558,-0.433883739117558,,622.313175584245,2716.701735321395,,11995.0548143808
2011-09-03,4000,5,3,3331.0,2219.0,3659.0,2845.0,3963.0,3611.0,3686.0,2902.0,3067.0,2873.714285714286,762.59419402583,2891.785714285714,2987.9285714285716,3022.233333333333,2980.9666666666667,2972.366666666667,648.9433152724365,3077.399154649247,2965.6847759248267,-0.9749279121818236,-0.9749279121818236,,648.943315272437,2832.955334861276,,11995.0548143808
2011-09-04,3443,6,4,4000.0,2580.0,3603.0,3370.0,4082.0,4338.0,3798.0,3319.0,3420.0,2850.8571428571427,739.1290885385379,2827.8571428571427,2975.25,3026.366666666667,2981.35,2977.4555555555557,651.2893569196267,3168.7993659869353,3029.3268058015183,-0.7818314824680299,-0.7818314824680299,,651.2893569196272,2843.1969554216544,,11995.0548143808
2011-09-05,3412,0,5,3443.0,3331.0,2322.0,2745.0,2775.0,2624.0,3149.0,3686.0,3240.0,3006.5714285714284,723.8017355470722,2884.1428571428573,2984.6428571428573,3017.233333333333,2984.2166666666667,2985.4555555555557,643.5958082273496,3229.5995244902015,3080.3498983613167,0.0,0.0,,643.5958082273501,2809.6108481317574,,11995.0548143808
2011-09-06,3065,1,6,3412.0,4000.0,2061.0,2906.0,2618.0,2168.0,2782.0,3798.0,3159.0,3150.0,592.823751211102,2948.214285714286,2994.75,2992.8,2982.65,2988.5444444444443,626.6227705340141,3188.4496433676513,3078.3032452464745,0.7818314824680298,0.7818314824680298,,626.6227705340145,2735.5152275274368,,11995.0548143808
2011-09-07,2586,2,7,3065.0,3443.0,2219.0,2848.0,2492.0,2369.0,2609.0,3149.0,3816.0,3202.4285714285716,506.74347788694365,2963.714285714286,2993.9285714285716,2974.0333333333333,2962.15,2987.088888888889,630.2038249007537,3037.8372325257383,3012.6628125469433,0.9749279121818236,0.9749279121818236,,630.2038249007543,2751.148283348999,,11995.0548143808
2011-09-08,2742,3,8,2586.0,3412.0,2580.0,2902.0,2509.0,2403.0,2615.0,2782.0,4180.0,3225.5714285714284,476.36850481634025,2987.9285714285716,2998.464285714286,2972.7,2938.1833333333334,2980.6666666666665,630.666267830546,2963.8779243943036,2976.5744375406834,0.43388373911755823,0.43388373911755823,,630.6662678305465,2753.167073178853,,11995.0548143808
2011-09-09,3159,4,9,2742.0,3065.0,3331.0,3319.0,3001.0,2808.0,3173.0,2609.0,2737.0,3201.0,474.45617992251897,3013.0,2997.964285714286,2991.0333333333333,2945.2166666666667,2976.988888888889,627.7163033339694,3012.6584432957275,3000.8978458685924,-0.433883739117558,-0.433883739117558,,627.7163033339699,2740.2890336620735,,11995.0548143808
2011-09-10,3774,5,10,3159.0,2586.0,4000.0,3686.0,3611.0,3659.0,3963.0,2615.0,2312.0,3168.714285714286,414.9866320279577,3021.214285714286,2991.214285714286,3029.6666666666665,2969.5833333333335,2980.288888888889,639.3332913835034,3202.993832471796,3103.978133086114,-0.9749279121818236,-0.9749279121818236,,639.3332913835039,2791.00287491049,,11995.0548143808
2011-09-11,3965,6,11,3774.0,2742.0,3443.0,3798.0,4338.0,3603.0,4082.0,3173.0,2421.0,3243.285714285714,508.78866414446384,3047.0714285714284,2987.035714285714,3056.0666666666666,2995.3166666666666,2990.3888888888887,661.4263549243445,3393.495374353847,3218.781048674633,-0.7818314824680299,-0.7818314824680299,,661.426354924345,2887.4499154277023,,11995.0548143808
2011-09-12,2762,0,12,3965.0,3159.0,3412.0,3149.0,2624.0,2322.0,2775.0,3963.0,2431.0,3150.4285714285716,531.6655769506696,3078.5,2986.5714285714284,3016.0333333333333,3000.8333333333335,2990.1444444444446,640.6604072917756,3235.6215307653856,3157.876908851348,0.0,0.0,,640.6604072917761,2796.7963856899955,,11995.0548143808
2011-09-13,2331,1,13,2762.0,3774.0,3065.0,2782.0,2168.0,2061.0,2618.0,4082.0,2857.0,3045.5714285714284,616.8751513725888,3097.785714285714,2976.3214285714284,2957.6666666666665,2992.0666666666666,2987.4222222222224,619.6136912922287,3009.4661480740388,3047.6266543378347,0.7818314824680298,0.7818314824680298,,619.6136912922293,2704.917164548477,,11995.0548143808
2011-09-14,2118,2,14,2331.0,3965.0,2586.0,2609.0,2369.0,2219.0,2492.0,2775.0,3628.0,2978.714285714286,695.3540379513443,3090.5714285714284,2962.964285714286,2935.766666666667,2966.9,2983.8444444444444,637.6410558393758,2786.599611055529,2923.676433759456,0.9749279121818236,0.9749279121818236,,637.6410558393762,2783.615438134805,,11995.0548143808
2011-09-15,2321,3,15,2118.0,2762.0,2742.0,2615.0,2403.0,2580.0,2509.0,2618.0,3529.0,2918.5714285714284,736.2447186325255,3072.0714285714284,2956.25,2925.866666666667,2946.766666666667,2977.5333333333333,645.0078712876211,2670.1997082916464,2843.3195759248615,0.43388373911755823,0.43388373911755823,,645.0078712876217,2815.77519482524,,11995.0548143808
2011-09-16,2747,4,16,2321.0,2331.0,3159.0,3173.0,2808.0,3331.0,3001.0,2492.0,2850.0,2859.714285714286,730.2647269508312,3030.3571428571427,2947.1785714285716,2934.366666666667,2945.05,2966.5,640.7593815602477,2689.399781218735,2830.4769658015466,-0.433883739117558,-0.433883739117558,,640.7593815602482,2797.2284568359387,,11995.0548143808
2011-09-17,3394,5,17,2747.0,2118.0,3774.0,3963.0,3659.0,4000.0,3611.0,2509.0,2310.0,2805.4285714285716,661.8954744124025,2987.0714285714284,2939.4285714285716,2963.866666666667,2963.116666666667,2970.733333333333,640.8728817594894,2865.549835914051,2905.6133703613405,-0.9749279121818236,-0.9749279121818236,,640.8728817594898,2797.7239407825055,,11995.0548143808
2011-09-18,3599,6,18,3394.0,2321.0,3965.0,4082.0,3603.0,3443.0,4338.0,3001.0,2453.0,2753.1428571428573,561.9381426727289,2998.214285714286,2913.035714285714,2983.8,2982.2166666666667,2981.0222222222224,651.2830519774817,3048.9123769355383,2998.0649209798285,-0.7818314824680299,-0.7818314824680299,,651.2830519774822,2843.1694312618924,,11995.0548143808
2011-09-19,2552,0,19,3599.0,2747.0,2762.0,2775.0,2322.0,3412.0,2624.0,3611.0,2500.0,2723.1428571428573,566.9695549061483,2936.785714285714,2910.464285714286,2948.5,2983.0833333333335,2978.6555555555556,644.7829760523275,2924.6842827016535,2938.589598182518,0.0,0.0,,644.782976052328,2814.7934170002486,,11995.0548143808
2011-09-20,2496,1,20,2552.0,3394.0,2331.0,2618.0,2061.0,3065.0,2168.0,4338.0,2979.0,2746.714285714286,551.1586929024205,2896.1428571428573,2922.1785714285716,2887.1,2975.0333333333333,2979.1666666666665,593.5734768449422,2817.51321202624,2879.5776517581817,0.7818314824680298,0.7818314824680298,,593.5734768449428,2591.238877549863,,11995.0548143808
2011-09-21,2368,2,21,2496.0,3599.0,2118.0,2492.0,2219.0,2586.0,2369.0,2624.0,3770.0,2782.4285714285716,510.2074274720226,2880.5714285714284,2922.1428571428573,2878.5666666666666,2951.6666666666665,2977.5,599.2988249689762,2705.13490901968,2811.3672981904238,0.9749279121818236,0.9749279121818236,,599.2988249689766,2616.2328256038786,,11995.0548143808
2011-09-22,2313,3,22,2368.0,2552.0,2321.0,2509.0,2580.0,2742.0,2403.0,2168.0,3632.0,2781.285714285714,511.4208033461664,2849.9285714285716,2918.9285714285716,2883.4,2929.6833333333334,2970.088888888889,593.9311814308642,2607.10118176476,2744.918325098367,0.43388373911755823,0.43388373911755823,,593.9311814308647,2592.800433222205,,11995.0548143808
2011-09-23,3409,4,23,2313.0,2496.0,2747.0,3001.0,3331.0,3159.0,2808.0,2369.0,2643.0,2875.8571428571427,562.6649176231002,2867.785714285714,2940.3928571428573,2918.0666666666666,2942.45,2972.2,593.2222897510436,2807.57588632357,2833.462548418585,-0.433883739117558,-0.433883739117558,,593.2222897510442,2589.7057739215797,,11995.0548143808
2011-09-24,3961,5,24,3409.0,2368.0,3394.0,3611.0,4000.0,3774.0,3659.0,2403.0,2232.0,2956.8571428571427,678.5630475672917,2881.1428571428573,2951.1785714285716,2970.0,2971.266666666667,2977.1,614.3954696312856,3095.9319147426777,2983.800875296107,-0.9749279121818236,-0.9749279121818236,,614.395469631286,2682.1370718270477,,11995.0548143808
2011-09-25,3999,6,25,3961.0,2313.0,3599.0,4338.0,3443.0,3965.0,3603.0,2808.0,2239.0,3014.0,754.2705085047417,2883.5714285714284,2965.3214285714284,3009.7,3000.6,2990.4555555555557,641.4500356815498,3321.6989360570083,3119.1607585899596,-0.7818314824680299,-0.7818314824680299,,641.4500356815503,2800.2435002633683,,11995.0548143808
2011-09-26,2776,0,26,3999.0,3409.0,2552.0,2624.0,3412.0,2762.0,2322.0,3659.0,2417.0,3046.0,735.9320620818213,2884.5714285714284,2981.535714285714,2980.266666666667,3006.5833333333335,2997.5222222222224,630.7992157372362,3185.2742020427563,3073.405990777965,0.0,0.0,,630.7992157372366,2753.7474558912604,,11995.0548143808
2011-09-27,2392,1,27,2776.0,3961.0,2496.0,2168.0,3065.0,2331.0,2061.0,3603.0,2820.0,3031.1428571428573,749.8051810462575,2888.9285714285716,2993.3571428571427,2939.9,2999.45,3000.6555555555556,628.3173670949285,2986.955651532067,2982.5518586742364,0.7818314824680298,0.7818314824680298,,628.3173670949291,2742.912971297499,,11995.0548143808
2011-09-28,2541,2,28,2392.0,3999.0,2368.0,2369.0,2586.0,2118.0,2219.0,2322.0,2845.0,3055.8571428571427,726.8026849545513,2919.1428571428573,3004.8571428571427,2947.2,2994.383333333333,3001.5777777777776,622.1326169744261,2875.46673864905,2923.6782775176716,0.9749279121818236,0.9749279121818236,,622.1326169744267,2715.913508576621,,11995.0548143808
2011-09-29,2390,3,29,2541.0,2776.0,2313.0,2403.0,2742.0,2321.0,2580.0,2061.0,3370.0,3066.8571428571427,714.1585791618539,2924.0714285714284,2998.0714285714284,2958.1666666666665,2978.05,2988.6555555555556,608.7277339032519,2754.1000539867873,2852.5211738486487,0.43388373911755823,0.43388373911755823,,608.7277339032523,2657.3946300922466,,11995.0548143808
2011-09-30,3529,4,30,2390.0,2392.0,3409.0,2808.0,3159.0,2747.0,3331.0,2219.0,2745.0,3084.0,725.0967751502798,2979.9285714285716,3005.1428571428573,3001.8333333333335,2991.116666666667,2982.633333333333,600.8102048890731,2947.8250404900905,2942.718350668829,-0.433883739117558,-0.433883739117558,,600.8102048890737,2622.830739022316,,11995.0548143808
2011-10-01,4926,5,1,3529.0,2541.0,3961.0,3659.0,3774.0,3394.0,4000.0,2580.0,2906.0,3221.8571428571427,969.999558173686,3089.3571428571427,3038.214285714286,3080.0333333333333,3024.7833333333333,2995.2,690.0582425860289,3442.368780367568,3207.1559039129847,-0.9749279121818236,-0.9749279121818236,,690.0582425860293,3012.4421250543087,,11995.0548143808
2011-10-02,4563,6,2,4926.0,2390.0,3999.0,3603.0,3965.0,3599.0,3443.0,3331.0,2848.0,3302.4285714285716,1064.1636555127643,3158.214285714286,3078.214285714286,3121.1,3053.366666666667,3017.311111111111,740.3364263211218,3722.526585275676,3387.935116724587,-0.7818314824680299,-0.7818314824680299,,740.3364263211223,3231.931016437172,,11995.0548143808
2011-10-03,3224,0,3,4563.0,3529.0,2776.0,2322.0,2762.0,2552.0,3412.0,4000.0,2902.0,3366.4285714285716,1040.4340211570154,3206.214285714286,3071.5,3095.233333333333,3058.733333333333,3019.0555555555557,721.8962903513132,3597.894938956757,3366.0771011613087,0.0,0.0,,721.8962903513136,3151.430793471926,,11995.0548143808
2011-10-04,3131,1,4,3224.0,4926.0,2392.0,2061.0,2331.0,2496.0,3065.0,3443.0,3319.0,3472.0,959.4196162263961,3251.5714285714284,3073.8571428571427,3084.8333333333335,3055.6,3015.8444444444444,718.9548488692755,3481.1712042175677,3334.7334876731343,0.7818314824680298,0.7818314824680298,,718.9548488692759,3138.589961087017,,11995.0548143808
2011-10-05,2728,2,5,3131.0,4563.0,2541.0,2219.0,2118.0,2368.0,2586.0,3412.0,3686.0,3498.714285714286,931.3695496929473,3277.285714285714,3078.9285714285716,3062.0333333333333,3039.633333333333,3010.1555555555556,719.0674748125746,3292.878403163176,3253.8356893167165,0.9749279121818236,0.9749279121818236,,719.067474812575,3139.0816284783036,,11995.0548143808
2011-10-06,2617,3,6,2728.0,3224.0,2390.0,2580.0,2321.0,2313.0,2742.0,3065.0,3798.0,3531.1428571428573,889.3356000542287,3299.0,3074.464285714286,3047.1,3019.95,3004.133333333333,723.6411451103032,3123.908802372382,3168.9242640744874,0.43388373911755823,0.43388373911755823,,723.6411451103037,3159.047938886182,,11995.0548143808
2011-10-07,3469,4,7,2617.0,3131.0,3529.0,3331.0,2747.0,3409.0,3159.0,2586.0,3149.0,3522.5714285714284,889.648780351526,3303.285714285714,3085.535714285714,3076.5333333333333,3025.2833333333333,3000.277777777778,722.1957769399404,3210.1816017792867,3208.9343621978887,-0.433883739117558,-0.433883739117558,,722.1957769399409,3152.738199078862,,11995.0548143808
2011-10-08,4515,5,8,3469.0,2728.0,4926.0,4000.0,3394.0,3961.0,3774.0,2742.0,2782.0,3463.8571428571427,789.5168202918887,3342.8571428571427,3112.0,3135.633333333333,3054.1666666666665,3004.0,765.144227257676,3536.386201334465,3383.07644723817,-0.9749279121818236,-0.9749279121818236,,765.1442272576763,3340.2292149938253,,11995.0548143808
2011-10-09,4300,6,9,4515.0,2617.0,4563.0,3443.0,3599.0,3999.0,3965.0,3159.0,2609.0,3426.285714285714,732.707243557691,3364.3571428571427,3123.964285714286,3173.6666666666665,3082.35,3021.366666666667,794.1539125267898,3727.289651000849,3505.3329209397475,-0.7818314824680299,-0.7818314824680299,,794.1539125267902,3466.8706961704684,,11995.0548143808
2011-10-10,3501,0,10,4300.0,3469.0,3224.0,3412.0,2552.0,2776.0,2762.0,3774.0,2615.0,3465.8571428571427,727.4224880978599,3416.1428571428573,3150.3571428571427,3164.5666666666666,3097.116666666667,3034.5777777777776,788.5822146075838,3670.717238250637,3504.7551981477814,0.0,0.0,,788.5822146075842,3442.5475064973866,,11995.0548143808
2011-10-11,3051,1,11,3501.0,4515.0,3131.0,3065.0,2496.0,2392.0,2331.0,3965.0,3173.0,3454.4285714285716,734.1575346710612,3463.214285714286,3176.0714285714284,3134.1,3095.0833333333335,3041.5777777777776,774.1146823173614,3515.787928687978,3444.2545050614103,0.7818314824680298,0.7818314824680298,,774.1146823173618,3379.38964383159,,11995.0548143808
2011-10-12,2551,2,12,3051.0,4300.0,2728.0,2586.0,2368.0,2541.0,2118.0,2762.0,3963.0,3429.1428571428573,765.7167510621323,3463.9285714285716,3191.535714285714,3127.0666666666666,3071.55,3042.911111111111,778.5578149786738,3274.5909465159834,3325.1539043865555,0.9749279121818236,0.9749279121818236,,778.5578149786743,3398.7860935370268,,11995.0548143808
2011-10-13,2822,3,13,2551.0,3501.0,2617.0,2742.0,2313.0,2390.0,2321.0,2331.0,4082.0,3458.4285714285716,732.6863487975537,3494.785714285714,3209.4285714285716,3143.4333333333334,3050.55,3042.5222222222224,766.3105377259823,3161.443209886988,3258.0667171350146,0.43388373911755823,0.43388373911755823,,766.3105377259827,3345.320731287365,,11995.0548143808
2011-10-14,3237,4,14,2822.0,3051.0,3469.0,3159.0,3409.0,3529.0,2747.0,2118.0,2775.0,3425.285714285714,737.3607697470143,3473.9285714285716,3226.9285714285716,3180.733333333333,3058.25,3038.177777777778,741.508850056857,3180.332407415241,3255.257821517013,-0.433883739117558,-0.433883739117558,,741.5088500568576,3237.049220136481,,11995.0548143808
2011-10-15,4186,5,15,3237.0,2551.0,4515.0,3774.0,3961.0,4926.0,3394.0,2321.0,2618.0,3378.285714285714,663.0675466561274,3421.0714285714284,3255.214285714286,3242.9,3084.383333333333,3045.4777777777776,745.1152352442554,3431.749305561431,3379.356778648078,-0.9749279121818236,-0.9749279121818236,,745.1152352442559,3252.79285739379,,11995.0548143808
2011-10-16,4185,6,16,4186.0,2822.0,4300.0,3965.0,3999.0,4563.0,3599.0,2747.0,2492.0,3361.8571428571427,637.3503559193173,3394.0714285714284,3276.1428571428573,3290.8333333333335,3112.6,3060.311111111111,758.2514405699703,3620.0619791710733,3486.775874828334,-0.7818314824680299,-0.7818314824680299,,758.2514405699708,3310.1388259576142,,11995.0548143808
2011-10-17,2697,0,17,4185.0,3237.0,3501.0,2762.0,2776.0,3224.0,2552.0,3394.0,2509.0,3247.0,679.1688548022038,3356.4285714285716,3281.3214285714284,3267.6,3115.733333333333,3064.6111111111113,765.6237754388509,3389.296484378305,3381.472424851223,0.0,0.0,,765.6237754388513,3342.322677621778,,11995.0548143808
2011-10-18,2446,1,18,2697.0,4186.0,3051.0,2331.0,2392.0,3131.0,2496.0,3599.0,3001.0,3160.5714285714284,743.6977112471765,3307.5,3279.535714285714,3229.1666666666665,3106.483333333333,3064.5333333333333,777.265324749194,3153.472363283729,3256.742768204393,0.7818314824680298,0.7818314824680298,,777.2653247491943,3393.143740800372,,11995.0548143808
2011-10-19,2502,2,19,2446.0,4185.0,2551.0,2118.0,2541.0,2728.0,2368.0,2552.0,3611.0,3153.5714285714284,750.590180489741,3291.3571428571427,3284.3214285714284,3227.5,3088.0,3064.5555555555557,778.8194757850291,2990.6042724627964,3156.110399110474,0.9749279121818236,0.9749279121818236,,778.8194757850296,3399.92837108245,,11995.0548143808
2011-10-20,2604,3,20,2502.0,2697.0,2822.0,2321.0,2390.0,2617.0,2313.0,2496.0,4338.0,3122.4285714285716,770.8884175942425,3290.4285714285716,3294.714285714286,3231.1,3059.1,3060.3888888888887,775.5644151641849,2893.953204347097,3082.4956792290777,0.43388373911755823,0.43388373911755823,,775.5644151641852,3385.718437588881,,11995.0548143808
2011-10-21,3391,4,21,2604.0,2446.0,3237.0,2747.0,3529.0,3469.0,3409.0,2368.0,2624.0,3144.4285714285716,776.8772655408887,3284.8571428571427,3294.0714285714284,3265.2,3071.883333333333,3056.177777777778,758.6114084071737,3018.214903260323,3123.6295886652006,-0.433883739117558,-0.433883739117558,,758.6114084071742,3311.71026183003,,11995.0548143808
2011-10-22,4184,5,22,3391.0,2502.0,4186.0,3394.0,4926.0,4515.0,3961.0,2313.0,2168.0,3144.1428571428573,776.4305997257443,3261.214285714286,3302.035714285714,3327.5666666666666,3105.483333333333,3062.311111111111,754.5281093611359,3309.6611774452426,3265.012310176507,-0.9749279121818236,-0.9749279121818236,,754.5281093611363,3293.884662052567,,11995.0548143808
2011-10-23,4267,6,23,4184.0,2604.0,4185.0,3599.0,4563.0,4300.0,3999.0,3409.0,2369.0,3155.8571428571427,795.1447307611022,3258.8571428571427,3311.6071428571427,3356.1666666666665,3137.116666666667,3080.3555555555554,773.7377299270354,3548.9958830839323,3398.6106688196396,-0.7818314824680299,-0.7818314824680299,,773.7377299270358,3377.7440620680823,,11995.0548143808
2011-10-24,2800,0,24,4267.0,3391.0,2697.0,2552.0,3224.0,3501.0,2776.0,3961.0,2403.0,3170.5714285714284,786.1403303785031,3208.785714285714,3312.464285714286,3317.4666666666667,3143.733333333333,3086.6666666666665,771.4741702755169,3361.7469123129495,3318.7959129770206,0.0,0.0,,771.4741702755173,3367.8625158072127,,11995.0548143808
2011-10-25,2484,1,25,2800.0,4184.0,2446.0,2496.0,3131.0,3051.0,2392.0,3999.0,2808.0,3176.0,780.4133520128952,3168.285714285714,3315.75,3266.9666666666667,3138.3333333333335,3089.3888888888887,774.9009050476562,3142.3101842347123,3207.4897912467513,0.7818314824680298,0.7818314824680298,,774.9009050476566,3382.8218910337087,,11995.0548143808
2011-10-26,2317,2,26,2484.0,4267.0,2502.0,2368.0,2728.0,2551.0,2541.0,2776.0,3659.0,3149.5714285714284,809.6280745179369,3151.5714285714284,3307.75,3251.6666666666665,3115.9666666666667,3088.277777777778,789.3261348304866,2935.982638176034,3088.7578190805175,0.9749279121818236,0.9749279121818236,,789.3261348304869,3445.795082540756,,11995.0548143808
2011-10-27,2669,3,27,2317.0,2800.0,2604.0,2313.0,2617.0,2822.0,2390.0,2392.0,3603.0,3158.8571428571427,802.6708392550953,3140.6428571428573,3317.714285714286,3260.9,3100.4,3086.6,780.4939351196903,2869.2369786320255,3032.7901098697816,0.43388373911755823,0.43388373911755823,,780.4939351196907,3407.2382059994575,,11995.0548143808
2011-10-28,3080,4,28,2669.0,2484.0,3391.0,3409.0,3469.0,3237.0,3529.0,2541.0,2322.0,3114.4285714285716,796.2614430664644,3129.4285714285716,3301.6785714285716,3278.866666666667,3113.0333333333333,3089.211111111111,769.4767023128753,2921.927733974019,3039.084761887144,-0.433883739117558,-0.433883739117558,,769.4767023128759,3359.1425900636154,,11995.0548143808
2011-10-29,4093,5,29,3080.0,2317.0,4184.0,3961.0,4515.0,4186.0,4926.0,2390.0,2061.0,3101.4285714285716,776.3836803073733,3122.785714285714,3271.9285714285716,3335.633333333333,3146.9,3097.2444444444445,764.442392377847,3214.695800480514,3179.606793635525,-0.9749279121818236,-0.9749279121818236,,764.4423923778475,3337.165362080619,,11995.0548143808
2011-10-30,4156,6,30,4093.0,2669.0,4267.0,3999.0,4300.0,4185.0,4563.0,3529.0,2219.0,3085.5714285714284,749.2700574877001,3120.714285714286,3257.3928571428573,3356.5333333333333,3179.1833333333334,3112.9222222222224,778.3559035837503,3450.021850360386,3309.7925544841214,-0.7818314824680299,-0.7818314824680299,,778.3559035837509,3397.9046514295956,,11995.0548143808
2011-10-31,2387,0,31,4156.0,3080.0,2800.0,2776.0,3501.0,2697.0,3224.0,4926.0,2580.0,3026.5714285714284,790.6239850360522,3098.5714285714284,3227.5,3271.9,3175.9666666666667,3107.1555555555556,738.8524349893244,3184.26638777029,3186.753547219572,0.0,0.0,,738.8524349893248,3225.4526676178475,,11995.0548143808
2011-11-01,2727,1,1,2387.0,4093.0,2484.0,2392.0,3051.0,2446.0,3131.0,4563.0,3331.0,3061.285714285714,767.8369432559061,3118.6428571428573,3213.0714285714284,3210.7,3165.9,3105.811111111111,703.410369752864,3069.949790827717,3125.4530742569623,0.7818314824680298,0.7818314824680298,,703.4103697528645,3070.7306981836155,,11995.0548143808
2011-11-02,2904,2,2,2727.0,4156.0,2317.0,2541.0,2551.0,2502.0,2728.0,3224.0,4000.0,3145.1428571428573,702.2576518086594,3147.3571428571427,3219.3571428571427,3200.0333333333333,3147.633333333333,3105.8333333333335,705.6245208096265,3028.462343120788,3095.9259976893673,0.9749279121818236,0.9749279121818236,,705.6245208096269,3080.3965517348,,11995.0548143808
2011-11-03,2941,3,3,2904.0,2387.0,2669.0,2390.0,2822.0,2604.0,2617.0,3131.0,3443.0,3184.0,678.6491484314039,3171.4285714285716,3230.9285714285716,3193.7,3139.266666666667,3101.633333333333,707.116590396373,3006.5967573405906,3075.2691979974516,0.43388373911755823,0.43388373911755823,,707.1165903963736,3086.9101660926017,,11995.0548143808
2011-11-04,3663,4,4,2941.0,2727.0,3080.0,3529.0,3237.0,3391.0,3469.0,2728.0,3412.0,3267.285714285714,699.2206886445615,3190.8571428571427,3237.8571428571427,3224.866666666667,3143.45,3101.3777777777777,706.4878520239891,3170.6975680054434,3153.6333049311247,-0.433883739117558,-0.433883739117558,,706.4878520239897,3084.165415227067,,11995.0548143808
2011-11-05,4424,5,5,3663.0,2904.0,4093.0,4926.0,4186.0,4184.0,4515.0,2617.0,3065.0,3314.5714285714284,771.7933352789179,3208.0,3234.6071428571427,3285.1,3166.1,3108.3333333333335,729.5299549520995,3484.023176004083,3323.015530940308,-0.9749279121818236,-0.9749279121818236,,729.5299549521,3184.755477379427,,11995.0548143808
2011-11-06,4809,6,6,4424.0,2941.0,4156.0,4563.0,4185.0,4267.0,4300.0,3469.0,2586.0,3407.8571428571427,916.3686355340194,3246.714285714286,3252.785714285714,3329.766666666667,3203.15,3126.777777777778,780.4243621629643,3815.2673820030623,3521.1467934816005,-0.7818314824680299,-0.7818314824680299,,780.4243621629647,3406.934485976028,,11995.0548143808
2011-11-07,3226,0,7,4809.0,3663.0,2387.0,3224.0,2697.0,2800.0,3501.0,4515.0,2742.0,3527.714285714286,809.1921309317768,3277.1428571428573,3242.964285714286,3286.8,3211.2166666666667,3131.711111111111,747.7185714351116,3667.950536502297,3481.793887684054,0.0,0.0,,747.718571435112,3264.1576946249543,,11995.0548143808
2011-11-08,3249,1,8,3226.0,4424.0,2727.0,3131.0,2446.0,2484.0,3051.0,4300.0,3159.0,3602.285714285714,744.5763256791813,3331.785714285714,3250.035714285714,3251.766666666667,3212.7166666666667,3138.822222222222,722.8164112468772,3563.212902376723,3450.7547026595134,0.7818314824680298,0.7818314824680298,,722.8164112468777,3155.4475717304576,,11995.0548143808
2011-11-09,2714,2,9,3249.0,4809.0,2904.0,2728.0,2502.0,2317.0,2551.0,3501.0,3774.0,3575.1428571428573,777.0301213748504,3360.1428571428573,3255.8571428571427,3225.5333333333333,3195.05,3139.9222222222224,727.7237413182008,3350.909676782542,3352.5207423049114,0.9749279121818236,0.9749279121818236,,727.7237413182014,3176.87047043101,,11995.0548143808
2011-11-10,3205,3,10,2714.0,3226.0,2941.0,2617.0,2604.0,2669.0,2822.0,3051.0,3965.0,3612.8571428571427,746.9456536615064,3398.4285714285716,3269.535714285714,3230.6666666666665,3182.383333333333,3140.277777777778,726.9929247548953,3314.432257586907,3332.85130999759,0.43388373911755823,0.43388373911755823,,726.9929247548959,3173.6800982781624,,11995.0548143808
2011-11-11,3787,4,11,3205.0,3249.0,3663.0,3469.0,3391.0,3080.0,3237.0,2551.0,2762.0,3630.5714285714284,749.7979410354219,3448.9285714285716,3289.1785714285716,3271.866666666667,3199.4666666666667,3138.322222222222,722.1538537636877,3432.5741931901803,3393.404468664578,-0.433883739117558,-0.433883739117558,,722.1538537636883,3152.555183886281,,11995.0548143808
2011-11-12,4180,5,12,3787.0,2714.0,4424.0,4515.0,4184.0,4093.0,4186.0,2822.0,2331.0,3595.714285714286,711.4561861154277,3455.1428571428573,3288.964285714286,3317.133333333333,3230.2833333333333,3139.411111111111,735.4223151422548,3619.4306448926354,3498.2838728426345,-0.9749279121818236,-0.9749279121818236,,735.4223151422553,3210.4785148817346,,11995.0548143808
2011-11-13,4073,6,13,4180.0,3205.0,4809.0,4300.0,4267.0,4156.0,4185.0,3237.0,2118.0,3490.5714285714284,534.6920787215985,3449.214285714286,3284.964285714286,3345.0,3262.866666666667,3153.8333333333335,748.0123085839576,3732.822983669477,3574.91268979695,-0.7818314824680299,-0.7818314824680299,,748.0123085839581,3265.440001111956,,11995.0548143808
2011-11-14,2985,0,14,4073.0,3787.0,3226.0,3501.0,2800.0,2387.0,2697.0,4186.0,2321.0,3456.1428571428573,561.646516524241,3491.9285714285716,3295.25,3304.9666666666667,3273.9333333333334,3157.911111111111,733.4469627222102,3545.8672377521075,3496.25766449069,0.0,0.0,,733.4469627222107,3201.855134310741,,11995.0548143808
2011-11-15,2653,1,15,2985.0,4180.0,3249.0,3051.0,2484.0,2727.0,2446.0,4185.0,2747.0,3371.0,638.2353275503777,3486.6428571428573,3302.6428571428573,3253.9,3272.366666666667,3159.7,723.3246206901506,3322.6504283140807,3383.8233092252644,0.7818314824680298,0.7818314824680298,,723.3246206901512,3157.6661548018374,,11995.0548143808
2011-11-16,2461,2,16,2653.0,4073.0,2714.0,2551.0,2317.0,2904.0,2502.0,2697.0,3394.0,3334.8571428571427,686.9464871374485,3455.0,3301.1785714285716,3246.0333333333333,3256.8166666666666,3159.1666666666665,730.834500975488,3107.2378212355607,3260.7802013285627,0.9749279121818236,0.9749279121818236,,730.8345009754885,3190.450459559772,,11995.0548143808
2011-11-17,2335,3,17,2461.0,2985.0,3205.0,2822.0,2669.0,2941.0,2604.0,2446.0,3599.0,3210.5714285714284,785.9278714027281,3411.714285714286,3291.5714285714284,3242.3333333333335,3235.75,3151.766666666667,735.2918882454361,2914.1783659266703,3137.342841151421,0.43388373911755823,0.43388373911755823,,735.2918882454366,3209.9091376118618,,11995.0548143808
2011-11-18,2946,4,18,2335.0,2653.0,3787.0,3237.0,3080.0,3663.0,3391.0,2502.0,2552.0,3090.4285714285716,746.4118293861792,3360.5,3275.6785714285716,3257.133333333333,3242.3166666666666,3144.3777777777777,724.2622754763356,2922.1337744450025,3111.8304623312315,-0.433883739117558,-0.433883739117558,,724.2622754763362,3161.7594770786313,,11995.0548143808
2011-11-19,4604,5,19,2946.0,2461.0,4180.0,4186.0,4093.0,4424.0,4184.0,2604.0,2496.0,3151.0,858.373850176408,3373.3571428571427,3290.6785714285716,3323.8,3277.45,3147.3333333333335,753.5262574652946,3342.600330833752,3310.7864006870673,-0.9749279121818236,-0.9749279121818236,,753.5262574652951,3289.5110879571575,,11995.0548143808
2011-11-20,4341,6,20,4604.0,2335.0,4073.0,4185.0,4156.0,4809.0,4267.0,3391.0,2368.0,3189.285714285714,910.7313387759178,3339.9285714285716,3293.3214285714284,3355.4666666666667,3310.3333333333335,3166.411111111111,776.072105312178,3592.2002481253144,3448.148213928792,-0.7818314824680299,-0.7818314824680299,,776.0721053121786,3387.9347536820833,,11995.0548143808
2011-11-21,3121,0,21,4341.0,2946.0,2985.0,2697.0,2387.0,3226.0,2800.0,4184.0,2313.0,3208.714285714286,907.0903509363933,3332.4285714285716,3304.785714285714,3320.0333333333333,3323.8,3177.0,761.0607607866758,3474.4001860939857,3404.5284520716195,0.0,0.0,,761.0607607866763,3322.40288432442,,11995.0548143808
2011-11-22,3540,1,22,3121.0,4604.0,2653.0,2446.0,2727.0,3249.0,2484.0,4267.0,3409.0,3335.4285714285716,878.0104132151796,3353.214285714286,3342.5,3295.8,3325.983333333333,3190.011111111111,741.1829500988536,3490.8001395704896,3422.591325128737,0.7818314824680298,0.7818314824680298,,741.1829500988541,3235.626507238561,,11995.0548143808
2011-11-23,3578,2,23,3540.0,4341.0,2461.0,2502.0,2904.0,2714.0,2317.0,2800.0,3961.0,3495.0,789.6611087464495,3414.9285714285716,3387.535714285714,3321.733333333333,3319.6,3203.0666666666666,736.8351677056506,3512.6001046778674,3443.3124817782386,0.9749279121818236,0.9749279121818236,,736.8351677056512,3216.6463081429447,,11995.0548143808
2011-11-24,1914,3,24,3578.0,3121.0,2335.0,2604.0,2941.0,3205.0,2669.0,2484.0,3999.0,3434.8571428571427,900.9281193249999,3322.714285714286,3360.5714285714284,3302.733333333333,3284.85,3193.133333333333,765.9553841933034,3112.9500785084006,3239.4041508744735,0.43388373911755823,0.43388373911755823,,765.9553841933039,3343.770312211586,,11995.0548143808
2011-11-25,3095,4,25,1914.0,3540.0,2946.0,3391.0,3663.0,3787.0,3080.0,2317.0,2776.0,3456.1428571428573,889.1361779036707,3273.285714285714,3361.1071428571427,3328.6666666666665,3290.1666666666665,3186.866666666667,744.294358405343,3108.4625588813005,3220.1502640912104,-0.433883739117558,-0.433883739117558,,744.2943584053436,3249.2093280387116,,11995.0548143808
2011-11-26,3017,5,26,3095.0,3578.0,4604.0,4184.0,4424.0,4180.0,4093.0,2669.0,2392.0,3229.4285714285716,736.9818761097793,3190.214285714286,3322.6785714285716,3340.266666666667,3300.5833333333335,3180.3555555555554,736.3279785218142,3085.5969191609756,3193.0635622123823,-0.9749279121818236,-0.9749279121818236,,736.3279785218147,3214.432179003591,,11995.0548143808
2011-11-27,3245,6,27,3017.0,1914.0,4341.0,4267.0,4809.0,4073.0,4156.0,3080.0,2541.0,3072.8571428571427,555.5632062965292,3131.0714285714284,3290.1428571428573,3345.766666666667,3312.3166666666666,3190.6111111111113,734.9317905640002,3125.447689370732,3199.988420584065,-0.7818314824680299,-0.7818314824680299,,734.9317905640007,3208.3371349057907,,11995.0548143808
2011-11-28,2433,0,28,3245.0,3095.0,3121.0,2800.0,3226.0,2985.0,2387.0,4093.0,2390.0,2974.5714285714284,604.3428544413254,3091.6428571428573,3291.785714285714,3290.4333333333334,3313.0333333333333,3194.7444444444445,739.2108878943867,2952.335767028049,3097.7232978395227,0.0,0.0,,739.2108878943873,3227.0174900696625,,11995.0548143808
2011-11-29,2552,1,29,2433.0,3017.0,3540.0,2484.0,3249.0,2653.0,2727.0,4156.0,3529.0,2833.4285714285716,564.326990654315,3084.4285714285716,3285.535714285714,3236.9666666666667,3296.75,3198.4444444444443,732.423162185458,2852.2518252710365,3024.9601914609198,0.7818314824680298,0.7818314824680298,,732.4231621854585,3197.3857436503126,,11995.0548143808
2011-11-30,2350,2,30,2552.0,3245.0,3578.0,2317.0,2714.0,2461.0,2904.0,2387.0,4926.0,2658.0,478.6578457868791,3076.5,3265.75,3235.733333333333,3253.8166666666666,3195.8888888888887,733.9333772890078,2726.688868953277,2934.965499266131,0.9749279121818236,0.9749279121818236,,733.9333772890084,3203.9785720741534,,11995.0548143808
2011-12-01,2651,3,1,2350.0,2433.0,1914.0,2669.0,3205.0,2335.0,2941.0,2727.0,4563.0,2763.285714285714,352.04105550618294,3099.0714285714284,3255.3928571428573,3233.2,3221.95,3188.3333333333335,735.87852258372,2707.766651714958,2897.103432697313,0.43388373911755823,0.43388373911755823,,735.8785225837206,3212.4700837517516,,11995.0548143808
2011-12-02,3428,4,2,2651.0,2552.0,3095.0,3080.0,3787.0,2946.0,3663.0,2904.0,3224.0,2810.8571428571427,420.23145549860834,3133.5,3247.0,3250.6666666666665,3225.35,3181.9777777777776,734.0116664173535,2887.824988786218,2967.889641671005,-0.433883739117558,-0.433883739117558,,734.0116664173539,3204.3203424546914,,11995.0548143808
2011-12-03,4745,5,3,3428.0,2350.0,3017.0,4093.0,4180.0,4604.0,4424.0,2941.0,3131.0,3057.714285714286,849.6481064310731,3143.5714285714284,3258.464285714286,3310.8,3252.25,3196.4444444444443,780.2094944131429,3352.118741589664,3204.8376894482044,-0.9749279121818236,-0.9749279121818236,,780.2094944131435,3405.996483035216,,11995.0548143808
2011-12-04,4508,6,4,4745.0,2651.0,3245.0,4156.0,4073.0,4341.0,4809.0,3663.0,2728.0,3238.1428571428573,1014.2142161252127,3155.5,3247.714285714286,3338.9666666666667,3281.9166666666665,3208.6222222222223,808.1166049070115,3641.089056192248,3378.592664188444,-0.7818314824680299,-0.7818314824680299,,808.1166049070121,3527.8246854275585,,11995.0548143808
2011-12-05,3271,0,5,4508.0,3428.0,2433.0,2387.0,2985.0,3121.0,3226.0,4424.0,2617.0,3357.8571428571427,950.8142876102636,3166.214285714286,3249.3214285714284,3300.5333333333333,3292.8166666666666,3210.911111111111,781.7206809267004,3548.566792144186,3364.2469756299847,0.0,0.0,,781.7206809267009,3412.5935521394035,,11995.0548143808
2011-12-06,2866,1,6,3271.0,4745.0,2552.0,2727.0,2653.0,3540.0,3249.0,4809.0,3469.0,3402.714285714286,913.1191441584035,3118.0714285714284,3235.6428571428573,3235.766666666667,3282.766666666667,3214.0222222222224,731.2963304902496,3377.9250941081395,3297.814045545987,0.7818314824680298,0.7818314824680298,,731.2963304902502,3192.466571532651,,11995.0548143808
2011-12-07,2791,2,7,2866.0,4508.0,2350.0,2904.0,2461.0,3578.0,2714.0,3226.0,4515.0,3465.714285714286,840.7262166892235,3061.8571428571427,3238.3928571428573,3221.266666666667,3254.0333333333333,3214.5666666666666,735.7953676046789,3231.193820581105,3230.238839473189,0.9749279121818236,0.9749279121818236,,735.7953676046793,3212.1070715502988,,11995.0548143808
2011-12-08,3220,3,8,2791.0,3271.0,2651.0,2941.0,2335.0,1914.0,3205.0,3249.0,4300.0,3547.0,773.6588395410498,3155.1428571428573,3238.9285714285716,3220.3,3236.0333333333333,3215.2444444444445,735.7767254100737,3228.395365435829,3228.873660876764,0.43388373911755823,0.43388373911755823,,735.7767254100743,3212.0256892424504,,11995.0548143808
2011-12-09,3356,4,9,3220.0,2866.0,3428.0,3663.0,2946.0,3095.0,3787.0,2714.0,3501.0,3536.714285714286,775.9797493675819,3173.785714285714,3223.535714285714,3241.7,3233.616666666667,3210.6,729.8556848375258,3260.2965240768717,3245.823839426529,-0.433883739117558,-0.433883739117558,,729.8556848375264,3186.177447827269,,11995.0548143808
2011-12-10,4462,5,10,3356.0,2791.0,4745.0,4424.0,4604.0,3017.0,4180.0,3205.0,3051.0,3496.285714285714,706.8268798618526,3277.0,3233.6071428571427,3283.6,3257.133333333333,3216.1222222222223,763.0046594515829,3560.722393057654,3407.980660836325,-0.9749279121818236,-0.9749279121818236,,763.0046594515834,3330.8889538524904,,11995.0548143808
2011-12-11,4200,6,11,4462.0,3220.0,4508.0,4809.0,4341.0,3245.0,4073.0,3787.0,2551.0,3452.285714285714,639.7553475836748,3345.214285714286,3238.1428571428573,3297.366666666667,3284.616666666667,3232.1,776.0154408050232,3720.5417947932406,3513.583239391482,-0.7818314824680299,-0.7818314824680299,,776.0154408050238,3387.6873853618254,,11995.0548143808
2011-12-12,3154,0,12,4200.0,3356.0,3271.0,3226.0,3121.0,2433.0,2985.0,4180.0,2822.0,3435.5714285714284,646.7709169772733,3396.714285714286,3244.1785714285716,3263.1666666666665,3290.15,3241.2444444444445,758.1789017945799,3578.9063460949305,3465.638807472618,0.0,0.0,,758.1789017945805,3309.822158683463,,11995.0548143808
2011-12-13,2858,1,13,3154.0,4462.0,2866.0,3249.0,3540.0,2552.0,2653.0,4073.0,3237.0,3434.4285714285716,647.9510930985632,3418.5714285714284,3251.5,3222.6666666666665,3283.8333333333335,3249.4666666666667,745.777647057468,3398.6797595711982,3384.620299809602,0.7818314824680298,0.7818314824680298,,745.7776470574685,3255.684609317188,,11995.0548143808
2011-12-14,2812,2,14,2858.0,4200.0,2791.0,2714.0,3578.0,2350.0,2461.0,2985.0,4186.0,3437.4285714285716,644.515026238817,3451.5714285714284,3264.035714285714,3216.9,3260.9333333333334,3254.9222222222224,748.3431975900555,3252.009819678399,3308.2709265016547,0.9749279121818236,0.9749279121818236,,748.3431975900561,3266.884493647762,,11995.0548143808
2011-12-15,3013,3,15,2812.0,3154.0,3220.0,3205.0,1914.0,2651.0,2335.0,2653.0,4185.0,3407.8571428571427,660.6992327757616,3477.4285714285716,3288.25,3228.9,3241.4,3257.8777777777777,741.8471982269933,3192.257364758799,3268.901469634767,0.43388373911755823,0.43388373911755823,,741.8471982269939,3238.526275575793,,11995.0548143808
2011-12-16,3319,4,16,3013.0,2858.0,3356.0,3787.0,3095.0,3428.0,2946.0,2461.0,2697.0,3402.5714285714284,661.3309451761826,3469.6428571428573,3301.5714285714284,3257.5,3251.766666666667,3257.0444444444443,727.6246071742734,3223.9430235690998,3275.581273683465,-0.433883739117558,-0.433883739117558,,727.6246071742739,3176.4377013504186,,11995.0548143808
2011-12-17,4343,5,17,3319.0,2812.0,4462.0,4180.0,3017.0,4745.0,4604.0,2335.0,2446.0,3385.5714285714284,630.3630850927289,3440.9285714285716,3292.25,3324.4333333333334,3283.383333333333,3265.311111111111,732.181232668021,3503.707267676825,3417.9037705256696,-0.9749279121818236,-0.9749279121818236,,732.1812326680215,3196.3296028427044,,11995.0548143808
2011-12-18,4154,6,18,4343.0,3013.0,4200.0,4073.0,3245.0,4508.0,4341.0,2946.0,2502.0,3379.0,620.6222683726422,3415.6428571428573,3285.5714285714284,3364.7,3310.9166666666665,3283.1111111111113,743.7769015708561,3666.280450757619,3516.0499344555806,-0.7818314824680299,-0.7818314824680299,,743.7769015708566,3246.9503755765772,,11995.0548143808
2011-12-19,3252,0,19,4154.0,3319.0,3154.0,2985.0,2433.0,3271.0,3121.0,4604.0,2604.0,3393.0,615.7873009408394,3414.285714285714,3290.25,3319.633333333333,3321.7166666666667,3291.511111111111,706.1020969125967,3562.7103380682142,3480.84327652817,0.0,0.0,,706.1020969125973,3082.481405275735,,11995.0548143808
2011-12-20,3169,1,20,3252.0,4343.0,2858.0,2653.0,2552.0,2866.0,3540.0,4341.0,3391.0,3437.4285714285716,580.9902056382904,3435.9285714285716,3277.0,3280.5666666666666,3318.016666666667,3300.411111111111,679.5672904862689,3464.282753551161,3439.264172991081,0.7818314824680298,0.7818314824680298,,679.5672904862695,2966.643982105087,,11995.0548143808
2011-12-21,3305,2,21,3169.0,4154.0,2812.0,2461.0,2350.0,2791.0,3578.0,3121.0,4184.0,3507.8571428571427,519.1263264920656,3472.6428571428573,3267.25,3286.7,3303.366666666667,3311.4333333333334,678.9074971269436,3424.462065163371,3421.362283258937,0.9749279121818236,0.9749279121818236,,678.9074971269441,2963.763661015067,,11995.0548143808
2011-12-22,3516,3,22,3305.0,3252.0,3013.0,2335.0,2651.0,3220.0,1914.0,3540.0,4267.0,3579.714285714286,471.87417612668935,3493.785714285714,3324.464285714286,3285.9,3290.85,3312.6222222222223,678.6128015906841,3447.3465488725283,3433.980645491079,0.43388373911755823,0.43388373911755823,,678.6128015906846,2962.477170697718,,11995.0548143808
2011-12-23,4526,4,23,3516.0,3169.0,3319.0,2946.0,3428.0,3356.0,3095.0,3578.0,2800.0,3752.1428571428573,570.8699293100661,3577.3571428571427,3375.5714285714284,3317.5,3319.616666666667,3318.9,713.8413206269872,3717.0099116543965,3579.5832260922684,-0.433883739117558,-0.433883739117558,,713.8413206269878,3116.266906402537,,11995.0548143808
2011-12-24,3362,5,24,4526.0,3305.0,4343.0,4604.0,4745.0,4462.0,3017.0,1914.0,2484.0,3612.0,519.7714241215432,3498.785714285714,3387.8928571428573,3365.766666666667,3334.25,3311.822222222222,662.7994799143335,3628.2574337407973,3550.572129279966,-0.9749279121818236,-0.9749279121818236,,662.799479914334,2893.4442783778586,,11995.0548143808
2011-12-25,0,6,25,3362.0,3516.0,4154.0,4341.0,4508.0,4200.0,3245.0,3095.0,2317.0,3018.5714285714284,1408.8205299875106,3198.785714285714,3272.0,3262.6,3295.633333333333,3280.9777777777776,903.5478194699847,2721.1930753055976,3077.162512042637,-0.7818314824680299,-0.7818314824680299,,903.5478194699851,3944.4286661542374,,11995.0548143808
2011-12-26,3259,0,26,0.0,4526.0,3252.0,3121.0,3271.0,3154.0,2433.0,3017.0,2669.0,3019.5714285714284,1409.0163066412526,3206.285714285714,3301.5,3270.6666666666665,3305.4666666666667,3290.6111111111113,902.3590283761516,2855.644806479198,3101.4075104369517,0.0,0.0,,902.3590283761521,3939.239010922338,,11995.0548143808
2011-12-27,3041,1,27,3259.0,3362.0,3169.0,3540.0,2866.0,2858.0,2552.0,3245.0,3080.0,3001.285714285714,1407.5837114580108,3219.3571428571427,3318.964285714286,3263.866666666667,3304.8166666666666,3296.1666666666665,903.3272494175234,2901.9836048593984,3093.353175712025,0.7818314824680298,0.7818314824680298,,903.3272494175238,3943.465769870194,,11995.0548143808
2011-12-28,3005,2,28,3041.0,0.0,3305.0,3578.0,2791.0,2812.0,2350.0,2433.0,4093.0,2958.4285714285716,1401.3485002124287,3233.1428571428573,3342.3571428571427,3282.9333333333334,3286.6833333333334,3303.0,891.1397171051784,2927.7377036445487,3081.572752283755,0.9749279121818236,0.9749279121818236,,891.1397171051788,3890.261223540046,,11995.0548143808
2011-12-29,3137,3,29,3005.0,3259.0,3516.0,1914.0,3220.0,3013.0,2651.0,2552.0,4156.0,2904.285714285714,1383.4225329818466,3242.0,3359.714285714286,3302.4333333333334,3269.7,3298.6444444444446,880.9359318883255,2980.0532777334115,3088.9630519792545,0.43388373911755823,0.43388373911755823,,880.935931888326,3845.716704649785,,11995.0548143808
2011-12-30,4538,4,30,3137.0,3041.0,4526.0,3095.0,3356.0,3319.0,3428.0,2350.0,2387.0,2906.0,1385.7724680961653,3329.0714285714284,3399.3571428571427,3375.366666666667,3305.55,3294.3333333333335,889.8917595293032,3369.539958300059,3282.167978382021,-0.433883739117558,-0.433883739117558,,889.8917595293036,3884.8132776423804,,11995.0548143808
2011-12-31,4093,5,31,4538.0,3005.0,3362.0,3017.0,4462.0,4343.0,4745.0,2651.0,2727.0,3010.4285714285716,1451.8314706079432,3311.214285714286,3376.0714285714284,3423.4333333333334,3328.3166666666666,3289.1111111111113,888.3594210225601,3550.4049687250445,3390.2789145977517,-0.9749279121818236,-0.9749279121818236,,888.3594210225606,3878.1238697305835,,11995.0548143808
2012-01-01,2576,6,1,4093.0,3137.0,0.0,3245.0,4200.0,4154.0,4508.0,3428.0,2904.0,3378.4285714285716,686.1690406750777,3198.5,3307.0714285714284,3395.0333333333333,3322.85,3281.911111111111,901.7266381143764,3306.8037265437833,3281.7083926513847,-0.7818314824680299,-0.7818314824680299,,901.7266381143768,3936.478317771414,,11995.0548143808
2012-01-02,3792,0,2,2576.0,4538.0,3259.0,2433.0,3154.0,3252.0,3271.0,4745.0,2941.0,3454.5714285714284,700.1382856604993,3237.0714285714284,3325.6785714285716,3363.266666666667,3337.0333333333333,3289.2555555555555,868.7112108267569,3428.1027949078375,3349.7472736312,0.0,0.0,,868.7112108267573,3792.349811219312,,11995.0548143808
2012-01-03,3420,1,3,3792.0,4093.0,3041.0,2552.0,2858.0,3169.0,2866.0,4508.0,3663.0,3508.714285714286,677.1011037961085,3255.0,3345.464285714286,3327.0,3332.983333333333,3296.9444444444443,841.5597587730803,3426.0770961808785,3359.114303813707,0.7818314824680298,0.7818314824680298,,841.5597587730808,3673.8204279365805,,11995.0548143808
2012-01-04,3207,2,4,3420.0,2576.0,3005.0,2350.0,2812.0,3305.0,2791.0,3271.0,4424.0,3537.5714285714284,656.0322291734526,3248.0,3360.3214285714284,3324.866666666667,3312.7,3303.5,841.7877008684146,3371.307822135659,3338.832396638546,0.9749279121818236,0.9749279121818236,,841.7877008684152,3674.815506797584,,11995.0548143808
2012-01-05,3348,3,5,3207.0,3792.0,3137.0,2651.0,3013.0,3516.0,3220.0,2866.0,4809.0,3567.714285714286,639.1908203047885,3236.0,3364.8928571428573,3340.9333333333334,3288.35,3302.1555555555556,837.3155353551757,3365.4808666017443,3340.0547437534065,0.43388373911755823,0.43388373911755823,,837.3155353551763,3655.292314477167,,11995.0548143808
2012-01-06,3782,4,6,3348.0,3420.0,4538.0,3428.0,3319.0,4526.0,3356.0,2791.0,3226.0,3459.714285714286,495.6822618996051,3182.8571428571427,3380.1071428571427,3373.9666666666667,3297.616666666667,3294.011111111111,834.4149089211453,3469.6106499513085,3398.980777919619,-0.433883739117558,-0.433883739117558,,834.4149089211456,3642.629659762437,,11995.0548143808
2012-01-07,4496,5,7,3782.0,3207.0,4093.0,4745.0,4343.0,3362.0,4462.0,3220.0,3249.0,3517.285714285714,594.9567811434501,3263.8571428571427,3381.3214285714284,3416.5,3318.4,3296.188888888889,858.470562626669,3726.2079874634815,3545.2500075303365,-0.9749279121818236,-0.9749279121818236,,858.4705626266693,3747.644367356781,,11995.0548143808
2012-01-08,4459,6,8,4496.0,3348.0,2576.0,4508.0,4154.0,0.0,4200.0,3356.0,2714.0,3786.285714285714,519.3138788458363,3582.3571428571427,3390.5714285714284,3453.266666666667,3347.483333333333,3306.8333333333335,879.160490363443,3909.405990597611,3667.0833398596246,-0.7818314824680299,-0.7818314824680299,,879.1604903634435,3837.9660330251936,,11995.0548143808
2012-01-09,3518,0,9,4459.0,3782.0,3792.0,3271.0,3252.0,3259.0,3154.0,4462.0,3205.0,3747.1428571428573,529.0464467862403,3600.8571428571427,3403.5714285714284,3421.8,3352.7,3312.0222222222224,858.4612296187978,3811.5544929482085,3647.2055612116746,0.0,0.0,,858.4612296187984,3747.6036242073933,,11995.0548143808
2012-01-10,3129,1,10,3518.0,4496.0,3420.0,2866.0,3169.0,3041.0,2858.0,4200.0,3787.0,3705.5714285714284,568.9642218226811,3607.1428571428573,3413.25,3386.1,3341.733333333333,3318.4444444444443,847.1782107028326,3640.9158697111566,3578.1114863834514,0.7818314824680298,0.7818314824680298,,847.1782107028331,3698.347721759418,,11995.0548143808
2012-01-11,2920,2,11,3129.0,4459.0,3207.0,2791.0,3305.0,3005.0,2812.0,3154.0,4180.0,3664.5714285714284,619.0185396100475,3601.0714285714284,3417.1071428571427,3378.3,3320.733333333333,3319.5333333333333,850.4597194945546,3460.6869022833675,3490.363288198991,0.9749279121818236,0.9749279121818236,,850.4597194945551,3712.6731144695664,,11995.0548143808
2012-01-12,2570,3,12,2920.0,3518.0,3348.0,3220.0,3516.0,3137.0,3013.0,2858.0,4073.0,3553.4285714285716,742.7991781414562,3560.5714285714284,3401.285714285714,3368.7,3295.6833333333334,3312.1222222222223,858.1263129432142,3238.0151767125258,3367.648183105792,0.43388373911755823,0.43388373911755823,,858.1263129432147,3746.14154892208,,11995.0548143808
2012-01-13,3449,4,13,2570.0,3129.0,3782.0,3356.0,4526.0,4538.0,3319.0,2812.0,2985.0,3505.8571428571427,736.356215557715,3482.785714285714,3405.9285714285716,3389.9333333333334,3303.4166666666665,3303.9333333333334,851.7335237046248,3290.7613825343947,3378.49509202502,-0.433883739117558,-0.433883739117558,,851.7335237046253,3718.23389358164,,11995.0548143808
2012-01-14,4166,5,14,3449.0,2920.0,4496.0,4462.0,3362.0,4093.0,4343.0,3013.0,2653.0,3458.714285714286,669.9715701146645,3488.0,3399.6071428571427,3428.366666666667,3328.633333333333,3303.722222222222,860.1109985839357,3509.571036900796,3483.495746421684,-0.9749279121818236,-0.9749279121818236,,860.1109985839363,3754.805673571464,,11995.0548143808
2012-01-15,3982,6,15,4166.0,2570.0,4459.0,4200.0,0.0,2576.0,4154.0,3319.0,2461.0,3390.5714285714284,567.732876490012,3588.4285714285716,3393.464285714286,3450.4666666666667,3353.983333333333,3318.0,865.7034904245974,3627.678277675597,3549.9629802321265,-0.7818314824680299,-0.7818314824680299,,865.7034904245978,3779.219638893719,,11995.0548143808
2012-01-16,3542,0,16,3982.0,3449.0,3518.0,3154.0,3259.0,3792.0,3252.0,4343.0,2335.0,3394.0,568.7023240090879,3570.5714285714284,3403.8214285714284,3423.766666666667,3374.1,3330.177777777778,849.4259596454173,3606.258708256698,3548.9012495345096,0.0,0.0,,849.4259596454177,3708.1602465338674,,11995.0548143808
2012-01-17,2716,1,17,3542.0,4166.0,3129.0,2858.0,3041.0,3420.0,3169.0,4154.0,2946.0,3335.0,619.8959590124817,3520.285714285714,3387.6428571428573,3375.8333333333335,3370.266666666667,3332.5555555555557,847.3686281389116,3383.6940311925237,3437.847749596575,0.7818314824680298,0.7818314824680298,,847.368628138912,3699.1789871083242,,11995.0548143808
2012-01-18,2640,2,18,2716.0,3982.0,2920.0,2812.0,3005.0,3207.0,3305.0,3252.0,4604.0,3295.0,658.9418284896914,3479.785714285714,3363.8928571428573,3355.4333333333334,3337.5333333333333,3332.9555555555557,857.7558001224336,3197.770523394393,3331.4680496503647,0.9749279121818236,0.9749279121818236,,857.755800122434,3744.5240790328585,,11995.0548143808
2012-01-19,2672,3,19,2640.0,3542.0,2570.0,3013.0,3137.0,3348.0,3516.0,3169.0,4341.0,3309.5714285714284,641.1244957476072,3431.5,3333.75,3338.866666666667,3309.7166666666667,3324.9666666666667,866.2383097020129,3066.3278925457944,3243.5389763636495,0.43388373911755823,0.43388373911755823,,866.2383097020133,3781.554386920987,,11995.0548143808
2012-01-20,3075,4,20,2672.0,2716.0,3449.0,3319.0,4538.0,3782.0,4526.0,3305.0,3121.0,3256.1428571428573,643.1491347454447,3381.0,3281.9285714285716,3331.2,3308.95,3312.6444444444446,867.5651779151999,3068.495919409346,3221.0671128484964,-0.433883739117558,-0.433883739117558,,867.5651779152004,3787.3468163901584,,11995.0548143808
2012-01-21,4958,5,21,3075.0,2640.0,4166.0,4343.0,4093.0,4496.0,3362.0,3516.0,3540.0,3369.285714285714,862.2367645230876,3414.0,3338.9285714285716,3379.266666666667,3332.5833333333335,3320.322222222222,916.7112482366932,3540.8719395570097,3452.658164468697,-0.9749279121818236,-0.9749279121818236,,916.7112482366937,4001.8934783683176,,11995.0548143808
2012-01-22,3801,6,22,4958.0,2672.0,3982.0,4154.0,2576.0,4459.0,0.0,4526.0,3578.0,3343.4285714285716,843.3061636880701,3367.0,3474.6785714285716,3355.1,3336.3,3331.4444444444443,894.7310653544689,3605.9039546677573,3499.1037425395375,-0.7818314824680299,-0.7818314824680299,,894.7310653544694,3905.9392171994787,,11995.0548143808
2012-01-23,2582,0,23,3801.0,3075.0,3542.0,3252.0,3792.0,3518.0,3259.0,3362.0,1914.0,3206.285714285714,882.7681300480758,3300.1428571428573,3450.5,3329.1,3347.4333333333334,3332.5333333333333,905.7883344891068,3349.927966000818,3376.8232435342657,0.0,0.0,,905.7883344891071,3954.2096113105854,,11995.0548143808
2012-01-24,2495,1,24,2582.0,4958.0,2716.0,3169.0,3420.0,3129.0,3041.0,0.0,3095.0,3174.714285714286,906.848703714449,3254.8571428571427,3431.0,3412.266666666667,3337.4333333333334,3334.511111111111,674.6247454151342,3136.1959745006134,3259.2468110630302,0.7818314824680298,0.7818314824680298,,674.6247454151347,2945.067352686869,,11995.0548143808
2012-01-25,2383,2,25,2495.0,3801.0,2640.0,3305.0,3207.0,2920.0,3005.0,3259.0,3017.0,3138.0,936.8123255665132,3216.5,3408.785714285714,3383.0666666666666,3326.866666666667,3331.3333333333335,699.9694049143076,2947.8969808754596,3142.413902921293,0.9749279121818236,0.9749279121818236,,699.9694049143081,3055.709201749268,,11995.0548143808
2012-01-26,2599,3,26,2383.0,2582.0,2672.0,3516.0,3348.0,2570.0,3137.0,3041.0,3245.0,3127.5714285714284,943.2486164214384,3218.5714285714284,3389.5714285714284,3368.3333333333335,3316.1,3325.988888888889,711.9665980799992,2860.6727356565943,3069.9587158651207,0.43388373911755823,0.43388373911755823,,711.9665980799998,3108.082824502187,,11995.0548143808
2012-01-27,3311,4,27,2599.0,2495.0,3075.0,4526.0,3782.0,3449.0,4538.0,3005.0,2433.0,3161.285714285714,945.2718681743945,3208.714285714286,3345.75,3378.5333333333333,3330.733333333333,3317.3,708.7665698766489,2973.2545517424455,3102.0975537497716,-0.433883739117558,-0.433883739117558,,708.7665698766494,3094.113134458332,,11995.0548143808
2012-01-28,4118,5,28,3311.0,2383.0,4958.0,3362.0,4496.0,4166.0,4093.0,3137.0,2552.0,3041.285714285714,700.8986408617943,3205.285714285714,3346.6428571428573,3411.233333333333,3356.8333333333335,3316.8777777777777,719.7831418311807,3259.4409138068345,3237.5512132498025,-0.9749279121818236,-0.9749279121818236,,719.7831418311812,3142.205865450362,,11995.0548143808
2012-01-29,4027,6,29,4118.0,2599.0,3801.0,0.0,4459.0,3982.0,2576.0,4538.0,2350.0,3073.5714285714284,745.5114256094881,3208.5,3398.464285714286,3394.2,3384.7833333333333,3335.1,697.9133134590901,3451.330685355126,3342.8110514831624,-0.7818314824680299,-0.7818314824680299,,697.9133134590907,3046.733355754806,,11995.0548143808
2012-01-30,2812,0,30,4027.0,3311.0,2582.0,3259.0,3518.0,3542.0,3792.0,4093.0,2651.0,3106.4285714285716,725.0222656679525,3156.3571428571427,3363.464285714286,3351.5,3387.4666666666667,3336.0444444444443,692.853756276319,3291.4980140163448,3272.036244618741,0.0,0.0,,692.8537562763196,3024.645911172763,,11995.0548143808
2012-01-31,2793,1,31,2812.0,4118.0,2495.0,3041.0,3129.0,2716.0,3420.0,2576.0,3428.0,3149.0,691.0921308576293,3161.8571428571427,3341.0714285714284,3358.733333333333,3376.883333333333,3334.811111111111,685.5729007908996,3166.8735105122587,3208.164745336242,0.7818314824680298,0.7818314824680298,,685.5729007909,2992.861411811499,,11995.0548143808
2012-02-01,3120,2,1,2793.0,4027.0,2383.0,3005.0,2920.0,2640.0,3207.0,3792.0,4745.0,3254.285714285714,605.824428440487,3196.1428571428573,3337.964285714286,3336.3333333333335,3349.8,3336.8,681.8968641468674,3155.1551328841942,3196.4094459580765,0.9749279121818236,0.9749279121818236,,681.896864146868,2976.813711840225,,11995.0548143808
2012-02-02,3315,3,2,3120.0,2812.0,2599.0,3137.0,2570.0,2672.0,3348.0,3420.0,4508.0,3356.5714285714284,532.7897825418169,3242.0714285714284,3336.785714285714,3332.8333333333335,3329.9166666666665,3332.9333333333334,681.7220630611612,3195.1163496631457,3212.221519830333,0.43388373911755823,0.43388373911755823,,681.7220630611617,2976.0506195074486,,11995.0548143808
2012-02-03,4119,4,3,3315.0,2793.0,3311.0,4538.0,3449.0,3075.0,3782.0,3207.0,3271.0,3472.0,604.0342153664285,3316.6428571428573,3348.8214285714284,3363.233333333333,3344.05,3329.5444444444443,696.1000563897011,3426.0872622473594,3333.125317186288,-0.433883739117558,-0.433883739117558,,696.1000563897016,3038.817600761561,,11995.0548143808
2012-02-04,5620,5,4,4119.0,3120.0,4118.0,4093.0,4166.0,4958.0,4496.0,3348.0,2866.0,3686.5714285714284,1005.2732393306251,3363.9285714285716,3388.964285714286,3438.9666666666667,3389.95,3338.5555555555557,808.8476470213359,3974.56544668552,3638.04194156145,-0.9749279121818236,-0.9749279121818236,,808.8476470213365,3531.016042221047,,11995.0548143808
2012-02-05,4606,6,5,5620.0,3315.0,4027.0,2576.0,3982.0,3801.0,4459.0,3782.0,2791.0,3769.285714285714,1060.2681601503336,3421.4285714285716,3394.214285714286,3466.4333333333334,3420.2,3353.8888888888887,834.4823579603849,4132.4240850141405,3767.1030160199234,-0.7818314824680299,-0.7818314824680299,,834.4823579603852,3642.9241078460345,,11995.0548143808
2012-02-06,3531,0,6,4606.0,4119.0,2812.0,3792.0,3542.0,2582.0,3518.0,4496.0,3220.0,3872.0,984.170039508757,3489.214285714286,3394.6785714285716,3434.266666666667,3425.383333333333,3357.0222222222224,811.7155920018096,3982.068063760605,3735.622613883934,0.0,0.0,,811.71559200181,3543.5360263880925,,11995.0548143808
2012-02-07,3089,1,7,3531.0,5620.0,2793.0,3420.0,2716.0,2495.0,3129.0,4459.0,3356.0,3914.285714285714,935.2250556747857,3531.6428571428573,3393.25,3388.6,3420.9333333333334,3361.188888888889,790.3327801934282,3758.8010478204537,3649.406265366076,0.7818314824680298,0.7818314824680298,,790.3327801934287,3450.1895824672433,,11995.0548143808
2012-02-08,2975,2,8,3089.0,4606.0,3120.0,3207.0,2640.0,2383.0,2920.0,3518.0,4462.0,3893.5714285714284,957.0997609345401,3573.9285714285716,3395.214285714286,3370.5,3396.15,3358.633333333333,793.4786679878181,3562.85078586534,3559.485429983932,0.9749279121818236,0.9749279121818236,,793.4786679878185,3463.9229231154172,,11995.0548143808
2012-02-09,2948,3,9,2975.0,3531.0,3315.0,3348.0,2672.0,2599.0,2570.0,3129.0,4200.0,3841.1428571428573,1003.025328455773,3598.8571428571427,3408.714285714286,3364.4666666666667,3375.2833333333333,3349.311111111111,796.0621936079817,3409.1380893990054,3477.9540393194075,0.43388373911755823,0.43388373911755823,,796.0621936079823,3475.2012775050002,,11995.0548143808
2012-02-10,3427,4,10,2948.0,3089.0,4119.0,3782.0,3075.0,3311.0,3449.0,2920.0,3154.0,3742.285714285714,1005.1748959402904,3607.1428571428573,3407.9285714285716,3381.366666666667,3379.8333333333335,3340.9444444444443,791.6705812365394,3413.6035670492543,3471.1601674101535,-0.433883739117558,-0.433883739117558,,791.6705812365399,3456.0297390924393,,11995.0548143808
2012-02-11,5339,5,11,3427.0,2975.0,5620.0,4496.0,4958.0,4118.0,4166.0,2570.0,2858.0,3702.1428571428573,919.6616096100122,3694.3571428571427,3449.8214285714284,3473.6666666666665,3421.1833333333334,3355.011111111111,852.8645578419741,3894.952675286941,3720.205478422133,-0.9749279121818236,-0.9749279121818236,,852.8645578419745,3723.1714114170286,,11995.0548143808
2012-02-12,5112,6,12,5339.0,2948.0,4606.0,4459.0,3801.0,4027.0,3982.0,3449.0,2812.0,3774.4285714285716,1017.2534684372528,3771.8571428571427,3490.1785714285716,3529.1,3459.516666666667,3378.6444444444446,903.733686360128,4199.214506465206,3905.7780812991823,-0.7818314824680299,-0.7818314824680299,,903.7336863601284,3945.2400661419,,11995.0548143808
2012-02-13,3578,0,13,5112.0,3427.0,3531.0,3518.0,2582.0,2812.0,3542.0,4166.0,3013.0,3781.1428571428573,1015.5326071527579,3826.5714285714284,3491.464285714286,3509.5,3468.9333333333334,3388.9222222222224,895.7856790318865,4043.910879848904,3862.074337125958,0.0,0.0,,895.785679031887,3910.543122306974,,11995.0548143808
2012-02-14,2527,1,14,3578.0,5339.0,3089.0,3129.0,2495.0,2793.0,2716.0,3982.0,3319.0,3700.8571428571427,1098.2205954135436,3807.5714285714284,3484.714285714286,3461.0,3455.733333333333,3389.6555555555556,908.6179349562364,3664.6831598866784,3684.064425509164,0.7818314824680298,0.7818314824680298,,908.6179349562368,3966.562202900986,,11995.0548143808
2012-02-15,2578,2,15,2527.0,5112.0,2975.0,2920.0,2383.0,3120.0,2640.0,3542.0,4343.0,3644.1428571428573,1150.9383749172434,3768.8571428571427,3482.5,3428.866666666667,3426.3166666666666,3392.3555555555554,922.5930747676318,3393.012369915009,3536.5891687746084,0.9749279121818236,0.9749279121818236,,922.5930747676323,4027.5705312901987,,11995.0548143808
2012-02-16,2764,3,16,2578.0,3578.0,2948.0,2570.0,2599.0,3315.0,2672.0,2716.0,4154.0,3617.8571428571427,1171.4061960696977,3729.5,3485.785714285714,3430.4666666666667,3403.15,3390.3333333333335,921.354951756615,3235.759277436257,3433.5772796046604,0.43388373911755823,0.43388373911755823,,921.3549517566155,4022.165518083765,,11995.0548143808
2012-02-17,3186,4,17,2764.0,2527.0,3427.0,3449.0,3311.0,4119.0,3075.0,2640.0,3252.0,3583.4285714285716,1181.4490900504156,3662.8571428571427,3489.75,3448.6666666666665,3402.05,3374.5777777777776,910.5311573503373,3223.319458077193,3400.566975657372,-0.433883739117558,-0.433883739117558,,910.5311573503377,3974.914355485945,,11995.0548143808
2012-02-18,4408,5,18,3186.0,2578.0,5339.0,4166.0,4118.0,5620.0,4958.0,2672.0,3169.0,3450.4285714285716,987.3361226287747,3576.285714285714,3470.1071428571427,3506.5333333333333,3422.7,3375.322222222222,914.6243899616065,3519.4895935578948,3534.8913789030557,-0.9749279121818236,-0.9749279121818236,,914.624389961607,3992.7833201397457,,11995.0548143808
2012-02-19,4408,6,19,4408.0,2764.0,5112.0,3982.0,4027.0,4606.0,3801.0,3075.0,3305.0,3349.8571428571427,809.7650746917162,3562.1428571428573,3491.785714285714,3550.9666666666667,3441.0833333333335,3389.6222222222223,925.254614848717,3741.6171951684214,3651.305861715982,-0.7818314824680299,-0.7818314824680299,,925.2546148487173,4039.1894570025183,,11995.0548143808
2012-02-20,3556,0,20,4408.0,3186.0,3578.0,3542.0,2812.0,3531.0,2582.0,4958.0,3516.0,3346.714285714286,808.77411644326,3563.9285714285716,3526.5714285714284,3504.233333333333,3441.75,3389.8,886.3242453053449,3695.212896376316,3638.598413487184,0.0,0.0,,886.3242453053454,3869.23933117417,,11995.0548143808
2012-02-21,2769,1,21,3556.0,4408.0,2527.0,2716.0,2793.0,3089.0,2495.0,3801.0,4526.0,3381.285714285714,772.2423441480288,3541.0714285714284,3536.3571428571427,3469.8333333333335,3412.4666666666667,3380.811111111111,894.3991658180868,3463.6596722822374,3522.6519583555596,0.7818314824680298,0.7818314824680298,,894.3991658180872,3904.4903132041622,,11995.0548143808
2012-02-22,2708,2,22,2769.0,4408.0,2578.0,2640.0,3120.0,2975.0,2383.0,2582.0,3362.0,3399.8571428571427,750.9750170215256,3522.0,3547.964285714286,3474.0333333333333,3401.5666666666666,3389.633333333333,890.3730130113155,3274.7447542116784,3414.031697241485,0.9749279121818236,0.9749279121818236,,890.3730130113158,3886.9141847435108,,11995.0548143808
2012-02-23,2692,3,23,2708.0,3556.0,2764.0,2672.0,3315.0,2948.0,2599.0,2495.0,0.0,3389.5714285714284,761.5540814988937,3503.714285714286,3551.285714285714,3480.6,3446.4333333333334,3385.1555555555556,883.6042022347416,3129.058565658759,3317.7608042759534,0.43388373911755823,0.43388373911755823,,883.604202234742,3857.365011265838,,11995.0548143808
2012-02-24,3184,4,24,2692.0,2769.0,3186.0,3075.0,4119.0,3427.0,3311.0,2383.0,3259.0,3389.285714285714,761.6435549270467,3486.3571428571427,3546.75,3507.3,3445.1833333333334,3387.011111111111,861.1098351986577,3142.7939242440693,3299.926030372493,-0.433883739117558,-0.433883739117558,,861.1098351986581,3759.166084488314,,11995.0548143808
2012-02-25,4630,5,25,3184.0,2708.0,4408.0,4958.0,5620.0,5339.0,4118.0,2599.0,3041.0,3421.0,813.9572060823208,3435.714285714286,3565.035714285714,3575.0,3471.6666666666665,3402.4,867.0549041995833,3514.5954431830523,3477.2692263228273,-0.9749279121818236,-0.9749279121818236,,867.0549041995839,3785.119221759203,,11995.0548143808
2012-02-26,4276,6,26,4630.0,2692.0,4408.0,3801.0,4606.0,5112.0,4027.0,3311.0,3005.0,3402.1428571428573,788.4081913517138,3376.0,3573.9285714285716,3607.1666666666665,3492.85,3422.8777777777777,874.7887659643716,3704.9465823872893,3583.7666628131174,-0.7818314824680299,-0.7818314824680299,,874.788765964372,3818.881315350441,,11995.0548143808
2012-02-27,2904,0,27,4276.0,3184.0,3556.0,2582.0,3531.0,3578.0,2812.0,4118.0,3137.0,3309.0,805.5298463330445,3327.8571428571427,3577.214285714286,3566.7,3488.9666666666667,3426.788888888889,878.4149577113493,3504.709936790467,3493.1311077713685,0.0,0.0,,878.4149577113498,3834.711417938858,,11995.0548143808
2012-02-28,2620,1,28,2904.0,4630.0,2769.0,2495.0,3089.0,2527.0,2793.0,4027.0,4538.0,3287.714285714286,823.9356193064541,3334.5,3571.035714285714,3519.8,3457.0,3429.788888888889,890.4696320016975,3283.5324525928504,3376.7136267351857,0.7818314824680298,0.7818314824680298,,890.469632001698,3887.335973947298,,11995.0548143808
2012-02-29,2854,2,29,2620.0,4276.0,2708.0,2383.0,2975.0,2578.0,3120.0,2812.0,4093.0,3308.5714285714284,808.5185747490843,3354.214285714286,3561.535714285714,3521.2,3436.35,3432.0444444444443,889.3507666870782,3176.149339444638,3307.0184765038275,0.9749279121818236,0.9749279121818236,,889.3507666870787,3882.4515789817515,,11995.0548143808
2012-03-01,3485,3,1,2854.0,2904.0,2692.0,2599.0,2948.0,2764.0,3315.0,2793.0,2576.0,3421.8571428571427,761.9432237315851,3405.714285714286,3567.6071428571427,3544.266666666667,3451.5,3432.677777777778,878.723052103931,3253.3620045834787,3330.7493463033175,0.43388373911755823,0.43388373911755823,,878.7230521039314,3836.056400824981,,11995.0548143808
2012-03-02,3912,4,2,3485.0,2620.0,3184.0,3311.0,3427.0,3186.0,4119.0,3120.0,3792.0,3525.8571428571427,773.6597935723943,3457.5714285714284,3560.214285714286,3570.6666666666665,3453.5,3423.4222222222224,877.4333389881042,3418.021503437609,3408.249433462875,-0.433883739117558,-0.433883739117558,,877.4333389881045,3830.426171549272,,11995.0548143808
2012-03-03,4940,5,3,3912.0,2854.0,4630.0,4118.0,5339.0,4408.0,5620.0,3315.0,3420.0,3570.1428571428573,852.2750785537571,3495.5714285714284,3535.9285714285716,3624.8333333333335,3478.8333333333335,3428.222222222222,910.6359310122633,3798.516127578207,3612.4828423344916,-0.9749279121818236,-0.9749279121818236,,910.6359310122638,3975.371743824064,,11995.0548143808
2012-03-04,4953,6,4,4940.0,3485.0,4276.0,4027.0,5112.0,4408.0,4606.0,4119.0,3207.0,3666.8571428571427,975.2624311044757,3534.5,3548.3214285714284,3652.633333333333,3507.9333333333334,3446.911111111111,938.5446725110357,4087.1370956836554,3791.2184633565594,-0.7818314824680299,-0.7818314824680299,,938.5446725110362,4097.207066351455,,11995.0548143808
2012-03-05,3711,0,5,4953.0,3912.0,2904.0,2812.0,3578.0,3556.0,3531.0,5620.0,3348.0,3782.1428571428573,915.9496763053149,3545.5714285714284,3554.75,3589.0,3513.983333333333,3456.3,862.1647974320406,3993.1028217627418,3780.5226682423518,0.0,0.0,,862.164797432041,3763.7715112132732,,11995.0548143808
2012-03-06,3275,1,6,3711.0,4940.0,2620.0,2793.0,2527.0,2769.0,3089.0,4606.0,3782.0,3875.714285714286,804.0637856716173,3581.714285714286,3561.3928571428573,3544.633333333333,3505.5333333333333,3461.677777777778,842.0371637032825,3813.5771163220566,3713.119645810038,0.7818314824680298,0.7818314824680298,,842.037163703283,3675.9045342245663,,11995.0548143808
2012-03-07,3396,2,7,3275.0,4953.0,2854.0,3120.0,2578.0,2708.0,2975.0,3531.0,4496.0,3953.1428571428573,709.8557197467268,3630.8571428571427,3576.4285714285716,3540.133333333333,3487.2,3463.633333333333,842.47315452301,3709.1828372415425,3670.8370263686993,0.9749279121818236,0.9749279121818236,,842.4731545230104,3677.8078476413607,,11995.0548143808
2012-03-08,3275,3,8,3396.0,3711.0,3485.0,3315.0,2764.0,2692.0,2948.0,3089.0,4459.0,3923.1428571428573,736.8616850244989,3672.5,3588.1071428571427,3546.3333333333335,3467.4666666666667,3462.733333333333,839.7185625957148,3600.637127931157,3618.058756186206,0.43388373911755823,0.43388373911755823,,839.7185625957153,3665.782705056264,,11995.0548143808
2012-03-09,3648,4,9,3275.0,3275.0,3912.0,4119.0,3186.0,3184.0,3427.0,2975.0,3518.0,3885.4285714285716,744.2461190454989,3705.6428571428573,3596.0,3568.766666666667,3469.633333333333,3453.688888888889,832.8908395310335,3612.4778459483678,3622.0509220280455,-0.433883739117558,-0.433883739117558,,832.890839531034,3635.9763505938195,,11995.0548143808
2012-03-10,5160,5,10,3648.0,3396.0,4940.0,5620.0,4408.0,4630.0,5339.0,2948.0,3129.0,3916.8571428571427,798.8440458085736,3743.5,3589.6071428571427,3642.5,3503.483333333333,3464.3555555555554,872.9869750578679,3999.358384461276,3827.1107990909727,-0.9749279121818236,-0.9749279121818236,,872.9869750578682,3811.0156157727483,,11995.0548143808
2012-03-11,5306,6,11,5160.0,3275.0,4953.0,4606.0,4408.0,4276.0,5112.0,3427.0,2920.0,3967.285714285714,881.9708449991824,3817.0714285714284,3596.535714285714,3705.133333333333,3543.25,3488.266666666667,922.967206550597,4326.018788345958,4024.296025878843,-0.7818314824680299,-0.7818314824680299,,922.9672065505974,4029.203799721429,,11995.0548143808
2012-03-12,3539,0,12,5306.0,3648.0,3711.0,3531.0,3556.0,2904.0,3578.0,5339.0,2570.0,3942.714285714286,892.6323831390904,3862.4285714285716,3595.1428571428573,3645.133333333333,3559.4,3495.8333333333335,870.0825459584888,4129.264091259468,3959.5898890949975,0.0,0.0,,870.0825459584894,3798.336360561749,,11995.0548143808
2012-03-13,2760,1,13,3539.0,5160.0,3275.0,3089.0,2769.0,2620.0,2527.0,5112.0,3449.0,3869.1428571428573,974.3234282604232,3872.4285714285716,3603.464285714286,3566.733333333333,3547.9166666666665,3495.2555555555555,838.7517792091019,3786.9480684446007,3799.6445705489978,0.7818314824680298,0.7818314824680298,,838.7517792091023,3661.562222175397,,11995.0548143808
2012-03-14,2722,2,14,2760.0,5306.0,3396.0,2975.0,2708.0,2854.0,2578.0,3578.0,4166.0,3772.8571428571427,1058.537738041089,3863.0,3608.6071428571427,3538.2,3523.85,3492.0222222222224,852.79772432898,3520.7110513334505,3655.9586278091315,0.9749279121818236,0.9749279121818236,,852.7977243289805,3722.8796504068937,,11995.0548143808
2012-03-15,3075,3,15,2722.0,3539.0,3275.0,2948.0,2692.0,3485.0,2764.0,2527.0,3982.0,3744.285714285714,1076.7575886716133,3833.714285714286,3619.714285714286,3556.4666666666667,3508.733333333333,3489.311111111111,836.096708369985,3409.283288500088,3578.497477434581,0.43388373911755823,0.43388373911755823,,836.0967083699854,3649.971537872018,,11995.0548143808
2012-03-16,3636,4,16,3075.0,2760.0,3648.0,3427.0,3184.0,3912.0,3186.0,2578.0,3542.0,3742.5714285714284,1076.9459684903516,3814.0,3635.785714285714,3591.733333333333,3510.3,3481.4555555555557,815.4603072153024,3465.962466375066,3586.1644804433035,-0.433883739117558,-0.433883739117558,,815.4603072153028,3559.883541944435,,11995.0548143808
2012-03-17,4580,5,17,3636.0,2722.0,5160.0,5339.0,4630.0,4940.0,4408.0,2764.0,2716.0,3659.714285714286,966.3506462090118,3788.285714285714,3641.9285714285716,3652.266666666667,3541.366666666667,3486.188888888889,819.2909017004839,3744.4718497812996,3718.675883050863,-0.9749279121818236,-0.9749279121818236,,819.2909017004845,3576.6059625736234,,11995.0548143808
2012-03-18,4796,6,18,4580.0,3075.0,5306.0,5112.0,4276.0,4953.0,4408.0,3186.0,2640.0,3586.8571428571427,831.3375625202718,3777.0714285714284,3655.785714285714,3705.9333333333334,3577.3,3503.3444444444444,840.1602447043097,4007.353887335975,3862.3190986440814,-0.7818314824680299,-0.7818314824680299,,840.1602447043101,3667.71086373578,,11995.0548143808
2012-03-19,3520,0,19,4796.0,3636.0,3539.0,3578.0,2904.0,3711.0,3556.0,4408.0,2672.0,3584.1428571428573,831.5508460243508,3763.4285714285716,3654.5,3676.3333333333335,3591.4333333333334,3507.2444444444445,830.1557117475751,3885.5154155019814,3816.676552158204,0.0,0.0,,830.1557117475754,3624.036178527445,,11995.0548143808
2012-03-20,2806,1,20,3520.0,4580.0,2760.0,2527.0,2620.0,3275.0,2769.0,4408.0,3075.0,3590.714285714286,824.1008664570387,3729.9285714285716,3655.8214285714284,3622.9333333333334,3586.95,3501.7,832.9878474641664,3615.636561626486,3681.91967853711,0.7818314824680298,0.7818314824680298,,832.9878474641669,3636.3998377231646,,11995.0548143808
2012-03-21,2652,2,21,2806.0,4796.0,2722.0,2578.0,2854.0,3396.0,2708.0,3556.0,4958.0,3580.714285714286,836.7270989368291,3676.785714285714,3653.8214285714284,3592.8,3548.516666666667,3492.1,851.6350359647937,3374.7274212198645,3544.597054732162,0.9749279121818236,0.9749279121818236,,851.6350359647943,3717.8039463714504,,11995.0548143808
2012-03-22,3009,3,22,2652.0,3520.0,3075.0,2764.0,3485.0,3275.0,2692.0,2769.0,3801.0,3571.285714285714,843.7181034535422,3657.785714285714,3665.1428571428573,3600.8,3535.3166666666666,3475.2444444444445,844.7289057075814,3283.2955659148984,3473.1841141012073,0.43388373911755823,0.43388373911755823,,844.7289057075818,3687.655306120486,,11995.0548143808
2012-03-23,3321,4,23,3009.0,2806.0,3636.0,3186.0,3912.0,3648.0,3184.0,2708.0,2582.0,3526.285714285714,848.0803252612588,3634.4285714285716,3670.035714285714,3621.233333333333,3547.633333333333,3474.788888888889,829.6678057006242,3292.721674436174,3452.892898887713,-0.433883739117558,-0.433883739117558,,829.6678057006246,3621.9062297228406,,11995.0548143808
2012-03-24,5045,5,24,3321.0,2652.0,4580.0,4408.0,4940.0,5160.0,4630.0,2692.0,2495.0,3592.714285714286,955.7485224133187,3626.214285714286,3684.8571428571427,3699.6666666666665,3590.133333333333,3530.8444444444444,849.7706519523584,3730.7912558271305,3665.173845702684,-0.9749279121818236,-0.9749279121818236,,849.7706519523589,3709.6649972368227,,11995.0548143808
2012-03-25,5065,6,25,5045.0,3009.0,4796.0,4408.0,4953.0,5306.0,4276.0,3184.0,2383.0,3631.1428571428573,1015.7200120393151,3609.0,3713.035714285714,3762.366666666667,3634.8333333333335,3550.911111111111,879.2920147063958,4064.3434418703478,3851.817332942326,-0.7818314824680299,-0.7818314824680299,,879.2920147063962,3838.5402011848205,,11995.0548143808
2012-03-26,3049,0,26,5065.0,3321.0,3520.0,3556.0,3711.0,3539.0,2904.0,4630.0,2599.0,3563.8571428571427,1039.6288486075916,3574.0,3718.214285714286,3709.6666666666665,3642.3333333333335,3551.0,872.8523331023953,3810.507581402761,3744.7750218833494,0.0,0.0,,872.8523331023957,3810.4278377078926,,11995.0548143808
2012-03-27,2795,1,27,3049.0,5045.0,2806.0,2769.0,3275.0,2760.0,2620.0,4276.0,3311.0,3562.285714285714,1040.9727364802798,3576.5,3724.464285714286,3660.3,3633.733333333333,3548.6666666666665,881.554940881792,3556.630686052071,3618.138352298903,0.7818314824680298,0.7818314824680298,,881.5549408817925,3848.4189820122256,,11995.0548143808
2012-03-28,2687,2,28,2795.0,5065.0,2652.0,2708.0,3396.0,2722.0,2854.0,2904.0,4118.0,3567.285714285714,1035.9436461966654,3574.0,3718.5,3653.0666666666666,3609.883333333333,3543.6666666666665,888.834724690754,3339.223014539053,3493.986571992383,0.9749279121818236,0.9749279121818236,,888.8347246907545,3880.198802980992,,11995.0548143808
2012-03-29,2537,3,29,2687.0,3049.0,3009.0,2692.0,3275.0,3075.0,3485.0,2620.0,4027.0,3499.8571428571427,1092.1732812106698,3535.5714285714284,3684.6428571428573,3650.3,3585.05,3521.4333333333334,892.2837089409264,3138.66726090429,3366.3883623933984,0.43388373911755823,0.43388373911755823,,892.2837089409269,3895.255308073854,,11995.0548143808
2012-03-30,3976,4,30,2537.0,2795.0,3321.0,3184.0,3648.0,3636.0,3912.0,2854.0,2812.0,3593.4285714285716,1102.307255584526,3559.8571428571427,3686.9285714285716,3687.7,3604.45,3520.133333333333,881.2013801701569,3348.0004456782176,3447.6699140742785,-0.433883739117558,-0.433883739117558,,881.2013801701573,3846.875516380249,,11995.0548143808
2012-03-31,4777,5,31,3976.0,2687.0,5045.0,4630.0,5160.0,4580.0,4940.0,3485.0,2793.0,3555.1428571428573,1046.7416791439741,3573.9285714285716,3681.1071428571427,3730.766666666667,3637.516666666667,3544.588888888889,902.2730943464983,3705.2503342586633,3624.9139255310415,-0.9749279121818236,-0.9749279121818236,,902.2730943464987,3938.863866804164,,11995.0548143808
2012-04-01,5011,6,1,4777.0,2537.0,5065.0,4276.0,5306.0,4796.0,4953.0,3912.0,3120.0,3547.4285714285716,1033.8797249749557,3589.285714285714,3683.1785714285716,3767.4,3669.0333333333333,3558.133333333333,931.7150889067684,4031.6877506939977,3809.7254021269027,-0.7818314824680299,-0.7818314824680299,,931.7150889067688,4067.392589722679,,11995.0548143808
2012-04-02,3700,0,2,5011.0,3976.0,3049.0,2904.0,3539.0,3520.0,3711.0,4940.0,3315.0,3640.4285714285716,1010.5895733255361,3602.1428571428573,3682.785714285714,3726.0666666666666,3675.45,3561.2444444444445,905.0242112719977,3948.765813020498,3795.095348509982,0.0,0.0,,905.0242112719982,3950.873839304842,,11995.0548143808
2012-04-03,3866,1,3,3700.0,4777.0,2795.0,2620.0,2760.0,2806.0,3275.0,4953.0,4119.0,3793.4285714285716,939.8597159758938,3677.8571428571427,3703.8928571428573,3689.8333333333335,3671.233333333333,3568.5666666666666,875.486587200405,3928.0743597653736,3804.5493020419844,0.7818314824680298,0.7818314824680298,,875.4865872004053,3821.927646743145,,11995.0548143808
2012-04-04,3338,2,4,3866.0,5011.0,2687.0,2854.0,2722.0,2652.0,3396.0,3711.0,5620.0,3886.4285714285716,838.9185214991304,3726.8571428571427,3701.8214285714284,3677.4,3633.2,3568.4555555555557,877.8211113024522,3780.5557698240304,3742.3427284363866,0.9749279121818236,0.9749279121818236,,877.8211113024526,3832.1189875792556,,11995.0548143808
2012-04-05,3860,3,5,3338.0,3700.0,2537.0,3485.0,3075.0,3009.0,3275.0,3275.0,4606.0,4075.4285714285716,598.9434745568946,3787.6428571428573,3722.714285714286,3696.9,3620.766666666667,3569.322222222222,875.067223033512,3800.416827368023,3758.0303646448683,0.43388373911755823,0.43388373911755823,,875.0672230335125,3820.0969168074344,,11995.0548143808
2012-04-06,4897,4,6,3860.0,3866.0,3976.0,3912.0,3636.0,3321.0,3648.0,3396.0,3531.0,4207.0,670.3625884549335,3900.214285714286,3767.3214285714284,3746.9333333333334,3643.5333333333333,3573.777777777778,899.8301729937049,4074.5626205260173,3909.892982692219,-0.433883739117558,-0.433883739117558,,899.8301729937053,3928.199318890396,,11995.0548143808
2012-04-07,5822,5,7,4897.0,3338.0,4777.0,4940.0,4580.0,5045.0,5160.0,3275.0,3089.0,4356.285714285715,896.6267737629569,3955.714285714286,3790.964285714286,3831.8333333333335,3689.0833333333335,3588.9222222222224,971.1009778572965,4511.421965394513,4164.840584999923,-0.9749279121818236,-0.9749279121818236,,971.1009778572969,4239.331280814381,,11995.0548143808
2012-04-08,3842,6,8,5822.0,3860.0,5011.0,4953.0,4796.0,5065.0,5306.0,3648.0,2975.0,4189.285714285715,862.5788300759746,3868.3571428571427,3738.6785714285716,3838.3,3703.5333333333333,3592.5222222222224,970.4803343243696,4344.066474045884,4121.795173666599,-0.7818314824680299,-0.7818314824680299,,970.4803343243699,4236.621867886821,,11995.0548143808
2012-04-09,3843,0,9,3842.0,4897.0,3700.0,3711.0,3520.0,3049.0,3539.0,5160.0,2948.0,4209.714285714285,850.6708557144199,3925.0714285714284,3749.535714285714,3794.4,3718.45,3600.4555555555557,937.8707579515874,4218.799855534413,4084.622483844386,0.0,0.0,,937.8707579515878,4094.2650993082657,,11995.0548143808
2012-04-10,3753,1,10,3843.0,5822.0,3866.0,3275.0,2806.0,2795.0,2760.0,5306.0,3427.0,4193.571428571428,859.3088030781587,3993.5,3785.0,3742.633333333333,3723.883333333333,3609.711111111111,893.3630950180478,4102.34989165081,4040.4061526651344,0.7818314824680298,0.7818314824680298,,893.3630950180483,3899.9673568361904,,11995.0548143808
2012-04-11,3182,2,11,3753.0,3842.0,3338.0,3396.0,2652.0,2687.0,2722.0,3539.0,5339.0,4171.285714285715,886.779513048144,4028.8571428571427,3801.4285714285716,3730.733333333333,3687.9333333333334,3616.511111111111,898.5318651242559,3872.262418738107,3925.95199897645,0.9749279121818236,0.9749279121818236,,898.5318651242563,3922.531569306592,,11995.0548143808
2012-04-12,3175,3,12,3182.0,3843.0,3860.0,3275.0,3009.0,2537.0,3075.0,2760.0,5112.0,4073.4285714285716,961.5024453327989,4074.4285714285716,3805.0,3744.5666666666666,3655.65,3613.4666666666667,886.1812955065926,3697.9468140535805,3825.8250657795897,0.43388373911755823,0.43388373911755823,,886.181295506593,3868.6152853053513,,11995.0548143808
2012-04-13,3975,4,13,3175.0,3753.0,4897.0,3648.0,3321.0,3976.0,3636.0,2722.0,3578.0,3941.714285714286,890.4024772138563,4074.3571428571427,3817.1071428571427,3786.3333333333335,3662.266666666667,3611.3444444444444,865.6136883571445,3767.2101105401853,3845.715057008978,-0.433883739117558,-0.433883739117558,,865.613688357145,3778.827608896514,,11995.0548143808
2012-04-14,4937,5,14,3975.0,3182.0,5822.0,5160.0,5045.0,4777.0,4580.0,3075.0,2527.0,3815.285714285714,591.6262092137,4085.785714285714,3829.8571428571427,3848.4,3702.4333333333334,3621.9555555555557,879.4942747456288,4059.657582905139,3991.2197160744477,-0.9749279121818236,-0.9749279121818236,,879.4942747456292,3839.4231652953827,,11995.0548143808
2012-04-15,4740,6,15,4937.0,3175.0,3842.0,5306.0,5065.0,5011.0,4796.0,3636.0,2578.0,3943.5714285714284,687.9088740869821,4066.4285714285716,3827.8571428571427,3885.2,3738.4666666666667,3635.266666666667,893.2892492124906,4229.743187178855,4091.057087264521,-0.7818314824680299,-0.7818314824680299,,893.2892492124911,3899.644983735356,,11995.0548143808
2012-04-16,3160,0,16,4740.0,3975.0,3843.0,3539.0,3049.0,3700.0,3520.0,4580.0,2764.0,3846.0,750.1710915962223,4027.8571428571427,3815.0,3837.866666666667,3745.0666666666666,3640.2,892.8250295177259,3962.307390384141,3966.9161422959182,0.0,0.0,,892.8250295177263,3897.61843745638,,11995.0548143808
2012-04-17,2679,1,17,3160.0,4937.0,3753.0,2760.0,2795.0,3866.0,2806.0,4796.0,3186.0,3692.5714285714284,872.257388837122,3943.0714285714284,3810.464285714286,3767.3,3736.616666666667,3640.633333333333,898.1306697802917,3641.4805427881056,3795.193989989796,0.7818314824680298,0.7818314824680298,,898.130669780292,3920.7801551795683,,11995.0548143808
2012-04-18,2687,2,18,2679.0,4740.0,3182.0,2722.0,2687.0,3338.0,2652.0,3520.0,4408.0,3621.8571428571427,938.1262225968379,3896.5714285714284,3811.714285714286,3739.5333333333333,3707.9333333333334,3640.8,918.6812787653934,3402.860407091079,3647.4347913244897,0.9749279121818236,0.9749279121818236,,918.6812787653938,4010.493626277658,,11995.0548143808
2012-04-19,3223,3,19,2687.0,3160.0,3175.0,3075.0,2537.0,3860.0,3009.0,2806.0,4408.0,3628.714285714286,934.483942128082,3851.0714285714284,3819.3571428571427,3753.4333333333334,3688.1833333333334,3642.4444444444443,907.1518400574049,3357.8953053183095,3590.8434858145574,0.43388373911755823,0.43388373911755823,,907.1518400574054,3960.1619807747848,,11995.0548143808
2012-04-20,3927,4,20,3223.0,2679.0,3975.0,3636.0,3976.0,4897.0,3321.0,2652.0,3556.0,3621.8571428571427,931.691370317345,3781.785714285714,3841.0,3795.9333333333334,3694.366666666667,3630.988888888889,883.3242827556268,3500.1714789887324,3635.6643543726163,-0.433883739117558,-0.433883739117558,,883.3242827556271,3856.143025673218,,11995.0548143808
2012-04-21,4831,5,21,3927.0,2687.0,4937.0,4580.0,4777.0,5822.0,5045.0,3009.0,2769.0,3606.714285714286,907.295746396165,3711.0,3833.3571428571427,3856.6666666666665,3728.733333333333,3642.4333333333334,889.9638634017195,3832.8786092415494,3795.0424404562673,-0.9749279121818236,-0.9749279121818236,,889.96386340172,3885.1280463520948,,11995.0548143808
2012-04-22,4992,6,22,4831.0,3223.0,4740.0,4796.0,5011.0,3842.0,5065.0,3321.0,2708.0,3642.714285714286,963.0439093979951,3793.1428571428573,3830.75,3912.366666666667,3766.8,3669.211111111111,907.4025637189222,4122.658956931163,3954.6367817287646,-0.7818314824680299,-0.7818314824680299,,907.4025637189227,3961.256512327472,,11995.0548143808
2012-04-23,2885,0,23,4992.0,3927.0,3160.0,3520.0,3700.0,3843.0,3049.0,5045.0,2692.0,3603.4285714285716,991.2143826544059,3724.714285714286,3824.8928571428573,3840.366666666667,3770.016666666667,3673.5444444444443,900.0978292934861,3813.244217698372,3812.0185441649296,0.0,0.0,,900.0978292934865,3929.367769700396,,11995.0548143808
2012-04-24,2901,1,24,2885.0,4831.0,2679.0,2806.0,3866.0,3753.0,2795.0,5065.0,3184.0,3635.1428571428573,959.7597665685992,3663.8571428571427,3828.6785714285716,3768.233333333333,3765.3,3679.3,885.1591200547433,3585.183163273779,3690.549404942939,0.7818314824680298,0.7818314824680298,,885.1591200547438,3864.152988936269,,11995.0548143808
2012-04-25,2768,2,25,2901.0,4992.0,2687.0,2652.0,3338.0,3182.0,2687.0,3049.0,4630.0,3646.714285714286,946.8242910356918,3634.285714285714,3831.5714285714284,3758.866666666667,3734.266666666667,3681.177777777778,894.4702047169778,3380.887372455334,3567.5428176172136,0.9749279121818236,0.9749279121818236,,894.4702047169783,3904.800432782961,,11995.0548143808
2012-04-26,2918,3,26,2768.0,2885.0,3223.0,3009.0,3860.0,3175.0,2537.0,2795.0,4276.0,3603.1428571428573,976.1368463781836,3615.9285714285716,3845.1785714285716,3762.9666666666667,3711.633333333333,3676.811111111111,890.1713311776392,3265.1655293415006,3480.937108601585,0.43388373911755823,0.43388373911755823,,890.1713311776397,3886.033744783331,,11995.0548143808
2012-04-27,3690,4,27,2918.0,2901.0,3927.0,3321.0,4897.0,3975.0,3976.0,2687.0,2904.0,3569.285714285714,967.1000834601217,3595.5714285714284,3834.964285714286,3796.4,3724.733333333333,3672.0555555555557,866.897583737347,3371.3741470061254,3508.8121607880403,-0.433883739117558,-0.433883739117558,,866.8975837373474,3784.432440907491,,11995.0548143808
2012-04-28,4587,5,28,3690.0,2768.0,4831.0,5045.0,5822.0,4937.0,4777.0,2537.0,2620.0,3534.4285714285716,917.152269644626,3570.5714285714284,3828.1785714285716,3864.733333333333,3757.516666666667,3678.277777777778,844.7139460046269,3675.280610254594,3652.5705393496346,-0.9749279121818236,-0.9749279121818236,,844.7139460046274,3687.589999691873,,11995.0548143808
2012-04-29,4654,6,29,4587.0,2918.0,4992.0,5065.0,3842.0,4740.0,5011.0,3976.0,2854.0,3486.1428571428573,832.6278537600975,3564.4285714285716,3815.4285714285716,3887.3333333333335,3787.516666666667,3698.7444444444445,856.777174320591,3919.9604576909455,3786.09446743635,-0.7818314824680299,-0.7818314824680299,,856.7771743205915,3740.251898210718,,11995.0548143808
2012-04-30,3239,0,30,4654.0,3690.0,2885.0,3049.0,3843.0,3160.0,3700.0,4777.0,3485.0,3536.714285714286,800.1478434817997,3570.0714285714284,3798.964285714286,3836.0666666666666,3783.4166666666665,3703.7,847.6728359347162,3749.720343268209,3713.148538444837,0.0,0.0,,847.6728359347167,3700.507003096392,,11995.0548143808
2012-05-01,3492,1,1,3239.0,4587.0,2901.0,2795.0,3753.0,2679.0,3866.0,5011.0,3912.0,3621.1428571428573,751.5970615011381,3628.1428571428573,3785.6071428571427,3785.4333333333334,3776.4166666666665,3707.8333333333335,819.9858990937826,3685.290257451157,3683.662066652192,0.7818314824680298,0.7818314824680298,,819.9858990937831,3579.6399665100585,,11995.0548143808
2012-05-02,3373,2,2,3492.0,4654.0,2768.0,2687.0,3182.0,2687.0,3338.0,3700.0,4940.0,3707.5714285714284,667.1858454590854,3677.1428571428573,3786.8571428571427,3774.5333333333333,3750.3,3708.4777777777776,823.3273004572096,3607.2176930883675,3642.2404577652333,0.9749279121818236,0.9749279121818236,,823.3273004572101,3594.2268196228906,,11995.0548143808
2012-05-03,3842,3,3,3373.0,3239.0,2918.0,2537.0,3175.0,3223.0,3860.0,3866.0,4953.0,3839.5714285714284,569.1370242577386,3721.3571428571427,3786.214285714286,3773.733333333333,3731.7833333333333,3705.4,823.2470167420639,3665.9132698162757,3668.875063396535,0.43388373911755823,0.43388373911755823,,823.2470167420645,3593.8763418942945,,11995.0548143808
2012-05-04,4016,4,4,3842.0,3492.0,3690.0,3976.0,3975.0,3927.0,4897.0,3338.0,3711.0,3886.1428571428573,568.1952213137757,3727.714285714286,3754.75,3796.3333333333335,3736.866666666667,3687.5777777777776,820.1732505510868,3753.434952362207,3715.1583882769974,-0.433883739117558,-0.433883739117558,,820.1732505510871,3580.457847360315,,11995.0548143808
2012-05-05,4296,5,5,4016.0,3373.0,4587.0,4777.0,4937.0,4831.0,5822.0,3860.0,3275.0,3844.5714285714284,516.6816741292008,3689.5,3700.25,3810.866666666667,3753.883333333333,3684.133333333333,825.1879089379985,3889.0762142716553,3792.6039365067313,-0.9749279121818236,-0.9749279121818236,,825.187908937999,3602.349286713142,,11995.0548143808
2012-05-06,5479,6,6,4296.0,3842.0,4654.0,5011.0,4740.0,4992.0,3842.0,4897.0,3396.0,3962.4285714285716,766.0188981878664,3724.285714285714,3758.714285714286,3830.266666666667,3788.6,3705.777777777778,857.8001106814178,4286.557160703741,4017.4567449725005,-0.7818314824680299,-0.7818314824680299,,857.8001106814182,3744.717516320077,,11995.0548143808
2012-05-07,4103,0,7,5479.0,4016.0,3239.0,3700.0,3160.0,2885.0,3843.0,5822.0,3275.0,4085.8571428571427,696.4767114008976,3811.285714285714,3768.0,3772.9666666666667,3802.4,3717.0444444444443,773.4315155173067,4240.6678705278055,4028.8625123095003,0.0,0.0,,773.4315155173072,3376.407286227671,,11995.0548143808
2012-05-08,3454,1,8,4103.0,4296.0,3492.0,3866.0,2679.0,2901.0,3753.0,3842.0,3648.0,4080.4285714285716,702.0030524964158,3850.785714285714,3757.3214285714284,3760.0333333333333,3799.1666666666665,3722.366666666667,775.4786945797557,4044.000902895854,3952.2141773349003,0.7818314824680298,0.7818314824680298,,775.4786945797562,3385.3442252636273,,11995.0548143808
2012-05-09,3359,2,9,3454.0,5479.0,3373.0,3338.0,2687.0,2768.0,3182.0,3843.0,5160.0,4078.4285714285716,704.3703706485805,3893.0,3763.6428571428573,3743.9,3769.15,3726.9333333333334,778.7209827438278,3872.7506771718904,3873.118953690247,0.9749279121818236,0.9749279121818236,,778.7209827438284,3399.4984007291837,,11995.0548143808
2012-05-10,3594,3,10,3359.0,4103.0,3842.0,3860.0,3223.0,2918.0,3175.0,3753.0,5306.0,4043.0,724.202089659141,3941.285714285714,3778.6071428571427,3738.6,3740.616666666667,3728.788888888889,779.1978457096865,3803.0630078789177,3835.903093198214,0.43388373911755823,0.43388373911755823,,779.197845709687,3401.5801410774297,,11995.0548143808
2012-05-11,4147,4,11,3594.0,3454.0,4016.0,4897.0,3927.0,3690.0,3975.0,3182.0,3539.0,4061.714285714286,725.0801597721717,3973.9285714285716,3784.75,3770.766666666667,3750.75,3715.5444444444443,775.3369760541393,3889.047255909188,3877.3826807717855,-0.433883739117558,-0.433883739117558,,775.3369760541399,3384.7255545049575,,11995.0548143808
2012-05-12,5149,5,12,4147.0,3359.0,4296.0,5822.0,4831.0,4587.0,4937.0,3175.0,2760.0,4183.571428571428,834.4462948851881,4014.0714285714284,3792.3214285714284,3836.5666666666666,3790.5666666666666,3715.9555555555557,806.1824762778376,4204.035441931891,4046.931656668881,-0.9749279121818236,-0.9749279121818236,,806.1824762778381,3519.381266889491,,11995.0548143808
2012-05-13,4240,6,13,5149.0,3594.0,5479.0,3842.0,4992.0,4654.0,4740.0,3975.0,2722.0,4006.5714285714284,616.9210800804422,3984.5,3774.464285714286,3845.4,3815.866666666667,3723.311111111111,809.1977551232743,4213.0265814489185,4072.674102446363,-0.7818314824680299,-0.7818314824680299,,809.1977551232748,3532.5444355210807,,11995.0548143808
2012-05-14,3252,0,14,4240.0,4147.0,4103.0,3843.0,2885.0,3239.0,3160.0,4937.0,3075.0,3885.0,675.7923744267424,3985.4285714285716,3777.75,3789.233333333333,3818.8166666666666,3731.366666666667,789.043973396932,3972.7699360866886,3963.250888786848,0.0,0.0,,789.0439733969324,3444.563309719204,,11995.0548143808
2012-05-15,3317,1,15,3252.0,5149.0,3454.0,3753.0,2901.0,3492.0,2679.0,4740.0,3636.0,3865.4285714285716,692.140847213162,3972.9285714285716,3800.535714285714,3741.8,3813.5,3739.5777777777776,772.5165057939756,3808.8274520650166,3877.0841036152683,0.7818314824680298,0.7818314824680298,,772.5165057939761,3372.41282073869,,11995.0548143808
2012-05-16,3440,2,16,3317.0,4240.0,3359.0,3182.0,2768.0,3373.0,2687.0,3160.0,4580.0,3877.0,682.8782224281778,3977.714285714286,3827.4285714285716,3751.133333333333,3794.5,3747.088888888889,766.9161143415733,3716.6205890487627,3818.8062231332324,0.9749279121818236,0.9749279121818236,,766.9161143415738,3347.9643697430374,,11995.0548143808
2012-05-17,3195,3,17,3440.0,3252.0,3594.0,3175.0,2918.0,3842.0,3223.0,2679.0,4796.0,3820.0,725.7442157307685,3931.5,3826.4285714285716,3768.3333333333335,3767.8166666666666,3747.188888888889,747.5843549834943,3586.2154417865722,3735.6320600488016,0.43388373911755823,0.43388373911755823,,747.5843549834949,3263.5717740927807,,11995.0548143808
2012-05-18,3949,4,18,3195.0,3317.0,4147.0,3975.0,3690.0,4016.0,3927.0,2687.0,3520.0,3791.714285714286,714.6490314099921,3926.714285714286,3827.214285714286,3810.4,3774.9666666666667,3742.088888888889,719.6229664158159,3676.9115813399294,3764.0811187089616,-0.433883739117558,-0.433883739117558,,719.6229664158164,3141.5066213302794,,11995.0548143808
2012-05-19,4724,5,19,3949.0,3440.0,5149.0,4937.0,4587.0,4296.0,4831.0,3223.0,2806.0,3731.0,586.7236714729249,3957.285714285714,3823.3928571428573,3860.4333333333334,3806.9333333333334,3745.6,729.4869563879978,3938.683686004947,3892.0703028811,-0.9749279121818236,-0.9749279121818236,,729.4869563879984,3184.5677675923066,,11995.0548143808
2012-05-20,5287,6,20,4724.0,3195.0,4240.0,4740.0,4654.0,5479.0,4992.0,3927.0,2652.0,3880.5714285714284,823.7031943491257,3943.5714285714284,3833.9285714285716,3905.766666666667,3850.85,3764.8333333333335,774.6276829073637,4275.762764503711,4078.06092916362,-0.7818314824680299,-0.7818314824680299,,774.6276829073641,3381.62914260449,,11995.0548143808
2012-05-21,3460,0,21,5287.0,3949.0,3252.0,3160.0,3239.0,4103.0,2885.0,4831.0,3009.0,3910.285714285714,800.6788191457124,3897.6428571428573,3854.464285714286,3860.0666666666666,3858.366666666667,3772.511111111111,758.4328185342982,4071.822073377783,3995.6528052751373,0.0,0.0,,758.4328185342987,3310.93062958603,,11995.0548143808
2012-05-22,2616,1,22,3460.0,4724.0,3317.0,2679.0,3492.0,3454.0,2901.0,4992.0,3321.0,3810.1428571428573,921.9098706076485,3837.785714285714,3844.285714285714,3780.866666666667,3846.616666666667,3771.488888888889,760.20957787892,3707.866555033337,3811.699097905119,0.7818314824680298,0.7818314824680298,,760.2095778789205,3318.6870541390713,,11995.0548143808
2012-05-23,2756,2,23,2616.0,5287.0,3440.0,2687.0,3373.0,3359.0,2768.0,2885.0,5045.0,3712.4285714285716,1000.5733118472401,3794.714285714286,3843.8571428571427,3776.5666666666666,3808.4666666666667,3772.2,765.7959430793406,3469.899916275003,3670.9392181844364,0.9749279121818236,0.9749279121818236,,765.7959430793411,3343.074273676684,,11995.0548143808
2012-05-24,3144,3,24,2756.0,3460.0,3195.0,3223.0,3842.0,3594.0,2918.0,2901.0,5065.0,3705.1428571428573,1005.1441735013996,3762.5714285714284,3851.9285714285716,3784.6666666666665,3776.45,3771.7555555555555,757.4552374771755,3388.4249372062523,3600.680655759845,0.43388373911755823,0.43388373911755823,,757.455237477176,3306.6630095861656,,11995.0548143808
2012-05-25,3764,4,25,3144.0,2616.0,3949.0,3927.0,4016.0,4147.0,3690.0,2768.0,3049.0,3678.714285714286,1000.0831155935192,3735.214285714286,3854.5714285714284,3817.866666666667,3788.366666666667,3762.133333333333,732.7831562085631,3482.3187029046894,3622.4565683251994,-0.433883739117558,-0.433883739117558,,732.7831562085637,3198.9572938370125,,11995.0548143808
2012-05-26,4510,5,26,3764.0,2756.0,4724.0,4831.0,4296.0,5149.0,4587.0,2918.0,2795.0,3648.1428571428573,965.4764676178348,3689.5714285714284,3851.8214285714284,3870.9333333333334,3816.95,3764.733333333333,722.948223134498,3739.239027178517,3740.795692548506,-0.9749279121818236,-0.9749279121818236,,722.9482231344986,3156.0229951633614,,11995.0548143808
2012-05-27,4381,6,27,4510.0,3144.0,5287.0,4992.0,5479.0,4240.0,4654.0,3690.0,2687.0,3518.714285714286,744.6289264427224,3699.6428571428573,3842.0714285714284,3893.9666666666667,3845.1833333333334,3781.1444444444446,727.9751077277704,3899.679270383888,3826.156266875372,-0.7818314824680299,-0.7818314824680299,,727.9751077277708,3177.9678078936745,,11995.0548143808
2012-05-28,3925,0,28,4381.0,3764.0,3460.0,2885.0,4103.0,3252.0,3239.0,4587.0,2537.0,3585.1428571428573,759.118442355218,3747.714285714286,3866.5714285714284,3871.9,3868.3166666666666,3795.6444444444446,716.1810766019674,3906.009452787916,3839.335431291989,0.0,0.0,,716.181076601968,3126.4810869258567,,11995.0548143808
2012-05-29,3176,1,29,3925.0,4510.0,2616.0,2901.0,3454.0,3317.0,3492.0,4654.0,3976.0,3665.1428571428573,663.4411374471327,3737.6428571428573,3855.285714285714,3822.633333333333,3854.983333333333,3799.222222222222,711.3446462490045,3723.507089590937,3750.890707119724,0.7818314824680298,0.7818314824680298,,711.344646249005,3105.367700212936,,11995.0548143808
2012-05-30,2849,2,30,3176.0,4381.0,2756.0,2768.0,3359.0,3440.0,3373.0,3239.0,4777.0,3678.4285714285716,642.8112364561529,3695.4285714285716,3836.5714285714284,3809.633333333333,3822.85,3792.1555555555556,725.7953774205596,3504.8803171932027,3630.638612837094,0.9749279121818236,0.9749279121818236,,725.79537742056,3168.452217768859,,11995.0548143808
2012-05-31,3406,3,31,2849.0,3925.0,3144.0,2918.0,3594.0,3195.0,3842.0,3492.0,5011.0,3715.8571428571427,613.4648668482532,3710.5,3821.0,3806.766666666667,3796.1,3786.5333333333333,727.2615468119151,3480.1602378949024,3600.6867977921484,0.43388373911755823,0.43388373911755823,,727.2615468119157,3174.8527650914048,,11995.0548143808
2012-06-01,4397,4,1,3406.0,3176.0,3764.0,3690.0,4147.0,3949.0,4016.0,3373.0,3700.0,3806.285714285714,666.137051535623,3742.5,3834.6071428571427,3840.9,3807.7166666666667,3780.5,730.2253006128774,3709.370178421177,3706.861891419862,-0.433883739117558,-0.433883739117558,,730.225300612878,3187.791001673944,,11995.0548143808
2012-06-02,5442,5,2,4397.0,2849.0,4510.0,4587.0,5149.0,4724.0,4296.0,3842.0,3866.0,3939.4285714285716,886.8191956167201,3793.785714285714,3875.535714285714,3894.233333333333,3833.983333333333,3785.9333333333334,786.5644934135059,4142.527633815883,3938.213639230547,-0.9749279121818236,-0.9749279121818236,,786.5644934135064,3433.7391654813064,,11995.0548143808
2012-06-03,5122,6,3,5442.0,3406.0,4381.0,4654.0,4240.0,5287.0,5479.0,4016.0,3338.0,4045.285714285714,986.8923808747192,3782.0,3862.785714285714,3931.1,3863.7166666666667,3801.6111111111113,817.7689729400613,4387.395725361912,4096.051820666474,-0.7818314824680299,-0.7818314824680299,,817.7689729400618,3569.961998301785,,11995.0548143808
2012-06-04,3869,0,4,5122.0,4397.0,3925.0,3239.0,3252.0,3460.0,4103.0,4296.0,3860.0,4037.285714285714,988.2559915132845,3811.214285714286,3854.4285714285716,3916.866666666667,3863.866666666667,3808.211111111111,814.9098419915587,4257.796794021434,4065.7782445776106,0.0,0.0,,814.9098419915591,3557.4804917001998,,11995.0548143808
2012-06-05,3645,1,5,3869.0,5442.0,3176.0,3492.0,3317.0,2616.0,3454.0,5479.0,4897.0,4104.285714285715,934.572221979253,3884.714285714286,3861.25,3855.733333333333,3843.0,3810.9777777777776,760.6665830537761,4104.597595516075,4009.674478633929,0.7818314824680298,0.7818314824680298,,760.6665830537765,3320.6821055059604,,11995.0548143808
2012-06-06,3444,2,6,3645.0,5122.0,2849.0,3373.0,3440.0,2756.0,3359.0,4103.0,5822.0,4189.285714285715,821.6052811996996,3933.8571428571427,3864.285714285714,3833.766666666667,3803.366666666667,3812.8555555555554,762.7921343523933,3939.448196637056,3934.251214816072,0.9749279121818236,0.9749279121818236,,762.7921343523938,3329.961177728795,,11995.0548143808
2012-06-07,3584,3,7,3444.0,3869.0,3406.0,3842.0,3195.0,3144.0,3594.0,3454.0,3842.0,4214.714285714285,795.6673748675199,3965.285714285714,3863.9285714285716,3838.1,3799.0666666666666,3812.1444444444446,760.9273085949221,3850.586147477792,3887.5510528405957,0.43388373911755823,0.43388373911755823,,760.9273085949226,3321.82030016078,,11995.0548143808
2012-06-08,4305,4,8,3584.0,3645.0,4397.0,4016.0,3949.0,3764.0,4147.0,3359.0,3843.0,4201.571428571428,792.9095907148672,4003.9285714285716,3869.5714285714284,3869.633333333333,3806.766666666667,3802.6444444444446,759.9893140507035,3964.189610608344,3943.2109124618496,-0.433883739117558,-0.433883739117558,,759.989314050704,3317.7254946738026,,11995.0548143808
2012-06-09,4781,5,9,4305.0,3444.0,5442.0,4296.0,4724.0,4510.0,5149.0,3594.0,3753.0,4107.142857142857,646.3862180284655,4023.285714285714,3856.4285714285716,3909.2,3823.9,3796.811111111111,775.8772298901825,4168.392207956258,4054.9161241336033,-0.9749279121818236,-0.9749279121818236,,775.877229890183,3387.0840270417384,,11995.0548143808
2012-06-10,5302,6,10,4781.0,3584.0,5122.0,5479.0,5287.0,4381.0,4240.0,4147.0,3182.0,4132.857142857143,695.2230885529785,4089.0714285714284,3894.3571428571427,3947.7,3859.233333333333,3816.4,815.7174608049426,4451.794155967194,4221.193974249122,-0.7818314824680299,-0.7818314824680299,,815.717460804943,3561.006143281879,,11995.0548143808
2012-06-11,4182,0,11,5302.0,4305.0,3869.0,4103.0,3460.0,3925.0,3252.0,5149.0,3175.0,4177.571428571428,685.4207605898865,4107.428571428572,3927.5714285714284,3915.4666666666667,3876.016666666667,3832.2,785.1435069060786,4384.3456169753945,4215.968111015905,0.0,0.0,,785.1435069060792,3427.5358635715056,,11995.0548143808
2012-06-12,3683,1,12,4182.0,4781.0,3645.0,3454.0,2616.0,3176.0,3317.0,4240.0,3975.0,4183.0,680.6335284130508,4143.642857142857,3940.6428571428573,3896.9,3871.15,3842.8777777777777,783.7891320044379,4209.009212731546,4144.905696213785,0.7818314824680298,0.7818314824680298,,783.7891320044383,3421.623353938218,,11995.0548143808
2012-06-13,3561,2,13,3683.0,5302.0,3444.0,3359.0,2756.0,2849.0,3440.0,3252.0,4937.0,4199.714285714285,660.6031875707009,4194.5,3944.964285714286,3907.2,3848.2166666666667,3848.277777777778,777.0232056180561,4047.006909548659,4067.0516033852805,0.9749279121818236,0.9749279121818236,,777.0232056180565,3392.0867722361136,,11995.0548143808
2012-06-14,3682,3,14,3561.0,4182.0,3584.0,3594.0,3144.0,3406.0,3195.0,3317.0,4740.0,4213.714285714285,646.2625148461244,4214.214285714285,3962.3571428571427,3919.366666666667,3830.5833333333335,3848.788888888889,770.291592049143,3955.7551821614943,4015.7113896005762,0.43388373911755823,0.43388373911755823,,770.2915920491436,3362.6999827839863,,11995.0548143808
2012-06-15,4515,4,15,3682.0,3683.0,4305.0,4147.0,3764.0,4397.0,3949.0,3440.0,3160.0,4243.714285714285,656.0070411933374,4222.642857142857,3982.5714285714284,3955.2,3853.1666666666665,3848.0666666666666,772.2245251488542,4095.5663866211207,4082.2832043204994,-0.433883739117558,-0.433883739117558,,772.2245251488547,3371.1381822505414,,11995.0548143808
2012-06-16,5340,5,16,4515.0,3561.0,4781.0,5149.0,4510.0,5442.0,4724.0,3195.0,2679.0,4323.571428571428,758.3532284151082,4215.357142857143,4004.5714285714284,4026.7,3897.516666666667,3854.1111111111113,798.2737906430225,4406.674789965841,4249.978777077766,-0.9749279121818236,-0.9749279121818236,,798.273790643023,3484.8559815007593,,11995.0548143808
2012-06-17,4418,6,17,5340.0,3682.0,5302.0,4240.0,4381.0,5122.0,5287.0,3949.0,2687.0,4197.285714285715,631.2098737835967,4165.071428571428,3973.535714285714,4042.3333333333335,3926.366666666667,3864.088888888889,801.2863939051163,4409.50609247438,4272.38160680073,-0.7818314824680299,-0.7818314824680299,,801.2863939051167,3498.007469900923,,11995.0548143808
2012-06-18,3608,0,18,4418.0,4515.0,4182.0,3252.0,3925.0,3869.0,3460.0,4724.0,3223.0,4115.285714285715,669.6406285677201,4146.428571428572,3978.8214285714284,4005.133333333333,3932.7833333333333,3873.0,794.4244819183623,4209.129569355785,4183.797392560633,0.0,0.0,,794.4244819183629,3468.0518640525725,,11995.0548143808
2012-06-19,3301,1,19,3608.0,5340.0,3683.0,3317.0,3176.0,3645.0,2616.0,5287.0,3927.0,4060.714285714286,724.0920094126424,4121.857142857143,4003.285714285714,3938.9333333333334,3922.35,3880.211111111111,766.167035597836,3982.0971770168385,4066.0910735525486,0.7818314824680298,0.7818314824680298,,766.1670355978366,3344.6942742302876,,11995.0548143808
2012-06-20,3267,2,20,3301.0,4418.0,3561.0,3440.0,2849.0,3444.0,2756.0,3460.0,4831.0,4018.714285714286,765.2641622964182,4109.214285714285,4021.535714285714,3932.5,3896.2833333333333,3883.0777777777776,771.1214739495985,3803.322882762629,3959.5455970788753,0.9749279121818236,0.9749279121818236,,771.121473949599,3366.3228236421483,,11995.0548143808
2012-06-21,3435,3,21,3267.0,3608.0,3682.0,3195.0,3406.0,3584.0,3144.0,2616.0,4992.0,3983.4285714285716,788.7126340103979,4098.571428571428,4031.9285714285716,3959.8,3870.3333333333335,3884.3444444444444,736.632524303715,3711.242162071972,3889.606184135025,0.43388373911755823,0.43388373911755823,,736.6325243037154,3215.761670466467,,11995.0548143808
2012-06-22,3974,4,22,3435.0,3301.0,4515.0,3949.0,4397.0,4305.0,3764.0,2756.0,2885.0,3906.1428571428573,753.6704471167383,4074.9285714285716,4039.4285714285716,4000.4,3888.483333333333,3872.4444444444443,700.6847193011013,3776.931621553979,3900.8586929170215,-0.433883739117558,-0.433883739117558,,700.6847193011018,3058.8318993107946,,11995.0548143808
2012-06-23,4710,5,23,3974.0,3267.0,5340.0,4724.0,5442.0,4781.0,4510.0,3144.0,2901.0,3816.1428571428573,568.8665422198294,4069.8571428571427,4046.5714285714284,4052.6,3918.633333333333,3868.5,692.9740802238297,4010.1987161654843,4008.744200528085,-0.9749279121818236,-0.9749279121818236,,692.9740802238302,3025.1711841218635,,11995.0548143808
2012-06-24,4973,6,24,4710.0,3435.0,4418.0,5287.0,5122.0,5302.0,4381.0,3764.0,2768.0,3895.4285714285716,692.066677217078,4046.3571428571427,4067.714285714286,4092.9,3955.383333333333,3889.8777777777777,710.543810680626,4250.899037124113,4137.311640457674,-0.7818314824680299,-0.7818314824680299,,710.5438106806266,3101.871660817212,,11995.0548143808
2012-06-25,3508,0,25,4973.0,3974.0,3608.0,3460.0,3869.0,4182.0,3925.0,4510.0,2918.0,3881.1428571428573,699.9755778052626,3998.214285714286,4052.8214285714284,4059.5,3965.2166666666667,3897.8,713.8040757943901,4065.174277843085,4053.403421729984,0.0,0.0,,713.8040757943907,3116.1043144708246,,11995.0548143808
2012-06-26,3038,1,26,3508.0,4710.0,3301.0,2616.0,3645.0,3683.0,3176.0,4381.0,3690.0,3843.5714285714284,742.0958736674714,3952.1428571428573,4047.8928571428573,4014.733333333333,3954.35,3901.7,734.751890252675,3808.3807083823135,3918.016298832653,0.7818314824680298,0.7818314824680298,,734.7518902526756,3207.5517819562847,,11995.0548143808
2012-06-27,3144,2,27,3038.0,4973.0,3267.0,2756.0,3444.0,3561.0,2849.0,3925.0,4587.0,3826.0,759.2805805497741,3922.3571428571427,4058.4285714285716,3988.7,3930.3,3908.4444444444443,751.6818452987396,3642.285531286735,3814.8141256549657,0.9749279121818236,0.9749279121818236,,751.6818452987401,3281.4593257092774,,11995.0548143808
2012-06-28,3447,3,28,3144.0,3508.0,3435.0,3144.0,3584.0,3682.0,3406.0,3176.0,4654.0,3827.714285714286,758.263523736025,3905.5714285714284,4059.8928571428573,3997.733333333333,3910.1833333333334,3902.5666666666666,743.1584939475771,3593.4641484650515,3765.772242234304,0.43388373911755823,0.43388373911755823,,743.1584939475775,3244.250723489473,,11995.0548143808
2012-06-29,4124,4,29,3447.0,3038.0,3974.0,3764.0,4305.0,4515.0,4397.0,2849.0,3239.0,3849.1428571428573,765.1745832534851,3877.6428571428573,4050.1428571428573,4040.233333333333,3924.9333333333334,3895.311111111111,710.9590260919423,3726.0981113487887,3813.53594326973,-0.433883739117558,-0.433883739117558,,710.9590260919429,3103.6842794033378,,11995.0548143808
2012-06-30,5171,5,30,4124.0,3144.0,4710.0,4510.0,4781.0,5340.0,5442.0,3406.0,3492.0,3915.0,864.9493241417872,3865.5714285714284,4040.464285714286,4099.066666666667,3952.9166666666665,3897.088888888889,729.4532640051791,4087.3235835115916,3994.5311508337663,-0.9749279121818236,-0.9749279121818236,,729.4532640051797,3184.420683843381,,11995.0548143808
2012-07-01,5363,6,1,5171.0,3447.0,4973.0,4381.0,5302.0,4418.0,5122.0,4397.0,3373.0,3970.714285714286,952.5785556907658,3933.0714285714284,4049.0714285714284,4131.266666666666,3986.0833333333335,3915.5666666666666,763.5808984683551,4406.242687633693,4176.993664055931,-0.7818314824680299,-0.7818314824680299,,763.5808984683557,3333.4045193237744,,11995.0548143808
2012-07-02,4009,0,2,5363.0,4124.0,3508.0,3925.0,4182.0,3608.0,3869.0,5442.0,3842.0,4042.285714285714,930.5857858155285,3961.714285714286,4054.0714285714284,4083.5,3988.866666666667,3917.1555555555556,722.4740897394322,4306.93201572527,4154.594508848473,0.0,0.0,,722.4740897394328,3153.9531707281967,,11995.0548143808
2012-07-03,4464,1,3,4009.0,5171.0,3038.0,3176.0,3683.0,3301.0,3645.0,5122.0,4016.0,4246.0,824.0849470776654,4044.785714285714,4083.3214285714284,4061.5666666666666,3996.3333333333335,3929.6666666666665,699.4816151158308,4346.199011793952,4195.848574335343,0.7818314824680298,0.7818314824680298,,699.4816151158313,3053.579760426175,,11995.0548143808
2012-07-04,3399,2,4,4464.0,5363.0,3144.0,2849.0,3561.0,3267.0,3444.0,3869.0,4296.0,4282.428571428572,771.1908231522754,4054.214285714286,4081.714285714286,4045.9,3981.383333333333,3924.5444444444443,709.1400985068738,4109.399258845464,4089.6020977572975,0.9749279121818236,0.9749279121818236,,709.1400985068743,3095.743769832509,,11995.0548143808
2012-07-05,3296,3,5,3399.0,4009.0,3447.0,3406.0,3682.0,3435.0,3584.0,3645.0,5479.0,4260.857142857143,800.0265471785764,4044.285714285714,4071.4285714285716,4034.266666666667,3945.0,3906.7555555555555,718.7412336296939,3906.049444134098,3983.7884847229916,0.43388373911755823,0.43388373911755823,,718.7412336296944,3137.6574259667095,,11995.0548143808
2012-07-06,4249,4,6,3296.0,4464.0,4124.0,4397.0,4515.0,3974.0,4305.0,3444.0,4103.0,4278.714285714285,797.8547725590395,4063.9285714285716,4069.4285714285716,4061.1,3947.4333333333334,3889.277777777778,710.9288411939503,3991.7870831005735,4019.150020093259,-0.433883739117558,-0.433883739117558,,710.9288411939509,3103.5525075431674,,11995.0548143808
2012-07-07,4583,5,7,4249.0,3399.0,5171.0,5442.0,5340.0,4710.0,4781.0,3584.0,3454.0,4194.714285714285,714.8959631269695,4054.8571428571427,4062.3571428571427,4094.4,3966.25,3897.511111111111,711.2074046393125,4139.59031232543,4094.3300174141577,-0.9749279121818236,-0.9749279121818236,,711.207404639313,3104.768573384457,,11995.0548143808
2012-07-08,5206,6,8,4583.0,3296.0,5363.0,5122.0,4418.0,4973.0,5302.0,4305.0,3359.0,4172.285714285715,673.3923359344369,4071.5,4058.9285714285716,4124.433333333333,3997.0333333333333,3912.6555555555556,738.8925862552567,4406.192734244073,4242.552681758937,-0.7818314824680299,-0.7818314824680299,,738.8925862552572,3225.6279475542424,,11995.0548143808
2012-07-09,4035,0,9,5206.0,4249.0,4009.0,3869.0,3608.0,3508.0,4182.0,4781.0,3594.0,4176.0,672.4125717642897,4109.142857142857,4053.6785714285716,4099.566666666667,4004.383333333333,3915.788888888889,728.514628794652,4313.394550683054,4214.8789908577455,0.0,0.0,,728.5146287946526,3180.3230815342563,,11995.0548143808
2012-07-10,3721,1,10,4035.0,4583.0,4464.0,3645.0,3301.0,3038.0,3683.0,5302.0,4147.0,4069.8571428571427,677.9932223288149,4157.928571428572,4055.035714285714,4046.866666666667,3997.2833333333333,3921.777777777778,694.9428521943987,4165.29591301229,4149.02845874338,0.7818314824680298,0.7818314824680298,,694.9428521943993,3033.7658378086917,,11995.0548143808
2012-07-11,3518,2,11,3721.0,5206.0,3399.0,3444.0,3267.0,3144.0,3561.0,4182.0,5149.0,4086.8571428571427,659.611357434924,4184.642857142857,4053.5,4024.733333333333,3970.1,3925.588888888889,701.03774965174,4003.471934759217,4064.891330910929,0.9749279121818236,0.9749279121818236,,701.0377496517406,3060.373049657324,,11995.0548143808
2012-07-12,3650,3,12,3518.0,4035.0,3296.0,3584.0,3435.0,3447.0,3682.0,3683.0,4240.0,4137.428571428572,599.7235077219214,4199.142857142857,4052.3571428571427,4023.633333333333,3960.266666666667,3921.9777777777776,701.6181043614896,3915.103951069413,4009.572486789472,0.43388373911755823,0.43388373911755823,,701.6181043614902,3062.906582143758,,11995.0548143808
2012-07-13,4161,4,13,3650.0,3721.0,4249.0,4305.0,3974.0,4124.0,4515.0,3561.0,3252.0,4124.857142857143,597.9145503529826,4201.785714285715,4039.714285714286,4043.633333333333,3975.4166666666665,3913.3555555555554,696.5088054661966,3976.5779633020597,4029.7628218842087,-0.433883739117558,-0.433883739117558,,696.5088054661971,3040.601990629868,,11995.0548143808
2012-07-14,4705,5,14,4161.0,3518.0,4583.0,4781.0,4710.0,5171.0,5340.0,3682.0,3317.0,4142.285714285715,615.0278352198685,4168.5,4017.035714285714,4077.733333333333,3998.55,3912.9666666666667,703.2033567322713,4158.683472476545,4119.794445632981,-0.9749279121818236,-0.9749279121818236,,703.2033567322719,3069.8269849820585,,11995.0548143808
2012-07-15,4717,6,15,4705.0,3650.0,5206.0,5302.0,4973.0,5363.0,4418.0,4515.0,3440.0,4072.4285714285716,488.9109861528504,4122.357142857143,4027.714285714286,4084.4666666666667,4019.8333333333335,3930.266666666667,708.4819484393104,4298.262604357408,4199.4218528819165,-0.7818314824680299,-0.7818314824680299,,708.4819484393109,3092.870622515689,,11995.0548143808
2012-07-16,3436,0,16,4717.0,4161.0,4035.0,4182.0,3508.0,4009.0,3608.0,5340.0,3195.0,3986.8571428571427,545.6779967989155,4081.4285714285716,4021.5714285714284,4021.0,4023.85,3938.677777777778,676.6998519692218,4082.696953268056,4097.632272497661,0.0,0.0,,676.6998519692223,2954.126208898894,,11995.0548143808
2012-07-17,3360,1,17,3436.0,4705.0,3721.0,3683.0,3038.0,4464.0,3301.0,4418.0,3949.0,3935.285714285714,590.2315122858483,4002.5714285714284,4023.6785714285716,3985.733333333333,4014.0333333333333,3946.1555555555556,682.837837735778,3902.022714951042,3999.2813028313058,0.7818314824680298,0.7818314824680298,,682.8378377357785,2980.9215223160113,,11995.0548143808
2012-07-18,3131,2,18,3360.0,4717.0,3518.0,3561.0,3144.0,3399.0,3267.0,3608.0,4724.0,3880.0,650.8445795016415,3983.4285714285716,4018.8214285714284,3969.8333333333335,3987.483333333333,3945.133333333333,697.3363154042702,3709.2670362132817,3883.5104624537985,0.9749279121818236,0.9749279121818236,,697.3363154042706,3044.2144767107698,,11995.0548143808
2012-07-19,3344,3,19,3131.0,3436.0,3650.0,3682.0,3447.0,3296.0,3435.0,3301.0,5287.0,3836.285714285714,678.5537842317589,3986.8571428571427,4015.5714285714284,3971.266666666667,3955.1,3938.6555555555556,695.9569910083006,3617.9502771599614,3811.5757341266253,0.43388373911755823,0.43388373911755823,,695.9569910083012,3038.193050317888,,11995.0548143808
2012-07-20,4339,4,20,3344.0,3360.0,4161.0,4515.0,4124.0,4249.0,3974.0,3267.0,3460.0,3861.714285714286,695.864860990916,3993.285714285714,4028.6071428571427,4007.0,3969.75,3933.188888888889,685.9993465363287,3798.212707869971,3881.898969576409,-0.433883739117558,-0.433883739117558,,685.9993465363294,2994.7230563051107,,11995.0548143808
2012-07-21,4778,5,21,4339.0,3131.0,4705.0,5340.0,5171.0,4583.0,4710.0,3435.0,2616.0,3872.1428571428573,710.9916615946665,4007.214285714286,4031.035714285714,4051.766666666667,4005.7833333333333,3930.811111111111,691.1857220015794,4043.1595309024783,4001.379106966221,-0.9749279121818236,-0.9749279121818236,,691.18572200158,3017.3641247884298,,11995.0548143808
2012-07-22,5084,6,22,4778.0,3344.0,4717.0,4418.0,5363.0,5206.0,4973.0,3974.0,2756.0,3924.5714285714284,792.5305161617569,3998.5,4035.0,4088.766666666667,4044.5833333333335,3955.2444444444445,716.1386247683134,4303.369648176859,4145.728559370725,-0.7818314824680299,-0.7818314824680299,,716.138624768314,3126.2957638848534,,11995.0548143808
2012-07-23,3454,0,23,5084.0,4339.0,3436.0,3608.0,4009.0,4035.0,3508.0,4710.0,3144.0,3927.1428571428573,790.7082117889491,3957.0,4033.0714285714284,4046.9,4049.75,3961.3888888888887,715.2813456593635,4091.0272361326442,4053.4980847879615,0.0,0.0,,715.2813456593641,3122.553320796207,,11995.0548143808
2012-07-24,3127,1,24,3454.0,4778.0,3360.0,3301.0,4464.0,3721.0,3038.0,4973.0,3764.0,3893.8571428571427,822.8141605837521,3914.5714285714284,4036.25,3985.366666666667,4039.133333333333,3965.3777777777777,712.2610662087153,3850.020427099483,3929.965006816233,0.7818314824680298,0.7818314824680298,,712.2610662087159,3109.3683220742555,,11995.0548143808
2012-07-25,3031,2,25,3127.0,5084.0,3131.0,3267.0,3399.0,3518.0,3144.0,3508.0,4510.0,3879.5714285714284,838.9757360700531,3879.785714285714,4032.214285714286,3969.4666666666667,4014.483333333333,3966.633333333333,728.4255924102031,3645.2653203246123,3810.1030059074023,0.9749279121818236,0.9749279121818236,,728.4255924102036,3179.934394118291,,11995.0548143808
2012-07-26,3425,3,26,3031.0,3454.0,3344.0,3435.0,3296.0,3650.0,3447.0,3038.0,4381.0,3891.1428571428573,830.8773332190165,3863.714285714286,4031.4285714285716,3982.366666666667,3998.55,3963.688888888889,714.657693962798,3590.1989902434593,3758.7559384530823,0.43388373911755823,0.43388373911755823,,714.6576939627986,3119.8307757613775,,11995.0548143808
2012-07-27,3573,4,27,3425.0,3127.0,4339.0,3974.0,4249.0,4161.0,4124.0,3144.0,3925.0,3781.714285714286,812.2970955436033,3821.714285714286,4011.75,3996.6666666666665,3992.6833333333334,3952.4222222222224,701.4743258915837,3585.8992426825944,3733.9884799926713,-0.433883739117558,-0.433883739117558,,701.4743258915843,3062.2789187195845,,11995.0548143808
2012-07-28,3777,5,28,3573.0,3031.0,4778.0,4710.0,4583.0,4705.0,5171.0,3447.0,3176.0,3638.714285714286,685.9608138190123,3755.4285714285716,3961.964285714286,4007.6666666666665,4002.7,3942.677777777778,695.116231081276,3633.674432011946,3739.723349326982,-0.9749279121818236,-0.9749279121818236,,695.1162310812766,3034.5227215471814,,11995.0548143808
2012-07-29,3954,6,29,3777.0,3425.0,5084.0,4973.0,5206.0,4717.0,5363.0,4124.0,2849.0,3477.285714285714,329.4929004221125,3700.9285714285716,3911.6428571428573,4002.0,4021.116666666667,3950.6222222222223,694.828036279477,3713.7558240089597,3768.2935694167177,-0.7818314824680299,-0.7818314824680299,,694.8280362794776,3033.264610118924,,11995.0548143808
2012-07-30,3246,0,30,3954.0,3573.0,3454.0,3508.0,4035.0,3436.0,4009.0,5171.0,3406.0,3447.5714285714284,341.1167234945012,3687.3571428571427,3884.3928571428573,3937.8333333333335,4018.45,3947.8888888888887,671.648721987261,3596.8168680067197,3698.654426827822,0.0,0.0,,671.6487219872615,2932.0755531748787,,11995.0548143808
2012-07-31,3276,1,31,3246.0,3777.0,3127.0,3038.0,3721.0,3360.0,4464.0,5363.0,4397.0,3468.8571428571427,321.8858123472996,3681.3571428571427,3841.964285714286,3868.266666666667,3999.766666666667,3946.811111111111,625.4373881027392,3516.61265100504,3642.300503250779,0.7818314824680298,0.7818314824680298,,625.4373881027398,2730.3404527767007,,11995.0548143808
2012-08-01,3646,2,1,3276.0,3954.0,3031.0,3144.0,3518.0,3131.0,3399.0,4009.0,5442.0,3556.714285714286,260.54156052712386,3718.1428571428573,3850.785714285714,3856.1666666666665,3969.8333333333335,3944.633333333333,626.1318073935231,3548.95948825378,3642.7937694840084,0.9749279121818236,0.9749279121818236,,626.1318073935238,2733.3719330125846,,11995.0548143808
2012-08-02,4113,3,2,3646.0,3246.0,3425.0,3447.0,3650.0,3344.0,3296.0,4464.0,5122.0,3655.0,324.4934513977186,3773.0714285714284,3879.964285714286,3844.4666666666667,3953.016666666667,3945.711111111111,617.6034177440977,3689.9696161903353,3705.4879335528076,0.43388373911755823,0.43388373911755823,,617.6034177440982,2696.141336153793,,11995.0548143808
2012-08-03,4284,4,3,4113.0,3276.0,3573.0,4124.0,4161.0,4339.0,4249.0,3399.0,3869.0,3756.5714285714284,397.59185820925546,3769.1428571428573,3881.214285714286,3873.9666666666667,3959.9333333333334,3945.5777777777776,616.7273741475915,3838.4772121427513,3782.6228757457666,-0.433883739117558,-0.433883739117558,,616.7273741475922,2692.3169768886833,,11995.0548143808
2012-08-04,4917,5,4,4284.0,3646.0,3777.0,5171.0,4705.0,4778.0,4583.0,3296.0,3645.0,3919.4285714285716,592.873751918811,3779.0714285714284,3893.1428571428573,3928.0,3981.133333333333,3939.3333333333335,635.0810971836546,4108.107909107063,3933.8731589796644,-0.9749279121818236,-0.9749279121818236,,635.0810971836553,2772.439965084891,,11995.0548143808
2012-08-05,5250,6,5,4917.0,4113.0,3954.0,5363.0,4717.0,5084.0,5206.0,4249.0,3444.0,4104.571428571428,778.7035929763563,3790.9285714285716,3894.714285714286,3961.366666666667,4011.233333333333,3952.0777777777776,677.4128005129849,4393.580931830297,4109.356737782376,-0.7818314824680299,-0.7818314824680299,,677.4128005129854,2957.238578397126,,11995.0548143808
2012-08-06,4164,0,6,5250.0,4284.0,3246.0,4009.0,3436.0,3454.0,4035.0,4583.0,3584.0,4235.714285714285,681.208904396127,3841.6428571428573,3899.3214285714284,3947.4,4020.9,3959.9666666666667,668.4138507407395,4336.185698872722,4116.642506078058,0.0,0.0,,668.41385074074,2917.9537561862235,,11995.0548143808
2012-08-07,3711,1,7,4164.0,4917.0,3276.0,4464.0,3360.0,3127.0,3721.0,5206.0,4305.0,4297.857142857143,593.2277327107548,3883.3571428571427,3898.964285714286,3897.5666666666666,4011.0,3963.8777777777777,625.7091250696261,4179.889274154541,4062.556838600984,0.7818314824680298,0.7818314824680298,,625.7091250696267,2731.5267176967704,,11995.0548143808
2012-08-08,3764,2,8,3711.0,5250.0,3646.0,3399.0,3131.0,3031.0,3518.0,4035.0,4781.0,4314.714285714285,572.9472675810324,3935.714285714286,3907.75,3888.5333333333333,3994.05,3965.766666666667,625.6127883280001,4075.916955615906,4022.749260120853,0.9749279121818236,0.9749279121818236,,625.6127883280006,2731.1061606470103,,11995.0548143808
2012-08-09,3583,3,9,3764.0,4164.0,4113.0,3296.0,3344.0,3425.0,3650.0,3721.0,5302.0,4239.0,635.6361642742912,3947.0,3905.3571428571427,3883.9333333333334,3965.4,3959.5,627.3919158643573,3952.6877167119296,3964.1160254380725,0.43388373911755823,0.43388373911755823,,627.3919158643579,2738.872923516593,,11995.0548143808
2012-08-10,4338,4,10,3583.0,3711.0,4284.0,4249.0,4339.0,3573.0,4161.0,3518.0,4182.0,4246.714285714285,636.6002707837196,4001.6428571428573,3911.6785714285716,3911.266666666667,3968.0,3950.488888888889,628.7605176104347,4049.0157875339473,4013.96722204633,-0.433883739117558,-0.433883739117558,,628.7605176104354,2744.8475402922095,,11995.0548143808
2012-08-11,5203,5,11,4338.0,3764.0,4917.0,4583.0,4778.0,3777.0,4705.0,3650.0,3683.0,4287.571428571428,693.4303274645688,4103.5,3929.464285714286,3963.0333333333333,3993.3333333333335,3961.188888888889,669.1418839973588,4337.511840650461,4172.504925773485,-0.9749279121818236,-0.9749279121818236,,669.1418839973594,2921.1319778425022,,11995.0548143808
2012-08-12,5014,6,12,5203.0,3583.0,5250.0,5206.0,5084.0,3954.0,4717.0,4161.0,3561.0,4253.857142857143,642.7216682648434,4179.214285714285,3940.0714285714284,3991.4666666666667,4017.55,3980.766666666667,695.449779209321,4506.633880487846,4284.704269003687,-0.7818314824680299,-0.7818314824680299,,695.4497792093216,3035.9788224523604,,11995.0548143808
2012-08-13,3631,0,13,5014.0,4338.0,4164.0,4035.0,3454.0,3246.0,3436.0,4705.0,3682.0,4177.714285714285,685.3027832731352,4206.714285714285,3947.035714285714,3955.6666666666665,4016.7,3984.2555555555555,685.0174592959106,4287.725410365884,4197.5436998031955,0.0,0.0,,685.0174592959111,2990.436637706581,,11995.0548143808
2012-08-14,3588,1,14,3631.0,5203.0,3711.0,3721.0,3127.0,3276.0,3360.0,4717.0,4515.0,4160.142857142857,700.6685922677549,4229.0,3955.1785714285716,3918.0333333333333,4001.25,3985.9,672.6499567886783,4112.794057774413,4116.271206496103,0.7818314824680298,0.7818314824680298,,672.6499567886789,2936.446433350959,,11995.0548143808
2012-08-15,3271,2,15,3588.0,5014.0,3764.0,3518.0,3031.0,3646.0,3131.0,3436.0,5340.0,4089.714285714286,768.6073367430471,4202.214285714285,3960.1785714285716,3912.5333333333333,3966.766666666667,3986.7444444444445,677.3851720139454,3902.3455433308095,4003.5683789632894,0.9749279121818236,0.9749279121818236,,677.3851720139461,2957.117966470158,,11995.0548143808
2012-08-16,3687,3,16,3271.0,3631.0,3583.0,3650.0,3425.0,4113.0,3344.0,3360.0,4418.0,4104.571428571428,758.1136364123041,4171.785714285715,3972.4285714285716,3923.4333333333334,3954.5833333333335,3983.8333333333335,670.786398158175,3848.509157498107,3961.3592617681843,0.43388373911755823,0.43388373911755823,,670.7863981581755,2928.311087412624,,11995.0548143808
2012-08-17,4085,4,17,3687.0,3588.0,4338.0,4161.0,3573.0,4284.0,4339.0,3131.0,3608.0,4068.4285714285716,751.1288964269854,4157.571428571428,3963.3571428571427,3955.233333333333,3962.5333333333333,3976.733333333333,654.3354977976936,3907.6318681235803,3977.8446935324264,-0.433883739117558,-0.433883739117558,,654.3354977976942,2856.494851937679,,11995.0548143808
2012-08-18,5319,5,18,4085.0,3271.0,5203.0,4705.0,3777.0,4917.0,4778.0,3344.0,3301.0,4085.0,781.0166451491298,4186.285714285715,3982.6785714285716,4021.0666666666666,3996.1666666666665,3977.088888888889,689.1455445761728,4260.473901092685,4156.665401061436,-0.9749279121818236,-0.9749279121818236,,689.1455445761734,3008.457751326608,,11995.0548143808
2012-08-19,5561,6,19,5319.0,3687.0,5014.0,4717.0,3954.0,5250.0,5084.0,4339.0,3267.0,4163.142857142857,906.7076758932895,4208.5,3999.714285714286,4061.8,4034.4,4000.4333333333334,742.6249529134134,4585.605425819514,4343.910014253244,-0.7818314824680299,-0.7818314824680299,,742.6249529134138,3241.9215556199088,,11995.0548143808
2012-08-20,3627,0,20,5561.0,4085.0,3631.0,3436.0,3246.0,4164.0,3454.0,4778.0,3435.0,4162.571428571428,907.1001152285343,4170.142857142857,4005.8928571428573,4023.4333333333334,4037.6,4011.6666666666665,734.0302391278015,4345.954069364635,4248.322012352812,0.0,0.0,,734.030239127802,3204.401421430171,,11995.0548143808
2012-08-21,3399,1,21,3627.0,5319.0,3588.0,3360.0,3276.0,3711.0,3127.0,5084.0,3974.0,4135.571428571428,929.586800168559,4147.857142857143,4015.6071428571427,3967.266666666667,4028.016666666667,4018.811111111111,714.2801021782776,4109.215552023476,4135.079077372437,0.7818314824680298,0.7818314824680298,,714.2801021782781,3118.1824027291227,,11995.0548143808
2012-08-22,3093,2,22,3399.0,5561.0,3271.0,3131.0,3646.0,3764.0,3031.0,3454.0,4710.0,4110.142857142857,959.1432685077924,4099.928571428572,4017.8214285714284,3955.233333333333,4001.0666666666666,4018.2444444444445,726.1671073630963,3855.161664017607,3996.135200389445,0.9749279121818236,0.9749279121818236,,726.1671073630968,3170.0750009905264,,11995.0548143808
2012-08-23,3056,3,23,3093.0,3627.0,3687.0,3344.0,4113.0,3583.0,3425.0,3127.0,4973.0,4020.0,1032.3938202062245,4062.285714285714,4004.6428571428573,3952.866666666667,3969.116666666667,4010.3777777777777,729.0693989640093,3655.3712480132053,3870.783840337519,0.43388373911755823,0.43388373911755823,,729.0693989640099,3182.744924974069,,11995.0548143808
2012-08-24,3531,4,24,3056.0,3399.0,4085.0,4339.0,4284.0,4338.0,3573.0,3031.0,3508.0,3940.8571428571427,1047.7016796415917,4004.6428571428573,4003.1428571428573,3969.5333333333333,3969.5,3999.5,712.8022278949111,3624.278436009904,3825.4793282925166,-0.433883739117558,-0.433883739117558,,712.8022278949115,3111.7307578214936,,11995.0548143808
2012-08-25,4836,5,25,3531.0,3093.0,5319.0,4778.0,4917.0,5203.0,3777.0,3425.0,3038.0,3871.8571428571427,953.4803666168553,3978.4285714285716,4040.964285714286,4016.5666666666666,3999.4666666666667,4004.5555555555557,722.123481814918,3927.208827007428,3960.2154178535143,-0.9749279121818236,-0.9749279121818236,,722.1234818149186,3152.4225954578737,,11995.0548143808
2012-08-26,4978,6,26,4836.0,3056.0,5561.0,5084.0,5250.0,5014.0,3954.0,3573.0,3144.0,3788.5714285714284,793.3622243638924,3975.8571428571427,4077.535714285714,4063.4,4030.0333333333333,4016.2555555555555,737.7554309268507,4189.906620255571,4095.920028806379,-0.7818314824680299,-0.7818314824680299,,737.7554309268513,3220.6637077225687,,11995.0548143808
2012-08-27,3271,0,27,4978.0,3531.0,3627.0,3454.0,4164.0,3631.0,3246.0,3777.0,3447.0,3737.714285714286,816.5181594807976,3950.1428571428573,4078.4285714285716,4046.5333333333333,4027.1,4017.311111111111,750.2079589081882,3960.1799651916785,3985.9306916321952,0.0,0.0,,750.2079589081887,3275.025089906511,,11995.0548143808
2012-08-28,2972,1,28,3271.0,4836.0,3399.0,3127.0,3711.0,3588.0,3276.0,3954.0,4124.0,3676.714285714286,860.7898919569416,3906.1428571428573,4067.5714285714284,4013.8,4007.9,4018.677777777778,775.3856170786303,3713.134973893759,3850.7399327479025,0.7818314824680298,0.7818314824680298,,775.3856170786308,3384.9378963945837,,11995.0548143808
2012-08-29,2708,2,29,2972.0,4978.0,3093.0,3031.0,3764.0,3271.0,3646.0,3246.0,5171.0,3621.714285714286,914.901217670653,3865.9285714285716,4034.0714285714284,3995.866666666667,3966.85,4010.9222222222224,799.5992846994978,3461.851230420319,3698.3746083815154,0.9749279121818236,0.9749279121818236,,799.5992846994983,3490.642412103011,,11995.0548143808
2012-08-30,3042,3,30,2708.0,3271.0,3056.0,3425.0,3583.0,3687.0,4113.0,3276.0,5363.0,3619.714285714286,916.3581385545957,3819.8571428571427,3995.8214285714284,3988.0666666666666,3928.1666666666665,3995.866666666667,807.9612457987315,3356.8884228152397,3610.8579939306464,0.43388373911755823,0.43388373911755823,,807.961245798732,3527.146466846269,,11995.0548143808
2012-08-31,3935,4,31,3042.0,2972.0,3531.0,3573.0,4338.0,4085.0,4284.0,3646.0,4009.0,3677.4285714285716,922.5410301883367,3809.1428571428573,3983.3571428571427,3997.7,3926.9333333333334,3979.1222222222223,805.4611508429415,3501.41631711143,3654.076928073227,-0.433883739117558,-0.433883739117558,,805.461150842942,3516.2323281596077,,11995.0548143808
2012-09-01,5253,5,1,3935.0,2708.0,4836.0,3777.0,5203.0,5319.0,4917.0,4113.0,4464.0,3737.0,1018.3146206682251,3804.4285714285716,3995.3571428571427,4035.7,3940.0833333333335,3980.5777777777776,837.3485720024111,3939.312237833573,3867.2666709967966,-0.9749279121818236,-0.9749279121818236,,837.3485720024115,3655.436535619181,,11995.0548143808
2012-09-02,5170,6,2,5253.0,3042.0,4978.0,3954.0,5014.0,5561.0,5250.0,4284.0,3399.0,3764.4285714285716,1059.0821273069225,3776.5,3992.5,4065.233333333333,3969.6,3995.0333333333333,861.6792620080321,4246.98417837518,4040.9644481972236,-0.7818314824680299,-0.7818314824680299,,861.6792620080325,3761.65191133862,,11995.0548143808
2012-09-03,4955,0,3,5170.0,3935.0,3271.0,3246.0,3631.0,3627.0,4164.0,4917.0,3296.0,4005.0,1117.9442442865097,3871.3571428571427,4020.75,4066.5,3997.25,4009.588888888889,863.0014484344706,4423.988133781385,4162.83585510426,0.0,0.0,,863.0014484344711,3767.423902516135,,11995.0548143808
2012-09-04,3737,1,4,4955.0,5253.0,2972.0,3276.0,3588.0,3399.0,3711.0,5250.0,4249.0,4114.285714285715,1034.4021968083334,3895.5,4021.6785714285716,4016.0666666666666,3988.7166666666667,4012.8444444444444,835.2155589337713,4252.2411003360385,4106.057741090359,0.7818314824680298,0.7818314824680298,,835.2155589337716,3646.1248891164423,,11995.0548143808
2012-09-05,3236,2,5,3737.0,5170.0,2708.0,3646.0,3271.0,3093.0,3764.0,4164.0,4583.0,4189.714285714285,928.6053546915963,3905.714285714286,4002.8214285714284,3985.133333333333,3966.266666666667,4008.9777777777776,846.6542564028435,3998.1808252520286,3990.0500422783107,0.9749279121818236,0.9749279121818236,,846.6542564028439,3696.060404678796,,11995.0548143808
2012-09-06,3107,3,6,3236.0,4955.0,3042.0,4113.0,3687.0,3056.0,3583.0,3711.0,5206.0,4199.0,915.4476136477357,3909.3571428571427,3985.8214285714284,3965.0,3931.2833333333333,3995.6666666666665,860.4667538509278,3775.3856189390217,3872.3100366412027,0.43388373911755823,0.43388373911755823,,860.4667538509282,3756.3587195121663,,11995.0548143808
2012-09-07,3890,4,7,3107.0,3737.0,3935.0,4284.0,4085.0,3531.0,4338.0,3764.0,4035.0,4192.571428571428,917.7655577802099,3935.0,3969.8214285714284,3969.2,3928.866666666667,3985.766666666667,859.7590440309993,3804.0392142042665,3874.6686984223757,-0.433883739117558,-0.433883739117558,,859.7590440309998,3753.269219608684,,11995.0548143808
2012-09-08,4630,5,8,3890.0,3236.0,5253.0,4917.0,5319.0,4836.0,5203.0,3583.0,3721.0,4103.571428571428,823.1190390101262,3920.285714285714,3949.3571428571427,4004.1,3944.016666666667,3978.3,864.7772027203434,4010.5294106532,3975.3795386327256,-0.9749279121818236,-0.9749279121818236,,864.7772027203439,3775.1759394955966,,11995.0548143808
2012-09-09,5473,6,9,4630.0,3107.0,5170.0,5250.0,5561.0,4978.0,5014.0,4338.0,3518.0,4146.857142857143,893.5042302775128,3955.6428571428573,3965.75,4041.9333333333334,3976.6,3992.6444444444446,903.8344726900955,4376.1470579899005,4175.062266815029,-0.7818314824680299,-0.7818314824680299,,903.8344726900958,3945.68004782357,,11995.0548143808
2012-09-10,3566,0,10,5473.0,3890.0,4955.0,4164.0,3627.0,3271.0,3631.0,5203.0,3650.0,3948.4285714285716,836.5386735716138,3976.714285714286,3963.4285714285716,3987.366666666667,3975.2,3991.3444444444444,880.4328278567369,4173.610293492425,4093.853964573025,0.0,0.0,,880.4328278567374,3843.520409200342,,11995.0548143808
2012-09-11,3128,1,11,3566.0,4630.0,3737.0,3711.0,3399.0,2972.0,3588.0,5014.0,4161.0,3861.4285714285716,892.0201524522615,3987.8571428571427,3947.0,3924.5,3957.983333333333,3986.5333333333333,871.8918293394888,3912.2077201193183,3965.073435963289,0.7818314824680298,0.7818314824680298,,871.8918293394893,3806.2347684594056,,11995.0548143808
2012-09-12,2922,2,12,3128.0,5473.0,3236.0,3764.0,3093.0,2708.0,3271.0,3631.0,4705.0,3816.5714285714284,935.5461608320687,4003.1428571428573,3934.535714285714,3900.866666666667,3928.266666666667,3978.088888888889,889.5518721993271,3664.6557900894886,3825.9969778348504,0.9749279121818236,0.9749279121818236,,889.5518721993276,3883.329503016698,,11995.0548143808
2012-09-13,3239,3,13,2922.0,3566.0,3107.0,3583.0,3056.0,3042.0,3687.0,3588.0,4717.0,3835.4285714285716,920.0622908518874,4017.214285714286,3918.535714285714,3889.233333333333,3903.633333333333,3963.911111111111,896.0429362916466,3558.2418425671167,3747.730714123537,0.43388373911755823,0.43388373911755823,,896.042936291647,3911.6661762152544,,11995.0548143808
2012-09-14,3928,4,14,3239.0,3128.0,3890.0,4338.0,3531.0,3935.0,4085.0,3271.0,3436.0,3840.8571428571427,920.5499132894136,4016.714285714286,3912.9285714285716,3911.133333333333,3911.8333333333335,3948.222222222222,888.4080583610858,3650.6813819253375,3771.7666189070655,-0.433883739117558,-0.433883739117558,,888.4080583610862,3878.3361955291657,,11995.0548143808
2012-09-15,4808,5,15,3928.0,2922.0,4630.0,5203.0,4836.0,5253.0,5319.0,3687.0,3360.0,3866.285714285714,948.0300125849964,3984.9285714285716,3894.6785714285716,3948.5,3935.9666666666667,3952.5555555555557,902.1247619963058,3940.0110364440034,3909.931069719457,-0.9749279121818236,-0.9749279121818236,,902.1247619963061,3938.2163234626714,,11995.0548143808
2012-09-16,4990,6,16,4808.0,3239.0,5473.0,5014.0,4978.0,5170.0,5561.0,4085.0,3131.0,3797.285714285714,820.6137366397842,3972.0714285714284,3874.285714285714,3978.6666666666665,3966.95,3967.911111111111,921.7642878192045,4202.508277333002,4053.9402604235293,-0.7818314824680299,-0.7818314824680299,,921.7642878192049,4023.9524704337973,,11995.0548143808
2012-09-17,3187,0,17,4990.0,3928.0,3566.0,3631.0,3271.0,4955.0,3627.0,5319.0,3344.0,3743.1428571428573,850.3799990928454,3845.785714285714,3858.5714285714284,3907.6,3964.3333333333335,3966.6444444444446,896.7097173786923,3948.6312079997515,3938.348225700392,0.0,0.0,,896.7097173786926,3914.5770021584067,,11995.0548143808
2012-09-18,3167,1,18,3187.0,4808.0,3128.0,3588.0,2972.0,3737.0,3399.0,5561.0,4339.0,3748.714285714286,845.7934567189417,3805.0714285714284,3850.285714285714,3827.8,3944.8,3965.5333333333333,849.792607559082,3753.2234059998136,3835.5017956070064,0.7818314824680298,0.7818314824680298,,849.7926075590825,3709.7608442110254,,11995.0548143808
2012-09-19,2872,2,19,3167.0,4990.0,2922.0,3271.0,2708.0,3236.0,3093.0,3627.0,4778.0,3741.5714285714284,854.1090596137537,3779.0714285714284,3842.3928571428573,3802.633333333333,3913.0333333333333,3959.277777777778,866.950839131758,3532.91755449986,3707.034889526072,0.9749279121818236,0.9749279121818236,,866.9508391317585,3784.664926781305,,11995.0548143808
2012-09-20,2978,3,20,2872.0,3187.0,3239.0,3687.0,3042.0,3107.0,3056.0,3399.0,5084.0,3704.285714285714,884.8488975122119,3769.8571428571427,3839.6071428571427,3788.6,3877.9333333333334,3948.211111111111,877.0581941137452,3394.1881658748953,3609.8302375892627,0.43388373911755823,0.43388373911755823,,877.0581941137457,3828.788480478035,,11995.0548143808
2012-09-21,3749,4,21,2978.0,3167.0,3928.0,4085.0,3935.0,3890.0,3531.0,3093.0,3454.0,3678.714285714286,879.878725409688,3759.785714285714,3847.3928571428573,3810.4666666666667,3882.85,3937.5333333333333,867.2402814371121,3482.8911244061715,3628.386205910694,-0.433883739117558,-0.433883739117558,,867.2402814371126,3785.928484173437,,11995.0548143808
2012-09-22,4910,5,22,3749.0,2872.0,4808.0,5319.0,5253.0,4630.0,4836.0,3056.0,3127.0,3693.285714285714,902.2574862136512,3779.785714285714,3850.035714285714,3872.266666666667,3912.5666666666666,3936.8333333333335,877.6190727084296,3839.6683433046287,3799.268045122602,-0.9749279121818236,-0.9749279121818236,,877.61907270843,3831.2369901854713,,11995.0548143808
2012-09-23,5083,6,23,4910.0,2978.0,4990.0,5561.0,5170.0,5473.0,4978.0,3531.0,3031.0,3706.5714285714284,924.9336655751544,3751.9285714285716,3853.785714285714,3924.0,3946.766666666667,3954.3333333333335,902.207331474042,4150.501257478471,3970.4323057729216,-0.7818314824680299,-0.7818314824680299,,902.2073314740423,3938.57677966423,,11995.0548143808
2012-09-24,2996,0,24,5083.0,3749.0,3187.0,3627.0,4955.0,3566.0,3271.0,4836.0,3425.0,3679.285714285714,945.4063878011635,3711.214285714286,3843.964285714286,3862.6666666666665,3939.616666666667,3953.866666666667,900.6118737427524,3861.8759431088533,3840.5079983365317,0.0,0.0,,900.6118737427529,3931.6118254301227,,11995.0548143808
2012-09-25,2829,1,25,2996.0,4910.0,3167.0,3399.0,3737.0,3128.0,2972.0,4978.0,3573.0,3631.0,983.7841904266097,3689.8571428571427,3838.8571428571427,3791.0333333333333,3927.2166666666667,3950.366666666667,894.2827788265532,3603.65695733164,3705.6402652249944,0.7818314824680298,0.7818314824680298,,894.2827788265537,3903.982226995686,,11995.0548143808
2012-09-26,2722,2,26,2829.0,5083.0,2872.0,3093.0,3236.0,2922.0,2708.0,3271.0,3777.0,3609.5714285714284,1004.4877396203628,3675.5714285714284,3839.3571428571427,3772.733333333333,3909.633333333333,3942.311111111111,910.7567877522389,3383.2427179987303,3574.4882298616617,0.9749279121818236,0.9749279121818236,,910.7567877522392,3975.899342673162,,11995.0548143808
2012-09-27,2570,3,27,2722.0,2996.0,2978.0,3056.0,3107.0,3239.0,3042.0,2972.0,3954.0,3551.285714285714,1057.671926809969,3627.785714285714,3822.5,3759.3333333333335,3886.5666666666666,3925.0444444444443,925.7777097209065,3179.932038499048,3440.5564658801068,0.43388373911755823,0.43388373911755823,,925.777709720907,4041.4730222599646,,11995.0548143808
2012-09-28,3649,4,28,2570.0,2829.0,3749.0,3531.0,3890.0,3928.0,3935.0,2708.0,3246.0,3537.0,1055.2288851239846,3607.8571428571427,3812.285714285714,3790.7,3893.2833333333333,3908.133333333333,904.6283729263874,3297.199028874286,3468.3489370960924,-0.433883739117558,-0.433883739117558,,904.6283729263879,3949.14581109876,,11995.0548143808
2012-09-29,4551,5,29,3649.0,2722.0,4910.0,4836.0,4630.0,4808.0,5253.0,3042.0,3276.0,3485.714285714286,983.6753723130645,3589.5,3787.214285714286,3841.0,3914.5333333333333,3899.1111111111113,903.5146698425457,3610.6492716557145,3612.702412149947,-0.9749279121818236,-0.9749279121818236,,903.5146698425461,3944.2839517983116,,11995.0548143808
2012-09-30,4855,6,30,4551.0,2570.0,5083.0,4978.0,5473.0,4990.0,5170.0,3935.0,3646.0,3453.1428571428573,923.9317125869303,3579.8571428571427,3775.964285714286,3871.6666666666665,3934.6833333333334,3908.511111111111,922.2343681977222,3921.736953741786,3778.3420905299545,-0.7818314824680299,-0.7818314824680299,,922.2343681977227,4026.004601467116,,11995.0548143808
2012-10-01,3792,0,1,4855.0,3649.0,2996.0,3271.0,3566.0,3187.0,4955.0,5253.0,4113.0,3566.8571428571427,907.1224519639837,3623.0714285714284,3734.4285714285716,3822.9666666666667,3929.3333333333335,3901.0444444444443,884.5822112758892,3889.3027153063395,3780.1631451259605,0.0,0.0,,884.5822112758897,3861.63449962554,,11995.0548143808
2012-10-02,3633,1,2,3792.0,4551.0,2829.0,2972.0,3128.0,3167.0,3737.0,5170.0,4284.0,3681.714285714286,847.036345990287,3656.3571428571427,3730.714285714286,3771.733333333333,3918.483333333333,3903.6444444444446,847.6118147511526,3825.2270364797546,3760.5413924424993,0.7818314824680298,0.7818314824680298,,847.611814751153,3700.2406157503046,,11995.0548143808
2012-10-03,3453,2,3,3633.0,4855.0,2722.0,2708.0,2922.0,2872.0,3236.0,4955.0,4917.0,3786.1428571428573,748.3030644000336,3697.8571428571427,3738.464285714286,3721.6666666666665,3894.0833333333335,3905.3888888888887,819.1921728702913,3732.170277359816,3719.535873450166,0.9749279121818236,0.9749279121818236,,819.1921728702918,3576.1749628859516,,11995.0548143808
2012-10-04,3154,3,4,3453.0,3792.0,2570.0,3042.0,3239.0,2978.0,3107.0,3737.0,5250.0,3869.5714285714284,609.8666130509928,3710.4285714285716,3740.1428571428573,3702.233333333333,3859.15,3893.222222222222,825.7051190819615,3587.627708019862,3644.131090323477,0.43388373911755823,0.43388373911755823,,825.7051190819619,3604.6071622503437,,11995.0548143808
2012-10-05,3509,4,5,3154.0,3633.0,3649.0,3935.0,3928.0,3749.0,3890.0,3236.0,4164.0,3849.5714285714284,620.508355340702,3693.285714285714,3726.535714285714,3711.3333333333335,3848.233333333333,3881.288888888889,821.8851473303883,3567.9707810148966,3626.11361161368,-0.433883739117558,-0.433883739117558,,821.8851473303888,3587.9311150549192,,11995.0548143808
2012-10-06,4885,5,6,3509.0,3453.0,4551.0,5253.0,4808.0,4910.0,4630.0,3107.0,3711.0,3897.285714285714,692.1412944107401,3691.5,3735.6428571428573,3770.6,3867.8,3877.722222222222,840.694688112566,3897.2280857611727,3793.9651300651894,-0.9749279121818236,-0.9749279121818236,,840.6946881125665,3670.043970910119,,11995.0548143808
2012-10-07,5336,6,7,4885.0,3154.0,4855.0,5170.0,4990.0,5083.0,5473.0,3890.0,3764.0,3966.0,815.8827530145917,3709.5714285714284,3730.75,3818.8,3894.0,3892.177777777778,887.9030468973795,4256.92106432088,3999.5697793898307,-0.7818314824680299,-0.7818314824680299,,887.9030468973799,3876.1315732045296,,11995.0548143808
2012-10-08,3907,0,8,5336.0,3509.0,3792.0,4955.0,3187.0,2996.0,3566.0,4630.0,3583.0,3982.4285714285716,812.9476935086012,3774.6428571428573,3742.9285714285716,3794.7,3899.4,3894.2444444444445,874.8417058787393,4169.44079824066,3987.227142137853,0.0,0.0,,874.8417058787397,3819.112423999387,,11995.0548143808
2012-10-09,3347,1,9,3907.0,4885.0,3633.0,3737.0,3167.0,2829.0,3128.0,5473.0,4338.0,3941.5714285714284,840.1674152895292,3811.6428571428573,3750.75,3723.8333333333335,3882.883333333333,3892.3444444444444,818.4968174830494,3963.830598680495,3901.8635231861394,0.7818314824680298,0.7818314824680298,,818.4968174830499,3573.139396130657,,11995.0548143808
2012-10-10,2997,2,10,3347.0,5336.0,3453.0,3236.0,2872.0,2722.0,2922.0,3566.0,5203.0,3876.4285714285716,899.9162659460541,3831.285714285714,3753.4285714285716,3704.866666666667,3846.116666666667,3885.088888888889,828.8079821432484,3722.122949010371,3781.2150534279876,0.9749279121818236,0.9749279121818236,,828.8079821432489,3618.1526788708925,,11995.0548143808
2012-10-11,2948,3,11,2997.0,3907.0,3154.0,3107.0,2978.0,2570.0,3239.0,3128.0,5014.0,3847.0,930.3323778807966,3858.285714285714,3743.035714285714,3698.866666666667,3811.6833333333334,3871.6111111111113,833.7648197859148,3528.5922117577784,3670.119712970923,0.43388373911755823,0.43388373911755823,,833.7648197859153,3639.791702362394,,11995.0548143808
2012-10-12,3628,4,12,2948.0,3347.0,3509.0,3890.0,3749.0,3649.0,3928.0,2922.0,3631.0,3864.0,924.1937026403089,3856.785714285714,3732.3214285714284,3722.4,3811.633333333333,3859.6444444444446,820.9463672683069,3553.444158818334,3664.5037512414665,-0.433883739117558,-0.433883739117558,,820.9463672683073,3583.832880397831,,11995.0548143808
2012-10-13,4092,5,13,3628.0,2997.0,4885.0,4630.0,4910.0,4551.0,4808.0,3239.0,3588.0,3750.714285714286,821.0269411506806,3824.0,3706.75,3750.8333333333335,3820.0333333333333,3852.7,818.3943524316068,3688.083119113751,3721.5032510759374,-0.9749279121818236,-0.9749279121818236,,818.3943524316073,3572.69208600774,,11995.0548143808
2012-10-14,4652,6,14,4092.0,2948.0,5336.0,5473.0,5083.0,4855.0,4990.0,3928.0,3271.0,3653.0,616.0167746633795,3809.5,3694.6785714285716,3774.9666666666667,3843.05,3866.211111111111,834.3188625266787,3929.062339335313,3845.5694842658127,-0.7818314824680299,-0.7818314824680299,,834.3188625266791,3642.2103702202007,,11995.0548143808
2012-10-15,3260,0,15,4652.0,3628.0,3907.0,3566.0,2996.0,3792.0,3187.0,4808.0,3687.0,3560.5714285714284,620.079526389661,3771.5,3697.285714285714,3723.366666666667,3835.9333333333334,3865.1,815.8918743158972,3761.796754501485,3767.493553030371,0.0,0.0,,815.8918743158977,3561.7675436610834,,11995.0548143808
2012-10-16,2767,1,16,3260.0,4092.0,3347.0,3128.0,2829.0,3633.0,3167.0,4990.0,4085.0,3477.714285714286,688.3649018473025,3709.6428571428573,3683.0,3649.266666666667,3813.9666666666667,3861.0555555555557,797.6314045166852,3513.0975658761135,3634.0944126263216,0.7818314824680298,0.7818314824680298,,797.6314045166857,3482.051651506415,,11995.0548143808
2012-10-17,2862,2,17,2767.0,4652.0,2997.0,2922.0,2722.0,3453.0,2872.0,3187.0,5319.0,3458.4285714285716,705.749213517777,3667.4285714285716,3682.6428571428573,3638.4333333333334,3773.016666666667,3855.7,806.286450481391,3350.3231744070854,3531.1484909428123,0.9749279121818236,0.9749279121818236,,806.2864504813915,3519.835165200348,,11995.0548143808
2012-10-18,2699,3,18,2862.0,3260.0,2948.0,3239.0,2570.0,3154.0,2978.0,3167.0,5561.0,3422.8571428571427,741.1510031861378,3634.9285714285716,3672.6785714285716,3622.8333333333335,3725.3166666666666,3837.4777777777776,820.1308172915221,3187.492380805314,3420.195358817104,0.43388373911755823,0.43388373911755823,,820.1308172915226,3580.2726054043083,,11995.0548143808
2012-10-19,3253,4,19,2699.0,2767.0,3628.0,3928.0,3649.0,3509.0,3749.0,2872.0,3627.0,3369.285714285714,737.3948996943548,3616.6428571428573,3654.964285714286,3635.5333333333333,3719.0833333333335,3820.5333333333333,811.0021358589703,3203.8692856039856,3397.9026443081566,-0.433883739117558,-0.433883739117558,,811.0021358589707,3540.421440971341,,11995.0548143808
2012-10-20,4127,5,20,3253.0,2862.0,4092.0,4808.0,4551.0,4885.0,4910.0,2978.0,3399.0,3374.285714285714,743.2078476186283,3562.5,3627.0,3673.8333333333335,3731.2166666666667,3809.9,805.9946129422636,3434.6519642029893,3495.1156250670692,-0.9749279121818236,-0.9749279121818236,,805.9946129422641,3518.5611514399375,,11995.0548143808
2012-10-21,4436,6,21,4127.0,2699.0,4652.0,4990.0,4855.0,5336.0,5083.0,3749.0,3093.0,3343.4285714285716,683.3941900891673,3498.214285714286,3603.8928571428573,3696.733333333333,3753.6,3820.811111111111,817.8758835664097,3684.988973152242,3620.5668750581267,-0.7818314824680299,-0.7818314824680299,,817.8758835664102,3570.428715536001,,11995.0548143808
2012-10-22,2899,0,22,4436.0,3253.0,3260.0,3187.0,3792.0,3907.0,2996.0,4910.0,3056.0,3291.8571428571427,704.0483952521682,3426.214285714286,3600.4285714285716,3629.7,3750.983333333333,3818.277777777778,797.1558559156955,3488.4917298641817,3524.3579583837095,0.0,0.0,,797.1558559156961,3479.9756490044183,,11995.0548143808
2012-10-23,2761,1,23,2899.0,4127.0,2767.0,3167.0,3633.0,3347.0,2829.0,5083.0,3531.0,3291.0,704.797133932886,3384.3571428571427,3598.0,3552.3,3738.15,3815.277777777778,763.1853008596745,3306.6187973981364,3422.576897265881,0.7818314824680298,0.7818314824680298,,763.185300859675,3331.67754205227,,11995.0548143808
2012-10-24,2433,2,24,2761.0,4436.0,2862.0,2872.0,3453.0,2997.0,2722.0,2996.0,4836.0,3229.714285714286,764.4459244633217,3344.0714285714284,3587.6785714285716,3533.5333333333333,3698.1,3804.2555555555555,783.9752693730218,3088.2140980486024,3290.6333109637635,0.9749279121818236,0.9749279121818236,,783.9752693730222,3422.435934696717,,11995.0548143808
2012-10-25,2665,3,25,2433.0,2899.0,2699.0,2978.0,3154.0,2948.0,2570.0,2829.0,4978.0,3224.8571428571427,768.4773751975313,3323.8571428571427,3591.0714285714284,3528.0666666666666,3659.55,3794.1666666666665,789.6089356538236,2982.4105735364515,3207.215536168595,0.43388373911755823,0.43388373911755823,,789.608935653824,3447.029646611794,,11995.0548143808
2012-10-26,3261,4,26,2665.0,2761.0,3253.0,3749.0,3509.0,3628.0,3649.0,2722.0,3271.0,3226.0,768.5321507046259,3297.6428571428573,3577.214285714286,3546.0333333333333,3659.383333333333,3788.4333333333334,776.6613553663761,3052.0579301523385,3214.3867980127825,-0.433883739117558,-0.433883739117558,,776.6613553663766,3390.507118702758,,11995.0548143808
2012-10-27,4214,5,27,3261.0,2433.0,4127.0,4910.0,4885.0,4092.0,4551.0,2570.0,2972.0,3238.4285714285716,786.0355923118007,3306.3571428571427,3565.1785714285716,3600.8333333333335,3680.0833333333335,3791.322222222222,763.3033962407342,3342.543447614254,3347.668558277745,-0.9749279121818236,-0.9749279121818236,,763.3033962407347,3332.193086217565,,11995.0548143808
2012-10-28,4512,6,28,4214.0,2665.0,4436.0,5083.0,5336.0,4652.0,4855.0,3649.0,2708.0,3249.285714285714,805.6150268140373,3296.3571428571427,3552.9285714285716,3629.6,3710.15,3805.3888888888887,781.2326511177124,3634.907585710691,3502.912750507379,-0.7818314824680299,-0.7818314824680299,,781.2326511177129,3410.4630630529055,,11995.0548143808
2012-10-29,3132,0,29,4512.0,3261.0,2899.0,2996.0,3907.0,3260.0,3792.0,4551.0,3042.0,3282.5714285714284,793.4517118562599,3287.214285714286,3529.3571428571427,3582.3,3711.65,3803.788888888889,766.3374223066378,3509.180689283018,3453.457717106395,0.0,0.0,,766.3374223066384,3345.438095646318,,11995.0548143808
2012-10-30,2819,1,30,3132.0,4214.0,2761.0,2829.0,3347.0,2767.0,3633.0,4855.0,3935.0,3290.8571428571427,787.3769593977756,3290.9285714285716,3500.285714285714,3514.4333333333334,3693.05,3794.6,739.4220335357592,3336.635516962264,3368.8633548255425,0.7818314824680298,0.7818314824680298,,739.4220335357596,3227.939244184515,,11995.0548143808
2012-10-31,2249,2,31,2819.0,4512.0,2433.0,2722.0,2997.0,2862.0,3453.0,3792.0,5253.0,3264.5714285714284,823.051812290269,3247.1428571428573,3457.285714285714,3463.0,3642.983333333333,3773.8888888888887,772.3792172064254,3064.7266377216974,3219.5482408488033,0.9749279121818236,0.9749279121818236,,772.379217206426,3371.8134888288573,,11995.0548143808
2012-11-01,3093,3,1,2249.0,3132.0,2665.0,2570.0,2948.0,2699.0,3154.0,3633.0,5170.0,3325.714285714286,786.1581084162276,3275.285714285714,3455.1071428571427,3445.0,3608.366666666667,3760.6555555555556,774.5699585509705,3071.794978291273,3202.675142068963,0.43388373911755823,0.43388373911755823,,774.5699585509709,3381.3771475233366,,11995.0548143808
2012-11-02,3802,4,2,3093.0,2819.0,3261.0,3649.0,3628.0,3253.0,3509.0,3453.0,4955.0,3403.0,805.0999937895967,3314.5,3465.5714285714284,3456.633333333333,3589.15,3748.266666666667,777.3102377732608,3254.346233718455,3282.5851231264346,-0.433883739117558,-0.433883739117558,,777.3102377732613,3393.339808142682,,11995.0548143808
2012-11-03,4726,5,3,3802.0,2249.0,4214.0,4551.0,4092.0,4127.0,4885.0,3154.0,3737.0,3476.1428571428573,907.7696896921692,3357.285714285714,3459.8928571428573,3509.0333333333333,3605.633333333333,3742.4444444444443,808.5631565690562,3622.2596752888417,3475.04044004291,-0.9749279121818236,-0.9749279121818236,,808.5631565690566,3529.7741020923236,,11995.0548143808
2012-11-04,4988,6,4,4726.0,3093.0,4512.0,4855.0,4652.0,4436.0,5336.0,3509.0,3236.0,3544.1428571428573,1010.3315344597615,3396.714285714286,3447.464285714286,3558.3333333333335,3634.8333333333335,3751.6,852.4586078871605,3963.694756466631,3676.768381370522,-0.7818314824680299,-0.7818314824680299,,852.4586078871608,3721.39924108549,,11995.0548143808
2012-11-05,3516,0,5,4988.0,3802.0,3132.0,3792.0,3260.0,2899.0,3907.0,4885.0,3107.0,3599.0,994.5253474229164,3440.785714285714,3433.5,3512.7,3641.65,3749.4333333333334,814.8018650631215,3851.7710673499732,3655.3325971877857,0.0,0.0,,814.8018650631219,3557.0091195352366,,11995.0548143808
2012-11-06,2890,1,6,3516.0,4726.0,2819.0,3633.0,2767.0,2761.0,3347.0,5336.0,3890.0,3609.1428571428573,985.5662380194522,3450.0,3417.1785714285716,3431.1666666666665,3624.983333333333,3739.722222222222,745.4936380465048,3611.32830051248,3553.288250896081,0.7818314824680298,0.7818314824680298,,745.4936380465053,3254.444770915557,,11995.0548143808
2012-11-07,3120,2,7,2890.0,4988.0,2249.0,3453.0,2862.0,2433.0,2997.0,3907.0,4630.0,3733.5714285714284,827.5405039720351,3499.0714285714284,3421.5714285714284,3404.9333333333334,3599.8166666666666,3734.5777777777776,742.0108714387751,3488.49622538436,3495.516484109937,0.9749279121818236,0.9749279121818236,,742.0108714387757,3239.2407892899782,,11995.0548143808
2012-11-08,3035,3,8,3120.0,3516.0,3093.0,3154.0,2699.0,2665.0,2948.0,3347.0,5473.0,3725.285714285714,835.2773420219434,3525.5,3424.6785714285716,3394.5333333333333,3559.1833333333334,3720.1,745.03120662867,3375.1221690382704,3434.1142862286124,0.43388373911755823,0.43388373911755823,,745.0312066286705,3252.426031341034,,11995.0548143808
2012-11-09,3738,4,9,3035.0,2890.0,3802.0,3509.0,3253.0,3261.0,3628.0,2997.0,3566.0,3716.1428571428573,834.647715820162,3559.5714285714284,3428.6071428571427,3419.233333333333,3562.05,3703.822222222222,743.6792821590775,3465.841626778703,3474.6323813981307,-0.433883739117558,-0.433883739117558,,743.6792821590781,3246.524219043525,,11995.0548143808
2012-11-10,4941,5,10,3738.0,3120.0,4726.0,4885.0,4127.0,4214.0,4092.0,2948.0,3128.0,3746.8571428571427,880.6892052196849,3611.5,3458.9285714285716,3485.6666666666665,3592.266666666667,3703.011111111111,787.8390056671295,3834.6312200840275,3670.1480638783796,-0.9749279121818236,-0.9749279121818236,,787.83900566713,3439.3030355501937,,11995.0548143808
2012-11-11,4648,6,11,4941.0,3035.0,4988.0,5336.0,4436.0,4512.0,4652.0,3628.0,2922.0,3698.285714285714,807.133758903634,3621.214285714286,3458.785714285714,3519.6666666666665,3621.0333333333333,3714.311111111111,815.7099439406599,4037.9734150630206,3800.5283220279293,-0.7818314824680299,-0.7818314824680299,,815.7099439406603,3560.973328488553,,11995.0548143808
2012-11-12,3408,0,12,4648.0,3738.0,3516.0,3907.0,2899.0,3132.0,3260.0,4092.0,3239.0,3682.8571428571427,812.2151661908815,3640.9285714285716,3464.0714285714284,3496.866666666667,3623.85,3712.311111111111,808.6900319752237,3880.4800612972654,3748.191212424206,0.0,0.0,,808.6900319752242,3530.32797536647,,11995.0548143808
2012-11-13,2798,1,13,3408.0,4941.0,2890.0,3347.0,2761.0,2819.0,2767.0,4652.0,3928.0,3669.714285714286,827.778294449613,3639.4285714285716,3465.1785714285716,3435.0666666666666,3605.016666666667,3707.0555555555557,787.9460831078827,3609.860045972949,3621.499050767645,0.7818314824680298,0.7818314824680298,,787.9460831078832,3439.77048101097,,11995.0548143808
2012-11-14,2409,2,14,2798.0,4648.0,3120.0,2997.0,2433.0,2249.0,2862.0,3260.0,4808.0,3568.1428571428573,942.1870706980026,3650.8571428571427,3449.0,3406.7,3565.0333333333333,3692.8555555555554,809.4897562769022,3309.6450344797117,3459.8325106652924,0.9749279121818236,0.9749279121818236,,809.4897562769027,3533.819163538902,,11995.0548143808
2012-11-15,2691,3,15,2409.0,3408.0,3035.0,2948.0,2665.0,3093.0,2699.0,2767.0,4990.0,3519.0,982.7285145620539,3622.1428571428573,3448.714285714286,3404.1666666666665,3526.7166666666667,3677.366666666667,811.676727025852,3154.983775859784,3357.3215092432533,0.43388373911755823,0.43388373911755823,,811.6767270258524,3543.3663617372868,,11995.0548143808
2012-11-16,3456,4,16,2691.0,2798.0,3738.0,3628.0,3261.0,3802.0,3253.0,2862.0,3187.0,3478.714285714286,978.0234684106066,3597.4285714285716,3455.964285714286,3423.9666666666667,3531.2,3656.6666666666665,805.2143635482199,3230.237831894838,3370.478641344153,-0.433883739117558,-0.433883739117558,,805.2143635482204,3515.1549807754773,,11995.0548143808
2012-11-17,4602,5,17,3456.0,2409.0,4941.0,4092.0,4214.0,4726.0,4127.0,2699.0,3167.0,3430.285714285714,898.7262679825897,3588.5714285714284,3472.9285714285716,3487.4,3555.116666666667,3646.011111111111,820.937378434154,3573.1783739211287,3534.681489164933,-0.9749279121818236,-0.9749279121818236,,820.9373784341544,3583.793639735252,,11995.0548143808
2012-11-18,4313,6,18,4602.0,2691.0,4648.0,4652.0,4512.0,4988.0,4436.0,3253.0,2872.0,3382.4285714285716,829.3147486816823,3540.3571428571427,3468.535714285714,3522.733333333333,3579.133333333333,3653.633333333333,833.2202976211107,3758.1337804408467,3638.4572906096087,-0.7818314824680299,-0.7818314824680299,,833.2202976211113,3637.414596480528,,11995.0548143808
2012-11-19,3271,0,19,4313.0,3456.0,3408.0,3260.0,3132.0,3516.0,2899.0,4127.0,2978.0,3362.8571428571427,830.2267619093508,3522.8571428571427,3481.8214285714284,3494.2,3584.016666666667,3652.211111111111,826.4429971789968,3636.350335330635,3589.4629851949944,0.0,0.0,,826.4429971789973,3607.828361455695,,11995.0548143808
2012-11-20,3452,1,20,3271.0,4602.0,2798.0,2767.0,2819.0,2890.0,2761.0,4436.0,3749.0,3456.285714285714,791.9847882137087,3563.0,3506.5,3461.4,3579.0666666666666,3656.2,807.0754184303221,3590.2627514979763,3571.134587168995,0.7818314824680298,0.7818314824680298,,807.0754184303225,3523.2793966260474,,11995.0548143808
2012-11-21,3709,2,21,3452.0,4313.0,2409.0,2862.0,2249.0,3120.0,2433.0,2899.0,4910.0,3642.0,644.0843630043133,3605.0714285714284,3552.0714285714284,3488.4,3559.05,3663.4555555555557,801.1391286463746,3619.9470636234823,3589.516642213129,0.9749279121818236,0.9749279121818236,,801.1391286463751,3497.3645849361296,,11995.0548143808
2012-11-22,2000,3,22,3709.0,3271.0,2691.0,2699.0,3093.0,3035.0,2665.0,2761.0,5083.0,3543.285714285714,837.9160089741962,3531.1428571428573,3528.3214285714284,3463.0333333333333,3507.6666666666665,3646.4444444444443,836.2439209957198,3214.960297717612,3377.581089918045,0.43388373911755823,0.43388373911755823,,836.2439209957201,3650.6141930679637,,11995.0548143808
2012-11-23,2310,4,23,2000.0,3452.0,3456.0,3253.0,3802.0,3738.0,3261.0,2433.0,2996.0,3379.5714285714284,960.76165222232,3429.1428571428573,3494.3571428571427,3458.9333333333334,3496.233333333333,3618.3777777777777,841.7515782819934,2988.7202232882087,3235.2369445956388,-0.433883739117558,-0.433883739117558,,841.7515782819937,3674.657814019951,,11995.0548143808
2012-11-24,2869,5,24,2310.0,3709.0,4602.0,4127.0,4726.0,4941.0,4214.0,2665.0,2829.0,3132.0,803.7089025262902,3281.1428571428573,3446.3214285714284,3465.733333333333,3496.9,3594.9444444444443,835.9205098874961,2958.790167466156,3186.405351982887,-0.9749279121818236,-0.9749279121818236,,835.9205098874966,3649.202345218031,,11995.0548143808
2012-11-25,3509,6,25,2869.0,2000.0,4313.0,4436.0,4988.0,4648.0,4512.0,3261.0,2722.0,3017.1428571428573,649.4498770938052,3199.785714285714,3410.5,3474.0,3510.016666666667,3597.588888888889,835.0518464184684,3096.3426255996173,3229.4179717185025,-0.7818314824680299,-0.7818314824680299,,835.0518464184688,3645.410203823142,,11995.0548143808
2012-11-26,2829,0,26,3509.0,2310.0,3271.0,2899.0,3516.0,3408.0,3132.0,4214.0,2570.0,2954.0,642.1001998650082,3158.4285714285716,3399.6785714285716,3427.8333333333335,3514.3333333333335,3596.0,831.0052111265833,3029.506969199713,3176.0289088227023,0.0,0.0,,831.0052111265838,3627.744659285449,,11995.0548143808
2012-11-27,2582,1,27,2829.0,2869.0,3452.0,2761.0,2890.0,2798.0,2819.0,4512.0,3649.0,2829.714285714286,613.1893982247714,3143.0,3391.214285714286,3363.5,3496.55,3594.6,818.7958673648707,2917.6302268997842,3096.8250543130084,0.7818314824680298,0.7818314824680298,,818.795867364871,3574.4448952985454,,11995.0548143808
2012-11-28,2293,2,28,2582.0,3509.0,3709.0,2433.0,3120.0,2409.0,2249.0,3132.0,4551.0,2627.4285714285716,497.4082351358643,3134.714285714286,3392.785714285714,3335.5333333333333,3458.9166666666665,3586.277777777778,841.002838706649,2761.472670174838,2989.6483804046075,0.9749279121818236,0.9749279121818236,,841.0028387066493,3671.389199143314,,11995.0548143808
2012-11-29,2199,3,29,2293.0,2829.0,2000.0,2665.0,3035.0,2691.0,3093.0,2819.0,4855.0,2655.8571428571427,459.8399825198239,3099.5714285714284,3360.8571428571427,3314.866666666667,3414.65,3566.988888888889,861.5018055230869,2620.8545026311285,2884.2285963506597,0.43388373911755823,0.43388373911755823,,861.5018055230872,3760.877226887913,,11995.0548143808
2012-11-30,2999,4,30,2199.0,2582.0,2310.0,3261.0,3738.0,3456.0,3802.0,2249.0,3792.0,2754.285714285714,447.0327036082021,3066.9285714285716,3332.1785714285716,3339.866666666667,3401.4333333333334,3541.9444444444443,840.121614075474,2715.390876973346,2899.531450170572,-0.433883739117558,-0.433883739117558,,840.1216140754744,3667.5422221249128,,11995.0548143808
2012-12-01,4949,5,1,2999.0,2293.0,2869.0,4214.0,4941.0,4602.0,4726.0,3093.0,3633.0,3051.4285714285716,947.3281475009777,3091.714285714286,3340.1428571428573,3401.733333333333,3423.366666666667,3539.488888888889,888.2735650894825,3273.7931577300096,3172.7939234811624,-0.9749279121818236,-0.9749279121818236,,888.2735650894829,3877.7490665422033,,11995.0548143808
2012-12-02,3916,6,2,4949.0,2199.0,3509.0,4512.0,4648.0,4313.0,4988.0,3802.0,3453.0,3109.5714285714284,991.5502772834902,3063.3571428571427,3301.8571428571427,3405.5333333333333,3431.0833333333335,3527.9444444444443,890.28649915334,3434.344868297507,3271.8880670170074,-0.7818314824680299,-0.7818314824680299,,890.2864991533404,3886.536509390791,,11995.0548143808
2012-12-03,3664,0,3,3916.0,2999.0,2829.0,3132.0,3408.0,3271.0,3516.0,4726.0,3154.0,3228.8571428571427,1002.3388363508393,3091.4285714285716,3307.1428571428573,3370.133333333333,3439.5833333333335,3527.133333333333,856.4415044675908,3491.7586512231305,3324.1696580814064,0.0,0.0,,856.4415044675912,3738.786534937179,,11995.0548143808
2012-12-04,2899,1,4,3664.0,4949.0,2582.0,2819.0,2798.0,3452.0,2890.0,4988.0,3509.0,3274.1428571428573,975.0320385456506,3051.9285714285716,3307.464285714286,3300.5,3429.4166666666665,3523.3888888888887,803.6614379802916,3343.568988417348,3267.480370337219,0.7818314824680298,0.7818314824680298,,803.661437980292,3508.375700260879,,11995.0548143808
2012-12-05,2721,2,5,2899.0,3916.0,2293.0,2249.0,2409.0,3709.0,3120.0,3516.0,4885.0,3335.285714285714,914.811586117736,2981.3571428571427,3293.214285714286,3274.0,3393.35,3519.1,809.3972214363996,3187.926741313011,3194.616320958923,0.9749279121818236,0.9749279121818236,,809.3972214364001,3533.4152036491973,,11995.0548143808
2012-12-06,3009,3,6,2721.0,3664.0,2199.0,3093.0,2691.0,2000.0,3035.0,2890.0,5336.0,3451.0,789.8174894661895,3053.4285714285716,3292.285714285714,3277.9666666666667,3354.5666666666666,3509.311111111111,807.7403339727658,3143.1950559847583,3169.8674781644,0.43388373911755823,0.43388373911755823,,807.7403339727663,3526.182078553524,,11995.0548143808
2012-12-07,3620,4,7,3009.0,2899.0,2999.0,3802.0,3456.0,2310.0,3738.0,3120.0,3907.0,3539.714285714286,765.0746617783418,3147.0,3288.0714285714284,3294.633333333333,3349.7833333333333,3498.088888888889,809.524955775291,3262.396291988569,3229.8851477424796,-0.433883739117558,-0.433883739117558,,809.5249557752916,3533.972826585271,,11995.0548143808
2012-12-08,4676,5,8,3620.0,2721.0,4949.0,4726.0,4602.0,2869.0,4941.0,3035.0,3347.0,3500.714285714286,683.9161045736859,3276.0714285714284,3278.6071428571427,3349.3333333333335,3371.9333333333334,3489.233333333333,845.9964674799202,3615.7972189914267,3422.700461376816,-0.9749279121818236,-0.9749279121818236,,845.9964674799206,3693.1888339351704,,11995.0548143808
2012-12-09,4529,6,9,4676.0,3009.0,3916.0,4988.0,4313.0,3509.0,4648.0,3738.0,2997.0,3588.285714285714,778.6393504667249,3348.9285714285716,3274.3571428571427,3375.7,3397.4666666666667,3499.9333333333334,870.498990868712,3844.09791424357,3570.2070665265737,-0.7818314824680299,-0.7818314824680299,,870.4989908687124,3800.1543465126433,,11995.0548143808
2012-12-10,3513,0,10,4529.0,3620.0,3664.0,3516.0,3271.0,2829.0,3408.0,4941.0,2948.0,3566.714285714286,778.2837345265394,3397.785714285714,3278.1071428571427,3328.1,3406.883333333333,3504.211111111111,819.5036491892399,3761.3234356826774,3562.579457656364,0.0,0.0,,819.5036491892404,3577.5347095366706,,11995.0548143808
2012-12-11,2885,1,11,3513.0,4676.0,2899.0,2890.0,3452.0,2582.0,2798.0,4648.0,3628.0,3564.714285714286,780.3009492680225,3419.4285714285716,3281.214285714286,3269.3333333333335,3394.5,3503.8,784.0345846230613,3542.242576762008,3472.235529968849,0.7818314824680298,0.7818314824680298,,784.0345846230616,3422.6948748076375,,11995.0548143808
2012-12-12,2744,2,12,2885.0,4529.0,2721.0,3120.0,3709.0,2293.0,2409.0,3408.0,4092.0,3568.0,776.1937043461974,3451.6428571428573,3293.1785714285716,3247.2,3372.0333333333333,3498.3,789.3394619597423,3342.681932571506,3375.137459306336,0.9749279121818236,0.9749279121818236,,789.3394619597427,3445.853261985763,,11995.0548143808
2012-12-13,2761,3,13,2744.0,3513.0,3009.0,3035.0,2000.0,2199.0,2691.0,2798.0,4652.0,3532.5714285714284,810.8474696560538,3491.785714285714,3295.6785714285716,3245.9666666666667,3340.516666666667,3485.3333333333335,790.0940792228399,3197.2614494286295,3293.252464732158,0.43388373911755823,0.43388373911755823,,790.0940792228404,3449.147535847531,,11995.0548143808
2012-12-14,3365,4,14,2761.0,2885.0,3620.0,3738.0,2310.0,2999.0,3456.0,2409.0,3260.0,3496.1428571428573,811.9922882580123,3517.9285714285716,3292.4285714285716,3277.8333333333335,3342.266666666667,3469.3,774.2939423729214,3239.1960870714724,3302.8188027678702,-0.433883739117558,-0.433883739117558,,774.2939423729218,3380.172201751172,,11995.0548143808
2012-12-15,4362,5,15,3365.0,2744.0,4676.0,4941.0,2869.0,4949.0,4602.0,2691.0,2767.0,3451.285714285714,741.5692177820708,3476.0,3283.8571428571427,3333.5333333333333,3368.85,3462.322222222222,790.5557073582984,3519.8970653036044,3444.0429623988207,-0.9749279121818236,-0.9749279121818236,,790.555707358299,3451.1627687011432,,11995.0548143808
2012-12-16,4453,6,16,4362.0,2761.0,4529.0,4648.0,3509.0,3916.0,4313.0,3456.0,2862.0,3440.4285714285716,723.4970299738351,3514.3571428571427,3288.8571428571427,3366.766666666667,3395.366666666667,3476.3888888888887,816.4144773646364,3753.1727989777037,3578.570567412311,-0.7818314824680299,-0.7818314824680299,,816.4144773646369,3564.0489618683414,,11995.0548143808
2012-12-17,3100,0,17,4453.0,3365.0,3513.0,3408.0,2829.0,3664.0,3271.0,4602.0,2699.0,3381.4285714285716,733.3650426044964,3474.0714285714284,3282.75,3316.7,3402.05,3475.6444444444446,783.4408698502539,3589.879599233278,3514.7611584240026,0.0,0.0,,783.4408698502543,3420.1030191040245,,11995.0548143808
2012-12-18,3175,1,18,3100.0,4362.0,2885.0,2798.0,2582.0,2899.0,3452.0,4313.0,3253.0,3422.8571428571427,708.4140570249043,3493.785714285714,3272.8571428571427,3278.766666666667,3400.75,3479.011111111111,760.7597238755893,3486.1596994249585,3469.4596706341354,0.7818314824680298,0.7818314824680298,,760.7597238755899,3321.0887108008137,,11995.0548143808
2012-12-19,2904,2,19,3175.0,4453.0,2744.0,2409.0,2293.0,2721.0,3709.0,3271.0,4127.0,3445.714285714286,685.0561325628087,3506.8571428571427,3244.1071428571427,3266.5333333333333,3380.366666666667,3478.188888888889,763.8334686409667,3340.619774568719,3394.0650478829175,0.9749279121818236,0.9749279121818236,,763.8334686409671,3334.507111801557,,11995.0548143808
2012-12-20,3187,3,20,2904.0,3100.0,2761.0,2691.0,2199.0,3009.0,2000.0,3452.0,4436.0,3506.5714285714284,630.8705247890613,3519.5714285714284,3286.5,3257.7,3359.55,3471.9444444444443,763.1466686889443,3302.2148309265394,3366.456374831862,0.43388373911755823,0.43388373911755823,,763.1466686889448,3331.5088937102782,,11995.0548143808
2012-12-21,3674,4,21,3187.0,3175.0,3365.0,3456.0,2999.0,3620.0,2310.0,3709.0,2899.0,3550.714285714286,630.1237217895471,3523.4285714285716,3335.214285714286,3256.5333333333333,3372.4666666666667,3458.211111111111,762.4593933035256,3395.1611231949046,3407.462191520947,-0.433883739117558,-0.433883739117558,,762.4593933035262,3328.508600119423,,11995.0548143808
2012-12-22,4395,5,22,3674.0,2904.0,4362.0,4602.0,4949.0,4676.0,2869.0,2000.0,2761.0,3555.4285714285716,637.2877050811702,3503.3571428571427,3389.714285714286,3336.366666666667,3399.7,3450.5666666666666,751.665162217827,3645.1208423961784,3539.133899318154,-0.9749279121818236,-0.9749279121818236,,751.6651622178275,3281.386495892002,,11995.0548143808
2012-12-23,4079,6,23,4395.0,3187.0,4453.0,4313.0,3916.0,4529.0,3509.0,2310.0,2433.0,3502.0,560.5538927406296,3471.214285714286,3410.0714285714284,3395.3333333333335,3427.133333333333,3462.6,737.6285081882015,3753.590631797134,3611.1160460757333,-0.7818314824680299,-0.7818314824680299,,737.628508188202,3220.109627818963,,11995.0548143808
2012-12-24,3287,0,24,4079.0,3674.0,3100.0,3271.0,3664.0,3513.0,2829.0,2869.0,2665.0,3528.714285714286,542.3635663420288,3455.0714285714284,3426.4285714285716,3409.266666666667,3437.5,3467.688888888889,731.2639946592851,3636.9429738478507,3567.9005732656356,0.0,0.0,,731.2639946592857,3192.3254097968224,,11995.0548143808
2012-12-25,0,1,25,3287.0,4395.0,3175.0,3452.0,2899.0,2885.0,2582.0,3509.0,3261.0,3075.1428571428573,1452.1002523438792,3249.0,3334.214285714286,3292.3,3383.15,3437.4444444444443,959.7122467446804,2727.7072303858877,3092.1804968302176,0.7818314824680298,0.7818314824680298,,959.7122467446809,4189.613892864648,,11995.0548143808
2012-12-26,2799,2,26,0.0,4079.0,2904.0,3709.0,2721.0,2744.0,2293.0,2829.0,4214.0,3060.1428571428573,1454.702767872928,3252.9285714285716,3352.285714285714,3291.3,3359.5666666666666,3439.988888888889,960.2271336907015,2745.5304227894153,3053.089763919522,0.9749279121818236,0.9749279121818236,,960.227133690702,4191.861626505249,,11995.0548143808
2012-12-27,2910,3,27,2799.0,3287.0,3187.0,2000.0,3009.0,2761.0,2199.0,2582.0,4512.0,3020.5714285714284,1454.4443219712132,3263.5714285714284,3377.6785714285716,3302.233333333333,3332.866666666667,3431.777777777778,953.7176869686227,2786.6478170920614,3034.011128730252,0.43388373911755823,0.43388373911755823,,953.7176869686231,4163.444704126493,,11995.0548143808
2012-12-28,3258,4,28,2910.0,0.0,3674.0,2310.0,3620.0,3365.0,2999.0,2293.0,3132.0,2961.1428571428573,1431.6151052303921,3255.9285714285716,3386.9285714285716,3334.4,3334.9666666666667,3417.411111111111,934.5865617369577,2904.485862819046,3063.876311566218,-0.433883739117558,-0.433883739117558,,934.5865617369582,4079.927974681193,,11995.0548143808
2012-12-29,3874,5,29,3258.0,2799.0,4395.0,2869.0,4676.0,4362.0,4949.0,2199.0,2819.0,2886.714285714286,1356.2027520846293,3221.0714285714284,3348.535714285714,3390.233333333333,3352.55,3406.511111111111,914.2289641280089,3146.8643971142847,3171.8928033573893,-0.9749279121818236,-0.9749279121818236,,914.2289641280094,3991.05709275059,,11995.0548143808
2012-12-30,4243,6,30,3874.0,2910.0,4079.0,3509.0,4529.0,4453.0,3916.0,2999.0,2249.0,2910.1428571428573,1381.4146648238875,3206.0714285714284,3360.214285714286,3431.7,3385.7833333333333,3411.5222222222224,924.0313903460341,3420.8982978357135,3314.7070962430707,-0.7818314824680299,-0.7818314824680299,,924.0313903460345,4033.849483080214,,11995.0548143808
2012-12-31,3683,0,31,4243.0,3258.0,3287.0,2829.0,3513.0,3100.0,3664.0,4949.0,3093.0,2966.714285714286,1407.2860067384745,3247.714285714286,3360.8928571428573,3389.5,3395.616666666667,3412.0777777777776,880.2177140559763,3486.4237233767853,3363.8128167439945,0.0,0.0,,880.2177140559768,3842.581332126698,,11995.0548143808
2013-01-01,2500,1,1,3683.0,3874.0,0.0,2582.0,2885.0,3175.0,2899.0,3916.0,3802.0,3323.8571428571427,633.2844091379112,3199.5,3346.6428571428573,3342.3,3373.9166666666665,3401.488888888889,888.9336172415052,3239.817792532589,3248.637774511462,0.7818314824680298,0.7818314824680298,,888.9336172415055,3880.6305173890687,,11995.0548143808
2013-01-02,3424,2,2,2500.0,4243.0,2799.0,2293.0,2744.0,2904.0,2721.0,3664.0,4726.0,3413.1428571428573,589.4976473154793,3236.6428571428573,3371.75,3334.3,3352.2166666666667,3404.488888888889,887.0165084184705,3285.8633443994418,3272.0194045766,0.9749279121818236,0.9749279121818236,,887.016508418471,3872.2613986387732,,11995.0548143808
2013-01-03,3818,3,3,3424.0,3683.0,2910.0,2199.0,2761.0,3187.0,3009.0,2899.0,4988.0,3542.8571428571427,559.4671359342593,3281.714285714286,3400.6428571428573,3364.9333333333334,3332.7166666666667,3407.9222222222224,887.3338186652892,3418.8975082995817,3344.8168172997202,0.43388373911755823,0.43388373911755823,,887.3338186652896,3873.646613241305,,11995.0548143808
2013-01-04,4011,4,4,3818.0,2500.0,3258.0,2999.0,3365.0,3674.0,3620.0,2721.0,3516.0,3650.4285714285716,567.8957818540512,3305.785714285714,3414.6071428571427,3407.9333333333334,3340.9666666666667,3398.211111111111,886.3088872837496,3566.9231312246866,3433.6412416597577,-0.433883739117558,-0.433883739117558,,886.3088872837501,3869.1722858896474,,11995.0548143808
2013-01-05,4518,5,5,4011.0,3424.0,3874.0,4949.0,4362.0,4395.0,4676.0,3009.0,2890.0,3742.4285714285716,655.5508770346936,3314.5714285714284,3408.964285714286,3458.233333333333,3368.1,3389.1222222222223,905.4996214067752,3804.692348418515,3578.222409438457,-0.9749279121818236,-0.9749279121818236,,905.4996214067756,3952.949237334021,,11995.0548143808
2013-01-06,4654,6,6,4518.0,3818.0,4243.0,3916.0,4453.0,4079.0,4529.0,3620.0,3120.0,3801.1428571428573,722.8117386455565,3355.6428571428573,3413.4285714285716,3492.7,3393.6666666666665,3397.4222222222224,931.1840497360098,4017.019261313886,3721.6594215133296,-0.7818314824680299,-0.7818314824680299,,931.1840497360103,4065.0743437119486,,11995.0548143808
2013-01-07,3580,0,7,4654.0,4011.0,3683.0,3664.0,3100.0,3287.0,3513.0,4676.0,3035.0,3786.4285714285716,726.6557775505689,3376.5714285714284,3415.8214285714284,3456.1666666666665,3402.75,3400.011111111111,904.2693786673303,3907.7644459854146,3702.7714986448855,0.0,0.0,,904.2693786673307,3947.578625371677,,11995.0548143808
2013-01-08,3142,1,8,3580.0,4518.0,2500.0,2899.0,3175.0,0.0,2885.0,4529.0,3738.0,3878.1428571428573,558.2235002133801,3601.0,3425.0,3409.9333333333334,3392.8166666666666,3401.6222222222223,882.7268462313066,3716.323334489061,3628.0019654922344,0.7818314824680298,0.7818314824680298,,882.726846231307,3853.534922701847,,11995.0548143808
2013-01-09,2681,2,9,3142.0,4654.0,3424.0,2721.0,2904.0,2799.0,2744.0,3513.0,4941.0,3772.0,709.1922635411851,3592.5714285714284,3422.75,3382.2,3355.15,3398.6555555555556,892.3939287881382,3457.4925008667956,3501.7350367599365,0.9749279121818236,0.9749279121818236,,892.3939287881386,3895.736471677543,,11995.0548143808
2013-01-10,3196,3,10,2681.0,3580.0,3818.0,3009.0,3187.0,2910.0,2761.0,2885.0,4648.0,3683.1428571428573,740.733066759194,3613.0,3438.285714285714,3392.5666666666666,3330.95,3393.8555555555554,888.2155564459796,3392.119375650097,3460.970365191945,0.43388373911755823,0.43388373911755823,,888.21555644598,3877.495830408612,,11995.0548143808
2013-01-11,3666,4,11,3196.0,3142.0,4011.0,3620.0,3674.0,3258.0,3365.0,2744.0,3408.0,3633.8571428571427,726.626091047164,3642.1428571428573,3449.035714285714,3423.3,3335.25,3389.1222222222223,880.9217410151147,3460.589531737573,3488.307649833019,-0.433883739117558,-0.433883739117558,,880.9217410151151,3845.6547545394706,,11995.0548143808
2013-01-12,4601,5,12,3666.0,2681.0,4518.0,4676.0,4395.0,3874.0,4362.0,2761.0,2798.0,3645.714285714286,743.9293681270486,3694.0714285714284,3457.5714285714284,3484.633333333333,3365.3,3388.5555555555557,897.1247744430744,3745.69214880318,3636.6666298552827,-0.9749279121818236,-0.9749279121818236,,897.1247744430748,3916.388929482629,,11995.0548143808
2013-01-13,4247,6,13,4601.0,3196.0,4654.0,4529.0,4079.0,4243.0,4453.0,3365.0,2409.0,3587.5714285714284,663.5542824172651,3694.3571428571427,3450.214285714286,3514.0333333333333,3395.9333333333334,3399.5222222222224,907.461654298949,3871.019111602385,3718.044412541245,-0.7818314824680299,-0.7818314824680299,,907.4616542989494,3961.5144716437744,,11995.0548143808
2013-01-14,2903,0,14,4247.0,3666.0,3580.0,3513.0,3287.0,3683.0,3100.0,4362.0,2691.0,3490.8571428571427,712.3822542641581,3638.6428571428573,3443.1785714285716,3465.4,3399.4666666666667,3401.0333333333333,899.5108095802525,3629.0143337017885,3609.3718242024124,0.0,0.0,,899.5108095802528,3926.8051412101468,,11995.0548143808
2013-01-15,2779,1,15,2903.0,4601.0,3142.0,2885.0,0.0,2500.0,3175.0,4453.0,3456.0,3439.0,754.0055260628675,3658.5714285714284,3429.035714285714,3409.6,3388.1833333333334,3400.1111111111113,887.9820827642538,3416.5107502763412,3498.655580975424,0.7818314824680298,0.7818314824680298,,887.9820827642543,3876.476603464396,,11995.0548143808
2013-01-16,2627,2,16,2779.0,4247.0,2681.0,2744.0,2799.0,3424.0,2904.0,3100.0,4602.0,3431.285714285714,763.2724970558766,3601.6428571428573,3419.1428571428573,3393.8333333333335,3355.266666666667,3399.311111111111,897.813554231009,3219.133062707256,3382.4348368453675,0.9749279121818236,0.9749279121818236,,897.8135542310094,3919.3957905271177,,11995.0548143808
2013-01-17,2782,3,17,2627.0,2903.0,3196.0,2761.0,2910.0,3818.0,3187.0,3175.0,4313.0,3372.1428571428573,799.7121208225403,3527.6428571428573,3404.6785714285716,3380.733333333333,3329.75,3394.0777777777776,903.9627293710464,3109.8497970304425,3302.3768585993184,0.43388373911755823,0.43388373911755823,,903.9627293710469,3946.2399510385053,,11995.0548143808
2013-01-18,3593,4,18,2782.0,2779.0,3666.0,3365.0,3258.0,4011.0,3674.0,2904.0,3271.0,3361.714285714286,795.7073822048201,3497.785714285714,3401.785714285714,3403.7,3335.116666666667,3388.1444444444446,900.1775361292468,3230.637347772832,3341.1266107860756,-0.433883739117558,-0.433883739117558,,900.1775361292473,3929.7157290680007,,11995.0548143808
2013-01-19,4686,5,19,3593.0,2627.0,4601.0,4362.0,3874.0,4518.0,4395.0,3187.0,3452.0,3373.8571428571427,818.1048075830415,3509.785714285714,3412.1785714285716,3453.6666666666665,3355.6833333333334,3390.9222222222224,928.8796118622317,3594.478010829624,3520.443062681266,-0.9749279121818236,-0.9749279121818236,,928.8796118622322,4055.0143439943536,,11995.0548143808
2013-01-20,3969,6,20,4686.0,2782.0,4247.0,4453.0,4243.0,4654.0,4079.0,3674.0,3709.0,3334.1428571428573,774.2252963600578,3460.8571428571427,3408.25,3463.5,3360.016666666667,3402.811111111111,932.8455447419066,3688.108508122218,3580.2506543237637,-0.7818314824680299,-0.7818314824680299,,932.845544741907,4072.327582985744,,11995.0548143808
2013-01-21,3464,0,21,3969.0,3593.0,2903.0,3100.0,3683.0,3580.0,3287.0,4395.0,2000.0,3414.285714285714,750.8403545995957,3452.5714285714284,3414.5714285714284,3432.4666666666667,3384.4166666666665,3410.6222222222223,916.1245109373655,3632.081381091664,3564.750567080595,0.0,0.0,,916.1245109373659,3999.332082753055,,11995.0548143808
2013-01-22,2695,1,22,3464.0,4686.0,2779.0,3175.0,2500.0,3142.0,0.0,4079.0,2310.0,3402.285714285714,763.2543731255307,3420.6428571428573,3510.8214285714284,3386.3333333333335,3390.8333333333335,3413.5333333333333,917.2906632684854,3397.8110358187478,3448.7838248031826,0.7818314824680298,0.7818314824680298,,917.2906632684858,4004.422908700342,,11995.0548143808
2013-01-23,2562,2,23,2695.0,3969.0,2627.0,2904.0,3424.0,2681.0,2799.0,3287.0,2869.0,3393.0,774.5699882300343,3412.1428571428573,3502.3571428571427,3362.1666666666665,3385.7166666666667,3412.3888888888887,929.467407131384,3188.858276864061,3330.545981496092,0.9749279121818236,0.9749279121818236,,929.4674071313844,4057.580358165949,,11995.0548143808
2013-01-24,2707,3,24,2562.0,3464.0,2782.0,3187.0,3818.0,3196.0,2910.0,0.0,3509.0,3382.285714285714,784.8803973187553,3377.214285714286,3495.1071428571427,3452.4,3372.35,3406.233333333333,693.1735414892051,3068.393707648045,3247.406517296613,0.43388373911755823,0.43388373911755823,,693.1735414892056,3026.041930214079,,11995.0548143808
2013-01-25,3200,4,25,2707.0,2695.0,3593.0,3674.0,4011.0,3666.0,3258.0,2799.0,2829.0,3326.1428571428573,781.3435924891298,3343.9285714285716,3493.035714285714,3465.766666666667,3378.5333333333333,3394.9666666666667,683.9442245525928,3101.2952807360343,3241.085648323731,-0.433883739117558,-0.433883739117558,,683.9442245525935,2985.7514425283803,,11995.0548143808
2013-01-26,4608,5,26,3200.0,2562.0,4686.0,4395.0,4518.0,4601.0,3874.0,2910.0,2582.0,3315.0,758.9536656915735,3344.4285714285716,3519.25,3522.366666666667,3412.3,3396.0333333333333,706.2607940381506,3477.9714605520257,3423.3408952139002,-0.9749279121818236,-0.9749279121818236,,706.2607940381512,3083.1741959369297,,11995.0548143808
2013-01-27,4335,6,27,4608.0,2707.0,3969.0,4079.0,4654.0,4247.0,4243.0,3258.0,2293.0,3367.285714285714,821.5444224722406,3350.714285714286,3522.535714285714,3558.266666666667,3446.3333333333335,3409.4,719.605827607332,3692.2285954140193,3544.8954425187135,-0.7818314824680299,-0.7818314824680299,,719.6058276073326,3141.431802039003,,11995.0548143808
2013-01-28,2963,0,28,4335.0,3200.0,3464.0,3287.0,3580.0,2903.0,3683.0,3874.0,2199.0,3295.714285714286,833.4514011598087,3355.0,3496.8214285714284,3527.9,3459.0666666666666,3411.0,725.0240114929823,3509.9214465605146,3467.309383516218,0.0,0.0,,725.0240114929827,3165.084827785432,,11995.0548143808
2013-01-29,2783,1,29,2963.0,4608.0,2695.0,0.0,3142.0,2779.0,2500.0,4243.0,2999.0,3308.285714285714,823.4844087343619,3355.285714285714,3506.9285714285716,3479.233333333333,3455.4666666666667,3416.9333333333334,724.3686755795812,3328.191084920386,3376.0681323807225,0.7818314824680298,0.7818314824680298,,724.3686755795817,3162.2239656295187,,11995.0548143808
2013-01-30,2327,2,30,2783.0,4335.0,2562.0,2799.0,2681.0,2627.0,3424.0,3683.0,4949.0,3274.714285714286,862.8295919600322,3333.8571428571427,3467.75,3434.0333333333333,3411.766666666667,3408.4222222222224,752.9578219324059,3077.8933136902897,3236.1923813966264,0.9749279121818236,0.9749279121818236,,752.9578219324063,3287.029588514104,,11995.0548143808
2013-01-31,2874,3,31,2327.0,2963.0,2707.0,2910.0,3196.0,2782.0,3818.0,2500.0,3916.0,3298.5714285714284,846.6736595136855,3340.4285714285716,3434.035714285714,3446.5,3394.4,3398.1111111111113,739.9435090273589,3026.919985267717,3187.9000638770763,0.43388373911755823,0.43388373911755823,,739.9435090273595,3230.2157400527353,,11995.0548143808
2013-02-01,4411,4,1,2874.0,2783.0,3200.0,3258.0,3666.0,3593.0,4011.0,3424.0,3664.0,3471.5714285714284,941.5780826433318,3398.8571428571427,3448.3214285714284,3479.4,3406.85,3394.6111111111113,760.5637020181696,3372.939988950788,3350.9800553601326,-0.433883739117558,-0.433883739117558,,760.5637020181701,3320.232979408475,,11995.0548143808
2013-02-02,6070,5,2,4411.0,2327.0,4608.0,3874.0,4601.0,4686.0,4518.0,3818.0,2899.0,3680.4285714285716,1321.2637709333274,3497.714285714286,3503.75,3554.4666666666667,3459.7,3406.633333333333,894.4804977860258,4047.204991713091,3713.5160479787814,-0.9749279121818236,-0.9749279121818236,,894.4804977860263,3904.845367069493,,11995.0548143808
2013-02-03,3898,6,3,6070.0,2874.0,4335.0,4243.0,4247.0,3969.0,4654.0,4011.0,2721.0,3618.0,1295.2490108083482,3492.6428571428573,3476.75,3550.7,3479.3166666666666,3410.8777777777777,892.7279444257455,4009.9037437848183,3738.1139082482773,-0.7818314824680299,-0.7818314824680299,,892.7279444257459,3897.194613490884,,11995.0548143808
2013-02-04,2961,0,4,3898.0,4411.0,2963.0,3683.0,2903.0,3464.0,3580.0,4518.0,3009.0,3617.714285714286,1295.4177851547518,3456.714285714286,3454.6428571428573,3498.8,3478.516666666667,3411.6666666666665,879.7178387767669,3747.6778078386137,3634.4987204818403,0.0,0.0,,879.7178387767673,3840.399131762391,,11995.0548143808
2013-02-05,2876,1,5,2961.0,6070.0,2783.0,2500.0,2779.0,2695.0,3142.0,4654.0,3620.0,3631.0,1285.8719480051934,3469.6428571428573,3445.1428571428573,3439.5333333333333,3466.116666666667,3408.9555555555557,858.8528328565636,3529.75835587896,3533.3655577509285,0.7818314824680298,0.7818314824680298,,858.8528328565641,3749.313164093957,,11995.0548143808
2013-02-06,2935,2,6,2876.0,3898.0,2327.0,3424.0,2627.0,2562.0,2681.0,3580.0,4676.0,3717.8571428571427,1200.8324097019029,3496.285714285714,3454.214285714286,3418.0333333333333,3437.1,3407.8444444444444,863.2770955366291,3381.0687669092204,3453.583483384138,0.9749279121818236,0.9749279121818236,,863.2770955366295,3768.627237091315,,11995.0548143808
2013-02-07,3185,3,7,2935.0,2961.0,2874.0,3818.0,2782.0,2707.0,3196.0,3142.0,4529.0,3762.285714285714,1169.758908819209,3530.4285714285716,3453.8214285714284,3419.4666666666667,3414.7,3401.7,862.8385685644193,3332.0515751819153,3417.7723522662527,0.43388373911755823,0.43388373911755823,,862.8385685644198,3766.712852127074,,11995.0548143808
2013-02-08,3768,4,8,3185.0,2876.0,4411.0,4011.0,3593.0,3200.0,3666.0,2681.0,3513.0,3670.4285714285716,1135.059008325539,3571.0,3457.464285714286,3455.7,3418.95,3388.6666666666665,853.5317762704827,3441.0386813864366,3464.469371964086,-0.433883739117558,-0.433883739117558,,853.5317762704832,3726.084146569817,,11995.0548143808
2013-02-09,5185,5,9,3768.0,2935.0,6070.0,4518.0,4686.0,4608.0,4601.0,3196.0,2885.0,3544.0,832.0905399454272,3612.214285714286,3478.3214285714284,3522.0,3457.2833333333333,3394.633333333333,908.1649174249003,3877.0290110398278,3693.8734557022076,-0.9749279121818236,-0.9749279121818236,,908.1649174249006,3964.5845595506644,,11995.0548143808
2013-02-10,5300,6,10,5185.0,3185.0,3898.0,4654.0,3969.0,4335.0,4247.0,3666.0,2744.0,3744.285714285714,1067.057279669297,3681.1428571428573,3515.9285714285716,3576.4666666666667,3499.883333333333,3415.6555555555556,964.3595599772609,4232.771758279871,3908.02366160858,-0.7818314824680299,-0.7818314824680299,,964.3595599772614,4209.901690743393,,11995.0548143808
2013-02-11,3878,0,11,5300.0,3768.0,2961.0,3580.0,3464.0,2963.0,2903.0,4601.0,2761.0,3875.285714285714,1009.6107689411325,3746.5,3550.75,3552.366666666667,3518.5,3427.6555555555556,946.7461693587138,4144.078818709903,3904.020506727436,0.0,0.0,,946.7461693587143,4133.010616063225,,11995.0548143808
2013-02-12,3121,1,12,3878.0,5185.0,2876.0,3142.0,2695.0,2783.0,2779.0,4247.0,3365.0,3910.285714285714,972.769536647078,3770.6428571428573,3562.964285714286,3514.8333333333335,3514.4333333333334,3435.5666666666666,940.5577979392677,3888.3091140324273,3799.617772497111,0.7818314824680298,0.7818314824680298,,940.5577979392681,4105.9953445992405,,11995.0548143808
2013-02-13,3385,2,13,3121.0,5300.0,2935.0,2681.0,2562.0,2327.0,2627.0,2903.0,4362.0,3974.5714285714284,910.448398161194,3846.214285714286,3590.035714285714,3530.9,3498.15,3443.277777777778,933.8388087296712,3762.4818355243206,3744.33540283083,0.9749279121818236,0.9749279121818236,,933.8388087296717,4076.663666657215,,11995.0548143808
2013-02-14,2697,3,14,3385.0,3878.0,3185.0,3196.0,2707.0,2874.0,2782.0,2779.0,4453.0,3904.8571428571427,995.67756303123,3833.5714285714284,3587.0,3528.1666666666665,3468.883333333333,3434.8444444444444,936.2324381054717,3496.1113766432404,3604.690682453386,0.43388373911755823,0.43388373911755823,,936.232438105472,4087.113030954939,,11995.0548143808
2013-02-15,3975,4,15,2697.0,3121.0,3768.0,3666.0,3200.0,4411.0,3593.0,2627.0,3100.0,3934.4285714285716,994.0080243041056,3802.4285714285716,3600.6428571428573,3573.1,3483.4666666666667,3427.8777777777777,923.7553172820672,3615.8335324824307,3654.065258126268,-0.433883739117558,-0.433883739117558,,923.7553172820676,4032.644288973164,,11995.0548143808
2013-02-16,4797,5,16,3975.0,3385.0,5185.0,4601.0,4608.0,6070.0,4686.0,2782.0,3175.0,3879.0,920.7701486617964,3711.5,3604.6071428571427,3640.266666666667,3510.5,3433.2555555555555,937.405514625645,3911.125149361823,3806.456557042766,-0.9749279121818236,-0.9749279121818236,,937.4055146256453,4092.234084377964,,11995.0548143808
2013-02-17,4737,6,17,4797.0,2697.0,5300.0,4247.0,4335.0,3898.0,3969.0,3593.0,2904.0,3798.5714285714284,791.4699103867565,3771.4285714285716,3632.035714285714,3678.4,3541.05,3449.5444444444443,958.4489841261293,4117.593862021367,3930.52901610373,-0.7818314824680299,-0.7818314824680299,,958.4489841261296,4184.0991329613835,,11995.0548143808
2013-02-18,3842,0,18,4737.0,3975.0,3878.0,2903.0,2963.0,2961.0,3464.0,4686.0,3187.0,3793.4285714285716,790.9845883755387,3834.3571428571427,3645.535714285714,3650.266666666667,3551.9666666666667,3453.8777777777777,940.0636784496173,4048.6953965160255,3918.7251472898997,0.0,0.0,,940.0636784496177,4103.838271074758,,11995.0548143808
2013-02-19,2802,1,19,3842.0,4797.0,3121.0,2779.0,2783.0,2876.0,2695.0,3969.0,3674.0,3747.8571428571427,843.6204574276743,3829.0714285714284,3649.3571428571427,3611.366666666667,3537.4333333333334,3443.8,950.5069603160154,3737.0215473870194,3769.8284609845796,0.7818314824680298,0.7818314824680298,,950.5069603160158,4149.428310112994,,11995.0548143808
2013-02-20,3144,2,20,2802.0,4737.0,3385.0,2627.0,2327.0,2935.0,2562.0,3464.0,4395.0,3713.4285714285716,865.5300605491922,3844.0,3670.1428571428573,3600.7,3516.5833333333335,3456.511111111111,954.0068368872322,3588.7661605402645,3686.3846661866355,0.9749279121818236,0.9749279121818236,,954.0068368872327,4164.706985107316,,11995.0548143808
2013-02-21,3319,3,21,3144.0,3842.0,2697.0,2782.0,2874.0,3185.0,2707.0,2695.0,4079.0,3802.285714285714,770.5010738226819,3853.5714285714284,3692.0,3621.5,3503.9166666666665,3467.722222222222,940.2828903011579,3521.3246204051984,3637.400044028417,0.43388373911755823,0.43388373911755823,,940.2828903011582,4104.795238146722,,11995.0548143808
2013-02-22,3994,4,22,3319.0,2802.0,3975.0,3593.0,4411.0,3768.0,3200.0,2562.0,3287.0,3805.0,771.244016724496,3869.714285714286,3720.3571428571427,3669.233333333333,3515.7,3480.222222222222,920.7884059357733,3639.493465303899,3684.9467048246283,-0.433883739117558,-0.433883739117558,,920.7884059357738,4019.6922681591186,,11995.0548143808
2013-02-23,4667,5,23,3994.0,3144.0,4797.0,4686.0,6070.0,5185.0,4608.0,2707.0,0.0,3786.4285714285716,744.4762940355816,3832.714285714286,3722.464285714286,3734.5666666666666,3593.483333333333,3493.088888888889,919.6940901953349,3896.3700989779245,3815.887144181345,-0.9749279121818236,-0.9749279121818236,,919.6940901953353,4014.915044105896,,11995.0548143808
2013-02-24,4567,6,24,4667.0,3319.0,4737.0,3969.0,3898.0,5300.0,4335.0,3200.0,2799.0,3762.1428571428573,710.2871317458957,3780.3571428571427,3730.75,3780.133333333333,3622.95,3512.4,926.1372034100694,4064.0275742334434,3916.0355249571658,-0.7818314824680299,-0.7818314824680299,,926.1372034100699,4043.042388244012,,11995.0548143808
2013-02-25,3294,0,25,4567.0,3994.0,3842.0,3464.0,2961.0,3878.0,2963.0,4608.0,2910.0,3683.8571428571427,729.9459862600424,3738.6428571428573,3742.5714285714284,3736.3333333333335,3629.35,3520.311111111111,916.6577721616518,3871.5206806750825,3833.097454962877,0.0,0.0,,916.6577721616522,4001.660029115493,,11995.0548143808
2013-02-26,2753,1,26,3294.0,4667.0,2802.0,2695.0,2876.0,3121.0,2783.0,4335.0,3258.0,3676.8571428571427,739.9782493585963,3712.3571428571427,3741.5,3683.6,3620.9333333333334,3525.4222222222224,926.4820596733362,3591.890510506312,3689.0844609678265,0.7818314824680298,0.7818314824680298,,926.4820596733366,4044.547854696612,,11995.0548143808
2013-02-27,2828,2,27,2753.0,4567.0,3144.0,2562.0,2935.0,3385.0,2327.0,2963.0,3874.0,3631.714285714286,786.1046822329553,3672.5714285714284,3759.3928571428573,3679.1,3603.5,3532.411111111111,930.4222382226823,3400.917882879734,3574.2731995054496,0.9749279121818236,0.9749279121818236,,930.4222382226827,4061.7486634251673,,11995.0548143808
2013-02-28,3044,3,28,2828.0,3294.0,3319.0,2707.0,3185.0,2697.0,2874.0,2783.0,4243.0,3592.4285714285716,810.8203370954775,3697.3571428571427,3765.464285714286,3687.8,3583.516666666667,3532.911111111111,922.944441111872,3311.6884121598005,3503.5701062380563,0.43388373911755823,0.43388373911755823,,922.9444411118724,4029.104417433995,,11995.0548143808
2013-03-01,3947,4,1,3044.0,2753.0,3994.0,3200.0,3768.0,3975.0,4411.0,2327.0,3683.0,3585.714285714286,807.126944638766,3695.3571428571427,3748.8928571428573,3741.8,3587.9166666666665,3521.777777777778,887.2836268537551,3470.5163091198506,3562.694092072982,-0.433883739117558,-0.433883739117558,,887.2836268537554,3873.427501406873,,11995.0548143808
2013-03-02,5330,5,2,3947.0,2828.0,4667.0,4608.0,5185.0,4797.0,6070.0,2874.0,2500.0,3680.4285714285716,976.3265944588533,3733.4285714285716,3722.464285714286,3823.6666666666665,3635.0833333333335,3537.488888888889,917.2510028878927,3935.387231839888,3798.3348797965846,-0.9749279121818236,-0.9749279121818236,,917.2510028878932,4004.2497717188235,,11995.0548143808
2013-03-03,5312,6,3,5330.0,3044.0,4567.0,4335.0,5300.0,4737.0,3898.0,4411.0,3424.0,3786.8571428571427,1119.226582447515,3774.5,3772.964285714286,3853.7,3666.55,3555.8,951.2650071316077,4279.540423879916,4000.1568958237067,-0.7818314824680299,-0.7818314824680299,,951.2650071316082,4152.737555650727,,11995.0548143808
2013-03-04,3554,0,4,5312.0,3947.0,3294.0,2963.0,3878.0,3842.0,2961.0,6070.0,3818.0,3824.0,1104.3599956535916,3753.9285714285716,3794.1428571428573,3769.8333333333335,3662.15,3563.0777777777776,855.1885084924062,4098.1553179099365,3940.669309713879,0.0,0.0,,855.1885084924065,3733.316593959408,,11995.0548143808
2013-03-05,3048,1,5,3554.0,5330.0,2753.0,2783.0,3121.0,2802.0,2876.0,3898.0,4011.0,3866.1428571428573,1061.4745135221774,3771.5,3800.285714285714,3741.5,3646.1,3566.711111111111,864.8222360693527,3835.616488432452,3821.646735085362,0.7818314824680298,0.7818314824680298,,864.8222360693532,3775.3725321151983,,11995.0548143808
2013-03-06,3073,2,6,3048.0,5312.0,2828.0,2327.0,3385.0,3144.0,2935.0,2961.0,4518.0,3901.1428571428573,1024.9494993366627,3766.4285714285716,3805.214285714286,3745.233333333333,3622.016666666667,3567.4222222222224,861.572367058134,3644.962366324339,3721.8271704073136,0.9749279121818236,0.9749279121818236,,861.5723670581344,3761.185262539785,,11995.0548143808
2013-03-07,2985,3,7,3073.0,3554.0,3044.0,2874.0,2697.0,3319.0,3185.0,2876.0,4654.0,3892.714285714286,1033.3808130413029,3742.5714285714284,3798.0714285714284,3748.866666666667,3594.2,3560.366666666667,858.0027623672783,3479.9717747432546,3623.5835476863385,0.43388373911755823,0.43388373911755823,,858.0027623672787,3745.602190159942,,11995.0548143808
2013-03-08,3807,4,8,2985.0,3048.0,3947.0,4411.0,3975.0,3994.0,3768.0,2935.0,3580.0,3872.714285714286,1033.509831316844,3729.214285714286,3799.464285714286,3777.9333333333334,3597.983333333333,3550.711111111111,844.1389791331453,3561.7288310574413,3648.0390746614935,-0.433883739117558,-0.433883739117558,,844.1389791331458,3685.0799877577047,,11995.0548143808
2013-03-09,4866,5,9,3807.0,3073.0,5330.0,6070.0,4797.0,4667.0,5185.0,3185.0,3142.0,3806.4285714285716,934.6152251315083,3743.4285714285716,3788.0714285714284,3833.9666666666667,3626.7166666666667,3554.4555555555557,859.0828101601369,3887.796623293081,3810.4338647066274,-0.9749279121818236,-0.9749279121818236,,859.0828101601373,3750.317127635489,,11995.0548143808
2013-03-10,4742,6,10,4866.0,2985.0,5312.0,3898.0,4737.0,4567.0,5300.0,3768.0,2681.0,3725.0,796.1540889384013,3755.9285714285716,3768.1428571428573,3866.4333333333334,3661.0666666666666,3568.1111111111113,874.7654930414699,4101.347467469811,3934.6426827457435,-0.7818314824680299,-0.7818314824680299,,874.7654930414702,3818.7797176460795,,11995.0548143808
2013-03-11,3517,0,11,4742.0,3807.0,3554.0,2961.0,3842.0,3294.0,3878.0,5185.0,3196.0,3719.714285714286,797.6000907484321,3771.8571428571427,3755.25,3810.8333333333335,3666.4166666666665,3575.133333333333,840.4015905109459,3955.260600602358,3878.956991712978,0.0,0.0,,840.4015905109463,3668.764456359921,,11995.0548143808
2013-03-12,2985,1,12,3517.0,4866.0,3048.0,2876.0,2802.0,2753.0,3121.0,5300.0,3666.0,3710.714285714286,806.7458737185505,3788.4285714285716,3750.3928571428573,3733.6666666666665,3655.0666666666666,3577.811111111111,804.4641109130483,3712.6954504517685,3759.7627261512475,0.7818314824680298,0.7818314824680298,,804.4641109130488,3511.8797606518046,,11995.0548143808
2013-03-13,2814,2,13,2985.0,4742.0,3073.0,2935.0,3144.0,2828.0,3385.0,3878.0,4601.0,3673.714285714286,845.8592700691457,3787.4285714285716,3730.0,3698.2,3625.2833333333333,3578.4,821.1625652821035,3488.0215878388262,3633.6610293310814,0.9749279121818236,0.9749279121818236,,821.162565282104,3584.7766905922767,,11995.0548143808
2013-03-14,3094,3,14,2814.0,3517.0,2985.0,3185.0,3319.0,3044.0,2697.0,3121.0,4247.0,3689.285714285714,831.956672406627,3791.0,3744.1785714285716,3697.3,3606.0666666666666,3575.3888888888887,821.831518516771,3389.5161908791197,3561.7062254202706,0.43388373911755823,0.43388373911755823,,821.8315185167714,3587.69699902342,,11995.0548143808
2013-03-15,3826,4,15,3094.0,2985.0,3807.0,3768.0,3994.0,3947.0,3975.0,3385.0,2903.0,3692.0,832.4355830933724,3782.3571428571427,3738.8571428571427,3712.0,3621.45,3569.4333333333334,819.9948275698906,3498.6371431593398,3596.9453953642346,-0.433883739117558,-0.433883739117558,,819.994827569891,3579.678943680216,,11995.0548143808
2013-03-16,4838,5,16,3826.0,2814.0,4866.0,5185.0,4667.0,5330.0,4797.0,2697.0,2779.0,3688.0,825.8956754134687,3747.214285714286,3740.3214285714284,3783.366666666667,3655.766666666667,3573.711111111111,821.7770686595649,3833.477857369505,3762.4193426490033,-0.9749279121818236,-0.9749279121818236,,821.7770686595653,3587.4592987346205,,11995.0548143808
2013-03-17,4741,6,17,4838.0,3094.0,4742.0,5300.0,4567.0,5312.0,4737.0,3975.0,2627.0,3687.8571428571427,825.6830361527838,3706.4285714285716,3740.464285714286,3808.9,3691.0,3591.9444444444443,839.6425491510194,4060.358393027129,3892.8967636291363,-0.7818314824680299,-0.7818314824680299,,839.6425491510198,3665.4508691491774,,11995.0548143808
2013-03-18,2935,0,18,4741.0,3826.0,3517.0,3878.0,3294.0,3554.0,3842.0,4797.0,2782.0,3604.714285714286,873.6634962970063,3662.214285714286,3708.0714285714284,3746.8333333333335,3693.55,3589.277777777778,832.875785884449,3779.0187947703466,3765.1771951452515,0.0,0.0,,832.8757858844494,3635.91063405526,,11995.0548143808
2013-03-19,2856,1,19,2935.0,4838.0,2985.0,3121.0,2753.0,3048.0,2802.0,4737.0,3593.0,3586.285714285714,890.1196013805726,3648.5,3710.0,3684.133333333333,3681.266666666667,3588.7444444444445,826.5423506822017,3548.26409607776,3643.9535691258848,0.7818314824680298,0.7818314824680298,,826.5423506822021,3608.262088146944,,11995.0548143808
2013-03-20,3129,2,20,2856.0,4741.0,2814.0,3385.0,2828.0,3073.0,3144.0,3842.0,4686.0,3631.285714285714,851.7029439669143,3652.5,3709.464285714286,3660.366666666667,3655.3166666666666,3588.1,832.0788458716648,3443.44807205832,3575.2930932424338,0.9749279121818236,0.9749279121818236,,832.0788458716654,3632.4316006672157,,11995.0548143808
2013-03-21,3086,3,21,3129.0,2935.0,3094.0,2697.0,3044.0,2985.0,3319.0,2802.0,3969.0,3630.1428571428573,852.5490071097458,3659.714285714286,3701.1428571428573,3669.8333333333335,3640.6,3581.5666666666666,823.5481722121775,3354.08605404374,3510.0540141434426,0.43388373911755823,0.43388373911755823,,823.548172212178,3595.1910329861084,,11995.0548143808
2013-03-22,3921,4,22,3086.0,2856.0,3826.0,3975.0,3947.0,3807.0,3994.0,3144.0,3464.0,3643.714285714286,856.9312913502704,3667.8571428571427,3698.535714285714,3695.733333333333,3648.2166666666667,3576.3,818.6442928164312,3495.8145405328055,3564.8468122576505,-0.433883739117558,-0.433883739117558,,818.6442928164316,3573.783198174121,,11995.0548143808
2013-03-23,4602,5,23,3921.0,3129.0,4838.0,4797.0,5330.0,4866.0,4667.0,3319.0,2695.0,3610.0,805.1939724894478,3649.0,3696.214285714286,3738.5,3680.0,3582.1111111111113,831.6932769335979,3772.3609053996042,3703.1339039566305,-0.9749279121818236,-0.9749279121818236,,831.6932769335984,3630.748403453612,,11995.0548143808
2013-03-24,4626,6,24,4602.0,3086.0,4741.0,4737.0,5312.0,4742.0,4567.0,3994.0,2562.0,3593.5714285714284,779.0196525426195,3640.714285714286,3698.3214285714284,3759.5666666666666,3714.4,3596.988888888889,846.2648025836527,3985.770679049703,3826.1827167624133,-0.7818314824680299,-0.7818314824680299,,846.2648025836531,3694.3602480568034,,11995.0548143808
2013-03-25,3241,0,25,4626.0,3921.0,2935.0,3842.0,3554.0,3517.0,3294.0,4667.0,2707.0,3637.285714285714,743.6893872860554,3621.0,3696.4285714285716,3712.0333333333333,3723.3,3633.0,833.4898168020043,3799.5780092872774,3748.1583545274248,0.0,0.0,,833.4898168020048,3638.5911796787677,,11995.0548143808
2013-03-26,2966,1,26,3241.0,4602.0,2856.0,2802.0,3048.0,2985.0,2753.0,4567.0,3200.0,3653.0,725.3656549171162,3619.6428571428573,3704.035714285714,3658.6666666666665,3719.4,3634.8555555555554,828.0973344977597,3591.183506965458,3643.8705739237685,0.7818314824680298,0.7818314824680298,,828.0973344977601,3615.0503539202937,,11995.0548143808
2013-03-27,2870,2,27,2966.0,4626.0,3129.0,3144.0,3073.0,2814.0,2828.0,3294.0,4608.0,3616.0,762.2184726179261,3623.6428571428573,3705.535714285714,3644.5333333333333,3690.4333333333334,3634.411111111111,838.093720927121,3410.8876302240938,3540.6878307339325,0.9749279121818236,0.9749279121818236,,838.0937209271215,3658.689475547589,,11995.0548143808
2013-03-28,3509,3,28,2870.0,3241.0,3086.0,3319.0,2985.0,3094.0,3044.0,2753.0,4335.0,3676.4285714285716,729.2518671311641,3653.285714285714,3722.1428571428573,3669.733333333333,3676.6666666666665,3637.2,821.5653240060651,3435.4157226680704,3536.4627866360747,0.43388373911755823,0.43388373911755823,,821.5653240060657,3586.534929638518,,11995.0548143808
2013-03-29,4349,4,29,3509.0,2966.0,3921.0,3994.0,3807.0,3826.0,3947.0,2828.0,2963.0,3737.5714285714284,769.980271856118,3690.6428571428573,3736.5,3720.4333333333334,3699.766666666667,3642.4777777777776,814.7326908080094,3663.811792001053,3644.8010817512645,-0.433883739117558,-0.433883739117558,,814.7326908080098,3556.7071400395816,,11995.0548143808
2013-03-30,5856,5,30,4349.0,2870.0,4602.0,4667.0,4866.0,4838.0,5330.0,3044.0,2783.0,3916.714285714286,1085.74670377667,3763.3571428571427,3755.285714285714,3814.1666666666665,3750.983333333333,3660.4,892.2925947875158,4211.85884400079,3939.6276041844294,-0.9749279121818236,-0.9749279121818236,,892.2925947875162,3895.2940991452892,,11995.0548143808
2013-03-31,4146,6,31,5856.0,3509.0,4626.0,4567.0,4742.0,4741.0,5312.0,3947.0,2327.0,3848.1428571428573,1047.9859141183515,3720.8571428571427,3713.6428571428573,3820.8,3781.3,3665.5444444444443,894.052085191057,4195.394133000592,3967.1439236265055,-0.7818314824680299,-0.7818314824680299,,894.0520851910574,3902.9751363145474,,11995.0548143808
2013-04-01,3438,0,1,4146.0,4349.0,3241.0,3294.0,3517.0,2935.0,3554.0,5330.0,2874.0,3876.285714285714,1031.4793121670311,3756.785714285714,3709.5,3757.733333333333,3790.7,3675.9666666666667,849.5449870710003,4006.0455997504437,3896.591400476305,0.0,0.0,,849.5449870710006,3708.6798595298933,,11995.0548143808
2013-04-02,3537,1,2,3438.0,5856.0,2966.0,2753.0,2985.0,2856.0,3048.0,5312.0,4411.0,3957.8571428571427,968.1266150959501,3805.4285714285716,3726.964285714286,3698.5666666666666,3776.133333333333,3677.222222222222,797.7993734203357,3888.784199812833,3848.6458804127974,0.7818314824680298,0.7818314824680298,,797.7993734203362,3482.7849180190497,,11995.0548143808
2013-04-03,3793,2,3,3537.0,4146.0,2870.0,2828.0,2814.0,3129.0,3073.0,3554.0,6070.0,4089.714285714286,851.0440087104204,3852.8571428571427,3752.6785714285716,3706.5333333333333,3738.1833333333334,3676.9444444444443,797.4992263895615,3864.8381498596245,3841.2264296910907,0.9749279121818236,0.9749279121818236,,797.4992263895621,3481.474629258748,,11995.0548143808
2013-04-04,3786,3,4,3793.0,3438.0,3509.0,3044.0,3094.0,3086.0,2985.0,3048.0,3898.0,4129.285714285715,825.601541157659,3902.8571428571427,3781.285714285714,3731.133333333333,3736.3166666666666,3674.4444444444443,787.8088221325526,3845.1286123947184,3833.8629057322787,0.43388373911755823,0.43388373911755823,,787.8088221325531,3439.1712696419977,,11995.0548143808
2013-04-05,4217,4,5,3786.0,3537.0,4349.0,3947.0,3826.0,3921.0,3807.0,3073.0,2961.0,4110.428571428572,821.2427284595074,3924.0,3795.9285714285716,3769.266666666667,3757.25,3671.1,782.523368972774,3938.096459296039,3884.9478516346417,-0.433883739117558,-0.433883739117558,,782.5233689727745,3416.0976785073576,,11995.0548143808
2013-04-06,5210,5,6,4217.0,3793.0,5856.0,5330.0,4838.0,4602.0,4866.0,2985.0,2876.0,4018.1428571428573,598.4784676080457,3967.4285714285716,3808.214285714286,3843.4333333333334,3796.15,3677.277777777778,810.5672634061536,4256.072344472029,4061.6214714166895,-0.9749279121818236,-0.9749279121818236,,810.5672634061542,3538.5230097737353,,11995.0548143808
2013-04-07,5491,6,7,5210.0,3786.0,4146.0,5312.0,4741.0,4626.0,4742.0,3807.0,2935.0,4210.285714285715,820.9331508078071,4029.214285714286,3834.964285714286,3899.5666666666666,3838.75,3698.511111111111,864.4747132710423,4564.804258354022,4252.205275227798,-0.7818314824680299,-0.7818314824680299,,864.4747132710427,3773.855424931428,,11995.0548143808
2013-04-08,3758,0,8,5491.0,4217.0,3438.0,3554.0,2935.0,3241.0,3517.0,4866.0,3185.0,4256.0,778.577335058414,4066.1428571428573,3843.5714285714284,3862.633333333333,3848.3,3705.3555555555554,845.2158460634628,4363.103193765516,4186.311238530758,0.0,0.0,,845.2158460634632,3689.7810392107085,,11995.0548143808
2013-04-09,3679,1,9,3758.0,5210.0,3537.0,3048.0,2856.0,2966.0,2985.0,4742.0,3768.0,4276.285714285715,758.3077023402614,4117.071428571428,3868.3571428571427,3827.2,3846.8166666666666,3716.4444444444443,829.2097359576107,4192.077395324137,4118.66974005999,0.7818314824680298,0.7818314824680298,,829.2097359576112,3619.906530994665,,11995.0548143808
2013-04-10,3531,2,10,3679.0,5491.0,3793.0,3073.0,3129.0,2870.0,2814.0,3517.0,5185.0,4238.857142857143,791.8609786596413,4164.285714285715,3893.964285714286,3827.6666666666665,3819.25,3720.1666666666665,829.0330609161182,4026.8080464931027,4040.3137747186574,0.9749279121818236,0.9749279121818236,,829.0330609161185,3619.1352579272734,,11995.0548143808
2013-04-11,3543,3,11,3531.0,3758.0,3786.0,2985.0,3086.0,3509.0,3094.0,2985.0,5300.0,4204.142857142857,819.8541391758692,4166.714285714285,3910.0,3846.266666666667,3789.9666666666667,3718.8,815.6264329709486,3905.856034869827,3974.0052714228364,0.43388373911755823,0.43388373911755823,,815.6264329709492,3560.6087622135096,,11995.0548143808
2013-04-12,3684,4,12,3543.0,3679.0,4217.0,3807.0,3921.0,4349.0,3826.0,2814.0,3878.0,4128.0,842.8882883672451,4119.214285714285,3904.9285714285716,3875.266666666667,3786.733333333333,3708.6111111111113,792.8054478627863,3850.3920261523704,3935.337901899791,-0.433883739117558,-0.433883739117558,,792.8054478627868,3460.9839876184947,,11995.0548143808
2013-04-13,4571,5,13,3684.0,3531.0,5210.0,4866.0,4602.0,5856.0,4838.0,3094.0,3121.0,4036.714285714286,733.7071882537591,4027.4285714285716,3895.3928571428573,3924.5,3810.9,3712.211111111111,788.464756608554,4030.5440196142777,4020.0928483131524,-0.9749279121818236,-0.9749279121818236,,788.4647566085545,3442.034744816756,,11995.0548143808
2013-04-14,4922,6,14,4571.0,3543.0,5491.0,4742.0,4626.0,4146.0,4741.0,3826.0,3385.0,3955.4285714285716,555.651226682967,4082.8571428571427,3901.8571428571427,3961.0333333333333,3836.516666666667,3734.6444444444446,808.8707958430747,4253.408014710708,4140.347135204732,-0.7818314824680299,-0.7818314824680299,,808.8707958430751,3531.1170981630635,,11995.0548143808
2013-04-15,3334,0,15,4922.0,3684.0,3758.0,3517.0,3241.0,3438.0,2935.0,4838.0,2697.0,3894.8571428571427,601.9416994392487,4075.4285714285716,3916.1071428571427,3910.9,3847.133333333333,3740.811111111111,799.1932721231391,4023.5560110330307,4032.8341838441006,0.0,0.0,,799.1932721231395,3488.869968397764,,11995.0548143808
2013-04-16,2906,1,16,3334.0,4571.0,3679.0,2985.0,2966.0,3537.0,2856.0,4741.0,3975.0,3784.4285714285716,709.4464643045936,4030.3571428571427,3917.8928571428573,3849.733333333333,3829.3166666666666,3743.911111111111,803.6791233653684,3744.1670082747733,3882.5896259982205,0.7818314824680298,0.7818314824680298,,803.6791233653689,3508.4529056266233,,11995.0548143808
2013-04-17,2948,2,17,2906.0,4922.0,3531.0,2814.0,2870.0,3793.0,3129.0,2935.0,4797.0,3701.1428571428573,775.318951264885,3970.0,3911.4285714285716,3850.1666666666665,3798.5,3745.7555555555555,803.1722485989751,3545.12525620608,3757.977675865124,0.9749279121818236,0.9749279121818236,,803.1722485989757,3506.2401490733682,,11995.0548143808
2013-04-18,2946,3,18,2948.0,3334.0,3543.0,3094.0,3509.0,3786.0,3086.0,2856.0,4737.0,3615.8571428571427,826.7439000019791,3910.0,3906.4285714285716,3853.1666666666665,3768.65,3738.5666666666666,799.4904447611375,3395.34394215456,3649.7139857497746,0.43388373911755823,0.43388373911755823,,799.4904447611381,3490.1672724771497,,11995.0548143808
2013-04-19,3771,4,19,2946.0,2906.0,3684.0,3826.0,4349.0,4217.0,3921.0,3129.0,3842.0,3628.285714285714,828.5909152059966,3878.1428571428573,3901.0714285714284,3874.5666666666666,3767.4666666666667,3728.4,787.9471224746528,3489.25795661592,3665.885454316471,-0.433883739117558,-0.433883739117558,,787.9471224746533,3439.775018355861,,11995.0548143808
2013-04-20,4733,5,20,3771.0,2948.0,4571.0,4838.0,5856.0,5210.0,4602.0,3086.0,2802.0,3651.4285714285716,860.9405432709187,3844.0714285714284,3905.75,3929.4666666666667,3799.65,3736.8888888888887,788.4863164724935,3800.19346746194,3808.167393740942,-0.9749279121818236,-0.9749279121818236,,788.486316472494,3442.1288641799247,,11995.0548143808
2013-04-21,4862,6,21,4733.0,2946.0,4922.0,4741.0,4146.0,5491.0,4626.0,3921.0,3144.0,3642.8571428571427,846.3577707981902,3799.1428571428573,3914.1785714285716,3960.8333333333335,3828.2833333333333,3752.4222222222224,806.6456763204212,4065.645100596455,3948.6784079088166,-0.7818314824680299,-0.7818314824680299,,806.6456763204217,3521.4033618874096,,11995.0548143808
2013-04-22,3510,0,22,4862.0,3771.0,3334.0,2935.0,3438.0,3758.0,3241.0,4602.0,3319.0,3668.0,838.2284891364678,3781.4285714285716,3923.785714285714,3924.4333333333334,3831.4666666666667,3761.4777777777776,801.3361119828617,3926.733825447341,3890.187953520974,0.0,0.0,,801.336111982862,3498.224513655397,,11995.0548143808
2013-04-23,2931,1,23,3510.0,4733.0,2906.0,2856.0,3537.0,3679.0,2966.0,4626.0,3994.0,3671.5714285714284,834.4856414069035,3728.0,3922.535714285714,3867.9333333333334,3813.75,3765.5777777777776,809.8742743351456,3677.8003690855057,3762.2962263848444,0.7818314824680298,0.7818314824680298,,809.8742743351461,3535.497773147499,,11995.0548143808
2013-04-24,2964,2,24,2931.0,4862.0,2948.0,3129.0,3793.0,3531.0,2870.0,3241.0,4667.0,3673.8571428571427,832.1921710301142,3687.5,3925.8928571428573,3858.7,3785.366666666667,3768.4333333333334,818.7982425902971,3499.3502768141293,3655.856729533532,0.9749279121818236,0.9749279121818236,,818.7982425902976,3574.4552643205934,,11995.0548143808
2013-04-25,3086,3,25,2964.0,3510.0,2946.0,3086.0,3786.0,3543.0,3509.0,2966.0,4567.0,3693.8571428571427,813.2509716300053,3654.8571428571427,3910.785714285714,3862.7,3760.6833333333334,3767.1666666666665,814.5690271548468,3396.0127076105973,3579.8758322623944,0.43388373911755823,0.43388373911755823,,814.5690271548473,3555.9926680534495,,11995.0548143808
2013-04-26,3726,4,26,3086.0,2931.0,3771.0,3921.0,4217.0,3684.0,4349.0,2870.0,3294.0,3687.4285714285716,812.7172237096312,3657.8571428571427,3888.535714285714,3891.233333333333,3767.883333333333,3757.366666666667,793.3118569004524,3478.509530707948,3599.3590546274086,-0.433883739117558,-0.433883739117558,,793.3118569004529,3463.1947110378055,,11995.0548143808
2013-04-27,4510,5,27,3726.0,2964.0,4733.0,4602.0,5210.0,4571.0,5856.0,3509.0,2753.0,3655.5714285714284,768.0446725598874,3653.5,3840.464285714286,3924.6,3797.1666666666665,3759.311111111111,797.7195341549603,3736.382148030961,3720.777847343754,-0.9749279121818236,-0.9749279121818236,,797.7195341549607,3482.4363805313305,,11995.0548143808
2013-04-28,4592,6,28,4510.0,3086.0,4862.0,4626.0,5491.0,4922.0,4146.0,4349.0,2828.0,3617.0,701.2334371187242,3629.9285714285716,3856.3928571428573,3932.7,3826.5666666666666,3777.411111111111,803.3910092807215,3950.2866110232208,3836.9408010312536,-0.7818314824680299,-0.7818314824680299,,803.3910092807221,3507.1951465682587,,11995.0548143808
2013-04-29,3201,0,29,4592.0,3726.0,3510.0,3241.0,3758.0,3334.0,3438.0,5856.0,3044.0,3572.8571428571427,718.6024465519744,3620.4285714285716,3847.9285714285716,3844.2,3829.1833333333334,3782.0555555555557,726.8024158766477,3762.9649582674156,3752.1486942270863,0.0,0.0,,726.8024158766482,3172.848433739414,,11995.0548143808
2013-04-30,3152,1,30,3201.0,4510.0,2931.0,2966.0,3679.0,2906.0,3537.0,4146.0,3947.0,3604.4285714285716,689.9878880924593,3638.0,3834.1785714285716,3811.0666666666666,3815.9333333333334,3791.222222222222,735.1784645326859,3610.2237187005617,3672.1288683301414,0.7818314824680298,0.7818314824680298,,735.1784645326863,3209.4139875662827,,11995.0548143808
2013-05-01,3330,2,1,3152.0,4592.0,2964.0,2870.0,3531.0,2948.0,3793.0,3438.0,5330.0,3656.714285714286,645.8231734991994,3665.285714285714,3817.6428571428573,3807.4666666666667,3782.6,3796.288888888889,737.3295587191072,3540.1677890254214,3626.5116858861225,0.9749279121818236,0.9749279121818236,,737.3295587191078,3218.8045670017964,,11995.0548143808
2013-05-02,3449,3,2,3330.0,3201.0,3086.0,3509.0,3543.0,2946.0,3786.0,3537.0,5312.0,3708.5714285714284,605.6857978476055,3701.214285714286,3805.6071428571427,3804.5333333333333,3751.55,3785.6,738.616588202438,3517.375841769066,3602.8434611013063,0.43388373911755823,0.43388373911755823,,738.6165882024386,3224.4230809075834,,11995.0548143808
2013-05-03,4239,4,3,3449.0,3152.0,3726.0,4349.0,3684.0,3771.0,4217.0,3793.0,3554.0,3781.8571428571427,638.3033313849666,3734.6428571428573,3806.3928571428573,3819.4,3762.9666666666667,3765.2555555555555,742.8527769860297,3697.7818813267995,3687.6643329544654,-0.433883739117558,-0.433883739117558,,742.8527769860301,3242.916119253956,,11995.0548143808
2013-05-04,5040,5,4,4239.0,3330.0,4510.0,5856.0,4571.0,4733.0,5210.0,3786.0,3048.0,3857.5714285714284,759.0772593842396,3756.5714285714284,3800.3214285714284,3861.2,3796.1666666666665,3777.9444444444443,775.4733548858559,4033.3364109951,3867.9757552272035,-0.9749279121818236,-0.9749279121818236,,775.4733548858563,3385.3209148851033,,11995.0548143808
2013-05-05,5266,6,5,5040.0,3449.0,4592.0,4146.0,4922.0,4862.0,5491.0,4217.0,3073.0,3953.8571428571427,897.828756607003,3785.4285714285716,3792.285714285714,3896.1666666666665,3832.7166666666667,3803.5555555555557,814.7264860837838,4341.502308246325,4054.3789878635766,-0.7818314824680299,-0.7818314824680299,,814.7264860837843,3556.680053380112,,11995.0548143808
2013-05-06,4087,0,6,5266.0,4239.0,3201.0,3438.0,3334.0,3510.0,3758.0,5210.0,2985.0,4080.4285714285716,834.2031841110122,3826.6428571428573,3804.035714285714,3858.733333333333,3851.0833333333335,3817.011111111111,777.2147412542957,4277.876731184743,4058.728456148433,0.0,0.0,,777.2147412542963,3392.9229190762635,,11995.0548143808
2013-05-07,3514,1,7,4087.0,5040.0,3152.0,3537.0,2906.0,2931.0,3679.0,5491.0,3807.0,4132.142857142857,776.2635782111261,3868.285714285714,3798.1428571428573,3792.8333333333335,3846.2,3823.4444444444443,715.3991450802853,4086.907548388557,3986.097995328642,0.7818314824680298,0.7818314824680298,,715.3991450802858,3123.0675729505783,,11995.0548143808
2013-05-08,3421,2,8,3514.0,5266.0,3330.0,3793.0,2948.0,2964.0,3531.0,3758.0,4866.0,4145.142857142857,761.2072491709955,3900.9285714285716,3794.214285714286,3781.6,3822.116666666667,3826.0666666666666,718.6036075804102,3920.430661291418,3910.7515959514894,0.9749279121818236,0.9749279121818236,,718.6036075804108,3137.056620871167,,11995.0548143808
2013-05-09,3497,3,9,3421.0,4087.0,3449.0,3786.0,2946.0,3086.0,3543.0,3679.0,4742.0,4152.0,754.0738248562478,3930.285714285714,3792.5714285714284,3775.5333333333333,3801.366666666667,3823.0555555555557,720.2659821603859,3814.5729959685636,3855.584716491291,0.43388373911755823,0.43388373911755823,,720.2659821603864,3144.313699916511,,11995.0548143808
2013-05-10,4164,4,10,3497.0,3514.0,4239.0,4217.0,3771.0,3726.0,3684.0,3531.0,3517.0,4141.285714285715,753.1639295411742,3961.5714285714284,3809.714285714286,3796.633333333333,3812.15,3811.711111111111,722.1248093161452,3901.929746976423,3896.706754292452,-0.433883739117558,-0.433883739117558,,722.1248093161456,3152.4283906507585,,11995.0548143808
2013-05-11,5832,5,11,4164.0,3421.0,5040.0,5210.0,4733.0,4510.0,4571.0,3543.0,2985.0,4254.428571428572,945.5821588035676,4056.0,3854.75,3872.9333333333334,3859.6,3817.6222222222223,809.9850970673829,4384.447310232317,4154.7458537201255,-0.9749279121818236,-0.9749279121818236,,809.9850970673834,3535.981568639536,,11995.0548143808
2013-05-12,4337,6,12,5832.0,3497.0,5266.0,5491.0,4862.0,4592.0,4922.0,3684.0,2814.0,4121.714285714285,839.1467321602561,4037.785714285714,3833.8571428571427,3894.7,3884.983333333333,3822.722222222222,813.4992168785795,4372.585482674238,4179.046406557442,-0.7818314824680299,-0.7818314824680299,,813.49921687858,3551.322422350759,,11995.0548143808
2013-05-13,3662,0,13,4337.0,4164.0,4087.0,3758.0,3510.0,3201.0,3334.0,4571.0,3094.0,4061.0,857.2564765965119,4070.714285714286,3845.5714285714284,3864.4,3894.45,3828.733333333333,804.3175132178578,4194.939112005678,4110.106885683117,0.0,0.0,,804.3175132178583,3511.2397899287935,,11995.0548143808
2013-05-14,3414,1,14,3662.0,5832.0,3514.0,3679.0,2931.0,3152.0,2906.0,4922.0,3826.0,4046.714285714286,868.6487042692062,4089.4285714285716,3863.714285714286,3814.133333333333,3887.5833333333335,3829.0555555555557,782.7760825435921,3999.7043340042583,4017.2926342587016,0.7818314824680298,0.7818314824680298,,782.7760825435926,3417.2008969885283,,11995.0548143808
2013-05-15,3392,2,15,3414.0,4337.0,3421.0,3531.0,2964.0,3330.0,2948.0,3334.0,4838.0,4042.5714285714284,872.1922297947197,4093.8571428571427,3879.5714285714284,3816.0666666666666,3863.483333333333,3836.777777777778,781.6201093896526,3847.7782505031937,3933.920283024208,0.9749279121818236,0.9749279121818236,,781.6201093896531,3412.1545081340037,,11995.0548143808
2013-05-16,3585,3,16,3392.0,3662.0,3497.0,3543.0,3086.0,3449.0,2946.0,2906.0,4741.0,4055.1428571428573,863.6099483315035,4103.571428571428,3902.3928571428573,3838.7,3844.2166666666667,3832.4444444444443,763.9907090065097,3782.0836878773953,3887.39757862098,0.43388373911755823,0.43388373911755823,,763.9907090065102,3335.1935429919818,,11995.0548143808
2013-05-17,4016,4,17,3585.0,3414.0,4164.0,3684.0,3726.0,4239.0,3771.0,2948.0,2935.0,4034.0,862.3114286613622,4087.6428571428573,3911.1428571428573,3874.3,3862.233333333333,3823.766666666667,745.7197472102396,3840.5627659080465,3904.5445681381825,-0.433883739117558,-0.433883739117558,,745.71974721024,3255.4318481326086,,11995.0548143808
2013-05-18,4598,5,18,4016.0,3392.0,5832.0,4571.0,4510.0,5040.0,4733.0,2946.0,2856.0,3857.714285714286,470.68061155654186,4056.0714285714284,3906.3214285714284,3929.366666666667,3891.266666666667,3822.222222222222,735.7349355591942,4029.922074431035,3997.005292386425,-0.9749279121818236,-0.9749279121818236,,735.7349355591948,3211.843256080407,,11995.0548143808
2013-05-19,5241,6,19,4598.0,3585.0,4337.0,4922.0,4592.0,5266.0,4862.0,3771.0,3129.0,3986.8571428571427,694.773447144566,4054.285714285714,3919.8571428571427,3978.366666666667,3926.4666666666667,3837.766666666667,772.8394347819058,4332.691555823277,4162.8712534015685,-0.7818314824680299,-0.7818314824680299,,772.8394347819062,3373.822563897465,,11995.0548143808
2013-05-20,3929,0,20,5241.0,4016.0,3662.0,3334.0,3201.0,4087.0,3510.0,4733.0,3086.0,4025.0,681.1622420539762,4043.0,3934.8214285714284,3951.5666666666666,3940.516666666667,3850.288888888889,759.5952045087148,4231.768666867457,4131.688419614692,0.0,0.0,,759.5952045087154,3316.0050135420606,,11995.0548143808
2013-05-21,3488,1,21,3929.0,4598.0,3414.0,2906.0,3152.0,3514.0,2931.0,4862.0,3921.0,4035.5714285714284,670.5914944144102,4041.1428571428573,3954.714285714286,3905.766666666667,3933.3,3854.1111111111113,744.0716819071164,4045.8265001505924,4045.8632969993996,0.7818314824680298,0.7818314824680298,,744.0716819071168,3248.237236087453,,11995.0548143808
2013-05-22,3342,2,22,3488.0,5241.0,3392.0,2948.0,3330.0,3421.0,2964.0,3510.0,4602.0,4028.4285714285716,678.8050424932666,4035.5,3968.214285714286,3900.1666666666665,3912.3,3854.366666666667,747.7759706615636,3869.8698751129446,3952.0148573994798,0.9749279121818236,0.9749279121818236,,747.7759706615641,3264.4082703547097,,11995.0548143808
2013-05-23,3454,3,23,3342.0,3929.0,3585.0,2946.0,3449.0,3497.0,3086.0,2931.0,4626.0,4009.714285714286,694.6876310701845,4032.4285714285716,3981.3571428571427,3917.6,3892.766666666667,3848.366666666667,730.2942534018168,3765.9024063347083,3885.6128764128825,0.43388373911755823,0.43388373911755823,,730.2942534018174,3188.092014361311,,11995.0548143808
2013-05-24,4279,4,24,3454.0,3488.0,4016.0,3771.0,4239.0,4164.0,3726.0,2964.0,3241.0,4047.285714285714,702.156135126111,4040.6428571428573,4001.1071428571427,3961.4333333333334,3910.0666666666666,3844.0555555555557,710.2738026371494,3894.1768047510313,3938.0644928911647,-0.433883739117558,-0.433883739117558,,710.27380263715,3100.6929434944186,,11995.0548143808
2013-05-25,4619,5,25,4279.0,3342.0,4598.0,4733.0,5040.0,5832.0,4510.0,3086.0,2966.0,4050.285714285714,704.9405918907191,3954.0,4005.0,4012.5333333333333,3937.616666666667,3844.633333333333,700.1933591729339,4075.3826035632737,4028.8558938390097,-0.9749279121818236,-0.9749279121818236,,700.1933591729345,3056.6868717503435,,11995.0548143808
2013-05-26,4269,6,26,4619.0,3454.0,5241.0,4862.0,5266.0,4337.0,4592.0,3726.0,2870.0,3911.4285714285716,496.1037717866635,3949.1428571428573,3993.464285714286,4030.633333333333,3960.9333333333334,3855.4666666666667,699.5490411111521,4123.786952672455,4060.8751079938083,-0.7818314824680299,-0.7818314824680299,,699.5490411111526,3053.8741079117854,,11995.0548143808
2013-05-27,4272,0,27,4269.0,4279.0,3929.0,3510.0,4087.0,3662.0,3201.0,4510.0,3509.0,3960.4285714285716,514.7183233390406,3992.714285714286,4031.714285714286,4022.7,3973.65,3872.3444444444444,695.2616550375185,4160.840214504341,4089.0250935946337,0.0,0.0,,695.261655037519,3035.157568324947,,11995.0548143808
2013-05-28,3437,1,28,4272.0,4619.0,3488.0,2931.0,3514.0,3414.0,3152.0,4592.0,4349.0,3953.1428571428573,522.8171855666285,3994.3571428571427,4041.8928571428573,3984.2,3958.45,3879.1111111111113,694.62837496775,3979.8801608782555,4002.0884144486827,0.7818314824680298,0.7818314824680298,,694.6283749677506,3032.392990726427,,11995.0548143808
2013-05-29,2954,2,29,3437.0,4269.0,3342.0,2964.0,3421.0,3392.0,3330.0,3201.0,5856.0,3897.714285714286,611.4615589677244,3963.0714285714284,4028.464285714286,3975.9666666666667,3910.0833333333335,3878.1111111111113,705.6086872624388,3723.4101206586915,3862.343292522192,0.9749279121818236,0.9749279121818236,,705.6086872624394,3080.32743054822,,11995.0548143808
2013-05-30,3308,3,30,2954.0,4272.0,3454.0,3086.0,3497.0,3585.0,3449.0,3152.0,4146.0,3876.8571428571427,631.2879502972304,3943.285714285714,4023.4285714285716,3981.1666666666665,3896.116666666667,3871.011111111111,699.8786142701005,3619.5575904940188,3788.430853519233,0.43388373911755823,0.43388373911755823,,699.8786142701009,3055.3128561304607,,11995.0548143808
2013-05-31,4230,4,31,3308.0,3437.0,4279.0,3726.0,4164.0,4016.0,4239.0,3330.0,3438.0,3869.8571428571427,626.3378823423865,3958.5714285714284,4023.1071428571427,4011.1666666666665,3909.3166666666666,3858.788888888889,690.2266535952704,3772.1681928705143,3847.3067397166687,-0.433883739117558,-0.433883739117558,,690.2266535952709,3013.1773215743315,,11995.0548143808
2013-06-01,5458,5,1,4230.0,2954.0,4619.0,4510.0,5832.0,4598.0,5040.0,3449.0,3537.0,3989.714285714286,838.0749199376937,4020.0,4038.035714285714,4078.133333333333,3941.3333333333335,3860.411111111111,730.1093793036205,4193.626144652885,4062.0658410877795,-0.9749279121818236,-0.9749279121818236,,730.1093793036209,3187.2849483966306,,11995.0548143808
2013-06-02,5793,6,2,5458.0,3308.0,4269.0,4592.0,4337.0,5241.0,5266.0,4239.0,3793.0,4207.428571428572,1084.4552944747343,4059.4285714285716,4056.8571428571427,4129.933333333333,3974.6666666666665,3885.288888888889,794.2275333382964,4593.469608489663,4292.857062276075,-0.7818314824680299,-0.7818314824680299,,794.2275333382969,3467.192087062101,,11995.0548143808
2013-06-03,4437,0,3,5793.0,4230.0,4272.0,3201.0,3662.0,3929.0,4087.0,5040.0,3786.0,4231.0,1087.8805081441603,4095.714285714286,4069.3571428571427,4109.833333333333,3985.516666666667,3900.722222222222,777.863390334691,4554.352206367247,4312.076120639265,0.0,0.0,,777.8633903346913,3395.754589931809,,11995.0548143808
2013-06-04,3702,1,4,4437.0,5458.0,3437.0,3152.0,3414.0,3488.0,3514.0,5266.0,4217.0,4268.857142857143,1059.895974230713,4111.0,4076.0714285714284,4057.7,3976.9333333333334,3907.711111111111,749.6008662085985,4341.264154775435,4230.732637887363,0.7818314824680298,0.7818314824680298,,749.6008662085991,3272.374833001814,,11995.0548143808
2013-06-05,4014,2,5,3702.0,5793.0,2954.0,3330.0,3392.0,3342.0,3421.0,4087.0,5210.0,4420.285714285715,905.1579446493846,4159.0,4097.25,4055.266666666667,3957.0,3919.1444444444446,749.6209586245484,4259.448116081576,4201.834952835715,0.9749279121818236,0.9749279121818236,,749.620958624549,3272.4625462359527,,11995.0548143808
2013-06-06,2979,3,6,4014.0,4437.0,3308.0,3449.0,3585.0,3454.0,3497.0,3514.0,5491.0,4373.285714285715,978.1383191699249,4125.071428571428,4078.75,4037.4333333333334,3915.133333333333,3909.9444444444443,769.0535017186638,3939.336087061182,4038.7902924576197,0.43388373911755823,0.43388373911755823,,769.0535017186643,3357.2951122441013,,11995.0548143808
2013-06-07,4638,4,7,2979.0,3702.0,4230.0,4239.0,4016.0,4279.0,4164.0,3421.0,3758.0,4431.571428571428,980.3307022195518,4150.714285714285,4095.6785714285716,4078.0,3929.8,3907.411111111111,767.5122373504868,4114.0020652958865,4118.684920129937,-0.433883739117558,-0.433883739117558,,767.5122373504873,3350.566738576479,,11995.0548143808
2013-06-08,5492,5,8,4638.0,4014.0,5458.0,5040.0,4598.0,4619.0,5832.0,3497.0,3679.0,4436.428571428572,986.3297043657761,4213.071428571428,4083.535714285714,4144.5,3960.016666666667,3915.7444444444445,801.1272984213264,4458.501548971914,4301.793597445945,-0.9749279121818236,-0.9749279121818236,,801.1272984213268,3497.312940210967,,11995.0548143808
2013-06-09,5878,6,9,5492.0,2979.0,5793.0,5266.0,5241.0,4269.0,4337.0,4164.0,3531.0,4448.571428571428,1006.138469122224,4328.0,4138.571428571428,4201.633333333333,3999.133333333333,3941.9777777777776,861.4154143570593,4813.376161728936,4511.954451119819,-0.7818314824680299,-0.7818314824680299,,861.4154143570598,3760.5000871456236,,11995.0548143808
2013-06-10,4500,0,10,5878.0,4638.0,4437.0,4087.0,3929.0,4272.0,3662.0,5832.0,3543.0,4457.571428571428,1006.2994678760456,4344.285714285715,4168.5,4157.233333333334,4015.0833333333335,3958.811111111111,807.098792540003,4735.032121296702,4510.360524303843,0.0,0.0,,807.0987925400035,3523.381436060248,,11995.0548143808
2013-06-11,3705,1,11,4500.0,5492.0,3702.0,3514.0,3488.0,3437.0,3414.0,4337.0,3684.0,4458.0,1005.9246161285281,4363.428571428572,4178.892857142857,4136.166666666667,4015.4333333333334,3968.711111111111,810.4858093306925,4477.524090972526,4402.97912106333,0.7818314824680298,0.7818314824680298,,810.4858093306931,3538.16742284928,,11995.0548143808
2013-06-12,3563,2,12,3705.0,5878.0,4014.0,3421.0,3342.0,2954.0,3392.0,3662.0,4571.0,4393.571428571428,1052.4683458649067,4406.928571428572,4185.0,4132.866666666667,3998.633333333333,3973.9222222222224,812.6815864282463,4248.893068229395,4290.981904921553,0.9749279121818236,0.9749279121818236,,812.6815864282468,3547.7530650714657,,11995.0548143808
2013-06-13,3762,3,13,3563.0,4500.0,2979.0,3497.0,3454.0,3308.0,3585.0,3414.0,4922.0,4505.428571428572,908.8842715371478,4439.357142857143,4191.321428571428,4144.466666666666,3979.3,3973.211111111111,804.5093914427172,4127.169801172046,4220.450984265346,0.43388373911755823,0.43388373911755823,,804.5093914427176,3512.0774323360206,,11995.0548143808
2013-06-14,4581,4,14,3762.0,3705.0,4638.0,4164.0,4279.0,4230.0,4016.0,3392.0,3334.0,4497.285714285715,907.7532179848758,4464.428571428572,4211.5,4184.1,4000.0833333333335,3970.3555555555554,795.3974651620391,4240.627350879035,4268.5241863633,-0.433883739117558,-0.433883739117558,,795.3974651620397,3472.2994123453655,,11995.0548143808
2013-06-15,5306,5,15,4581.0,3563.0,5492.0,5832.0,4619.0,5458.0,4598.0,3585.0,2906.0,4470.714285714285,875.9485742678607,4453.571428571428,4236.785714285715,4241.466666666666,4040.0833333333335,3976.633333333333,812.5750356156266,4506.9705131592755,4406.854294848194,-0.9749279121818236,-0.9749279121818236,,812.575035615627,3547.287918600363,,11995.0548143808
2013-06-16,4492,6,16,5306.0,3762.0,5878.0,4337.0,4269.0,5793.0,5241.0,4016.0,2948.0,4272.714285714285,625.7378882262925,4360.642857142857,4210.035714285715,4257.333333333333,4065.8166666666666,3993.9333333333334,812.6679490433276,4503.227884869456,4418.207055535101,-0.7818314824680299,-0.7818314824680299,,812.667949043328,3547.693531208569,,11995.0548143808
2013-06-17,3681,0,17,4492.0,4581.0,4500.0,3662.0,4272.0,4437.0,3929.0,4598.0,2946.0,4155.714285714285,652.167083470104,4306.642857142857,4201.178571428572,4226.766666666666,4078.0666666666666,4003.1,816.6483936496566,4297.670913652092,4319.912781463754,0.0,0.0,,816.6483936496571,3565.070120992664,,11995.0548143808
2013-06-18,3587,1,18,3681.0,5306.0,3705.0,3414.0,3437.0,3702.0,3488.0,5241.0,3771.0,4138.857142857143,667.112541372998,4298.428571428572,4204.714285714285,4171.633333333333,4075.0,4008.188888888889,801.5064472962532,4120.003185239068,4222.191077268587,0.7818314824680298,0.7818314824680298,,801.5064472962537,3498.9681107052957,,11995.0548143808
2013-06-19,3221,2,19,3587.0,4492.0,3563.0,3392.0,2954.0,4014.0,3342.0,3929.0,4733.0,4090.0,726.2203522347729,4241.785714285715,4200.392857142857,4148.033333333334,4049.8,4009.688888888889,819.126721000763,3895.252388929301,4088.698933632775,0.9749279121818236,0.9749279121818236,,819.1267210007635,3575.889233426085,,11995.0548143808
2013-06-20,3651,3,20,3221.0,3681.0,3762.0,3585.0,3308.0,2979.0,3454.0,3488.0,4862.0,4074.1428571428573,735.7255893722473,4289.785714285715,4207.428571428572,4153.466666666666,4029.616666666667,4006.688888888889,815.1285379210593,3834.189291696976,4030.3390758150717,0.43388373911755823,0.43388373911755823,,815.1285379210599,3558.435206519832,,11995.0548143808
2013-06-21,4694,4,21,3651.0,3587.0,4581.0,4016.0,4230.0,4638.0,4279.0,3342.0,3510.0,4090.285714285714,749.8052445548126,4293.785714285715,4222.25,4198.533333333334,4049.35,4007.711111111111,806.0411871624731,4049.141968772732,4118.827199039729,-0.433883739117558,-0.433883739117558,,806.0411871624736,3518.7644707168365,,11995.0548143808
2013-06-22,5018,5,22,4694.0,3221.0,5306.0,4598.0,5458.0,5492.0,4619.0,3454.0,2931.0,4049.1428571428573,676.2754440244553,4259.928571428572,4236.5,4250.666666666667,4084.133333333333,4012.0666666666666,806.8035838966604,4291.356476579549,4238.716905834432,-0.9749279121818236,-0.9749279121818236,,806.8035838966608,3522.092705779231,,11995.0548143808
2013-06-23,5295,6,23,5018.0,3651.0,4492.0,5241.0,5793.0,5878.0,4269.0,4279.0,2964.0,4163.857142857143,817.313980583435,4218.285714285715,4273.142857142857,4284.533333333334,4122.983333333334,4034.8888888888887,829.0511707235871,4542.267357434662,4379.554651723174,-0.7818314824680299,-0.7818314824680299,,829.0511707235877,3619.2143161045838,,11995.0548143808
2013-06-24,3834,0,24,5295.0,4694.0,3681.0,3929.0,4437.0,4500.0,4272.0,4619.0,3086.0,4185.714285714285,804.1893877865884,4170.714285714285,4257.5,4258.366666666667,4135.45,4044.5333333333333,830.5175155757707,4365.200518075996,4306.814031493417,0.0,0.0,,830.5175155757713,3625.615629399561,,11995.0548143808
2013-06-25,3552,1,25,3834.0,5018.0,3587.0,3488.0,3702.0,3705.0,3437.0,4269.0,3726.0,4180.714285714285,808.6288217894339,4159.785714285715,4261.607142857143,4234.466666666666,4132.55,4052.1111111111113,840.4581153621821,4161.900388556997,4206.172160627628,0.7818314824680298,0.7818314824680298,,840.4581153621825,3669.0112150137093,,11995.0548143808
2013-06-26,3564,2,26,3552.0,5295.0,3221.0,3342.0,4014.0,3563.0,2954.0,4272.0,4510.0,4229.714285714285,748.9727886213451,4159.857142857143,4283.392857142857,4210.866666666667,4116.783333333334,4052.722222222222,849.2620217631221,4012.4252914177478,4120.549205877277,0.9749279121818236,0.9749279121818236,,849.2620217631226,3707.4445774032915,,11995.0548143808
2013-06-27,3466,3,27,3564.0,3834.0,3651.0,3454.0,2979.0,3762.0,3308.0,3437.0,4592.0,4203.285714285715,775.5881025144088,4138.714285714285,4289.035714285715,4211.833333333333,4098.016666666666,4042.911111111111,848.3668319831851,3875.818968563311,4033.2759784269733,0.43388373911755823,0.43388373911755823,,848.3668319831854,3703.536635672323,,11995.0548143808
2013-06-28,4707,4,28,3466.0,3552.0,4694.0,4279.0,4638.0,4581.0,4230.0,2954.0,3201.0,4205.142857142857,776.9732789423794,4147.714285714285,4306.071428571428,4270.266666666666,4123.116666666667,4030.1444444444446,818.5915967677902,4083.614226422483,4123.105847970043,-0.433883739117558,-0.433883739117558,,818.5915967677906,3573.553154118484,,11995.0548143808
2013-06-29,5266,5,29,4707.0,3564.0,5018.0,4619.0,5492.0,5306.0,5458.0,3308.0,3152.0,4240.571428571428,824.4209800708302,4144.857142857143,4299.214285714285,4335.533333333334,4158.35,4042.588888888889,817.2791163506981,4379.210669816862,4275.49173490737,-0.9749279121818236,-0.9749279121818236,,817.2791163506986,3567.8235344244417,,11995.0548143808
2013-06-30,5524,6,30,5266.0,3466.0,5295.0,4269.0,5878.0,4492.0,5793.0,4230.0,3330.0,4273.285714285715,876.1561341613532,4218.571428571428,4289.607142857143,4378.666666666667,4194.916666666667,4065.766666666667,845.1874035540436,4665.408002362646,4441.959503586387,-0.7818314824680299,-0.7818314824680299,,845.1874035540442,3689.6568737298426,,11995.0548143808
2013-07-01,4838,0,1,5524.0,4707.0,3834.0,4272.0,4500.0,3681.0,4437.0,5458.0,3449.0,4416.714285714285,874.4355730575957,4301.214285714285,4303.928571428572,4358.0,4218.066666666667,4080.222222222222,825.229832144996,4708.5560017719845,4494.764903108202,0.0,0.0,,825.2298321449964,3602.5323020399396,,11995.0548143808
2013-07-02,4425,1,2,4838.0,5266.0,3552.0,3437.0,3705.0,3587.0,3702.0,5793.0,4239.0,4541.428571428572,788.5945001800853,4361.071428571428,4329.75,4312.4,4221.166666666667,4087.2444444444445,779.7437067882315,4637.667001328989,4485.462916027109,0.7818314824680298,0.7818314824680298,,779.7437067882321,3403.9630919733922,,11995.0548143808
2013-07-03,5104,2,3,4425.0,5524.0,3564.0,2954.0,3563.0,3221.0,4014.0,4437.0,5040.0,4761.428571428572,677.4471337658825,4495.571428571428,4368.678571428572,4334.633333333333,4222.233333333334,4101.888888888889,792.8186940336263,4754.250250996741,4567.934527223494,0.9749279121818236,0.9749279121818236,,792.8186940336268,3461.0418136403746,,11995.0548143808
2013-07-04,4425,3,4,5104.0,4838.0,3466.0,3308.0,3762.0,3651.0,2979.0,3702.0,5266.0,4898.428571428572,419.77647112990365,4550.857142857143,4420.321428571428,4358.733333333334,4208.216666666666,4104.2,783.863109677087,4671.937688247555,4548.876590260361,0.43388373911755823,0.43388373911755823,,783.8631096770874,3421.9463027034794,,11995.0548143808
2013-07-05,4715,4,5,4425.0,4425.0,4707.0,4230.0,4581.0,4694.0,4638.0,4014.0,4087.0,4899.571428571428,419.17890259523017,4552.357142857143,4423.071428571428,4382.1,4218.683333333333,4098.7,783.6806329639311,4682.7032661856665,4571.026378225646,-0.433883739117558,-0.433883739117558,,783.6806329639315,3421.149702498413,,11995.0548143808
2013-07-06,4727,5,6,4715.0,5104.0,5266.0,5458.0,5306.0,5018.0,5492.0,2979.0,3514.0,4822.571428571428,389.07448179100913,4531.571428571428,4395.75,4440.366666666667,4238.9,4090.211111111111,739.4993872060676,4693.777449639249,4591.822861128892,-0.9749279121818236,-0.9749279121818236,,739.4993872060681,3228.2769308326615,,11995.0548143808
2013-07-07,5851,6,7,4727.0,4425.0,5524.0,5793.0,4492.0,5295.0,5878.0,4638.0,3421.0,4869.285714285715,493.06210369001957,4571.285714285715,4394.785714285715,4480.8,4279.4,4113.466666666666,782.5841984005269,4983.083087229436,4759.713146311707,-0.7818314824680299,-0.7818314824680299,,782.5841984005274,3416.3632287454348,,11995.0548143808
2013-07-08,4244,0,8,5851.0,4715.0,4838.0,4437.0,3681.0,3834.0,4500.0,5492.0,3497.0,4784.428571428572,547.4577174366461,4600.571428571428,4385.642857142857,4439.2,4291.85,4119.7444444444445,759.8170106381938,4798.312315422077,4690.951393470145,0.0,0.0,,759.8170106381943,3316.973305907548,,11995.0548143808
2013-07-09,3973,1,9,4244.0,4727.0,4425.0,3702.0,3587.0,3552.0,3705.0,5878.0,4164.0,4719.857142857143,618.9104481725395,4630.642857142857,4395.214285714285,4375.7,4288.666666666667,4124.655555555555,713.625138242077,4591.984236566557,4595.224541007459,0.7818314824680298,0.7818314824680298,,713.6251382420776,3115.3231644358334,,11995.0548143808
2013-07-10,4021,2,10,3973.0,5851.0,5104.0,4014.0,3221.0,3564.0,3563.0,4500.0,5832.0,4565.142857142857,641.8178424265993,4663.285714285715,4411.571428571428,4359.733333333334,4258.483333333334,4129.966666666666,716.1024263731135,4449.238177424918,4518.661268873131,0.9749279121818236,0.9749279121818236,,716.1024263731141,3126.1377401647815,,11995.0548143808
2013-07-11,3804,3,11,4021.0,4244.0,4425.0,2979.0,3651.0,3466.0,3762.0,3705.0,4337.0,4476.428571428572,704.2948854807044,4687.428571428572,4413.071428571428,4363.033333333334,4249.6,4131.3,713.2034329569639,4287.928633068688,4423.373099690048,0.43388373911755823,0.43388373911755823,,713.2034329569644,3113.4822143727315,,11995.0548143808
2013-07-12,4746,4,12,3804.0,3973.0,4715.0,4638.0,4694.0,4707.0,4581.0,3563.0,3662.0,4480.857142857143,706.1400778342794,4690.214285714285,4418.964285714285,4402.466666666666,4267.666666666667,4133.2444444444445,700.0264888255731,4402.446474801516,4466.390019731374,-0.433883739117558,-0.433883739117558,,700.0264888255737,3055.958400973836,,11995.0548143808
2013-07-13,5066,5,13,4746.0,4021.0,4727.0,5492.0,5018.0,5266.0,5306.0,3762.0,3414.0,4529.285714285715,736.7938911902231,4675.928571428572,4410.392857142857,4445.933333333333,4295.2,4134.844444444445,699.3709948987987,4568.334856101137,4546.338017100524,-0.9749279121818236,-0.9749279121818236,,699.3709948987993,3053.096849012175,,11995.0548143808
2013-07-14,5807,6,14,5066.0,3804.0,5851.0,5878.0,5295.0,5524.0,4492.0,4581.0,3392.0,4523.0,723.7103472154167,4696.142857142857,4457.357142857143,4486.8,4335.45,4162.322222222222,742.0528561897046,4878.001142075853,4714.426281487121,-0.7818314824680299,-0.7818314824680299,,742.0528561897052,3239.4240732861754,,11995.0548143808
2013-07-15,3971,0,15,5807.0,4746.0,4244.0,4500.0,3834.0,4838.0,3681.0,5306.0,3585.0,4484.0,748.1929341197091,4634.214285714285,4467.714285714285,4442.3,4341.883333333333,4174.155555555555,731.1819505619478,4651.25085655689,4615.302777288838,0.0,0.0,,731.1819505619484,3191.9672471379654,,11995.0548143808
2013-07-16,3686,1,16,3971.0,5066.0,3973.0,3705.0,3552.0,4425.0,3587.0,4492.0,4016.0,4443.0,787.6835235888373,4581.428571428572,4471.25,4415.433333333333,4336.383333333333,4182.355555555556,743.9885373298098,4409.938142417667,4491.395740316993,0.7818314824680298,0.7818314824680298,,743.9885373298102,3247.874269294665,,11995.0548143808
2013-07-17,3593,2,17,3686.0,5807.0,4021.0,3563.0,3564.0,5104.0,3221.0,3681.0,4598.0,4381.857142857143,840.7257635661007,4473.5,4484.535714285715,4412.5,4319.633333333333,4189.544444444445,747.1508064548922,4205.70360681325,4371.609641608061,0.9749279121818236,0.9749279121818236,,747.1508064548926,3261.6791224726476,,11995.0548143808
2013-07-18,3712,3,18,3593.0,3971.0,3804.0,3762.0,3466.0,4425.0,3651.0,3587.0,5241.0,4368.714285714285,851.9095637225223,4422.571428571428,4486.714285714285,4416.666666666667,4294.15,4188.888888888889,742.7238932531956,4082.2777051099374,4283.6616893936525,0.43388373911755823,0.43388373911755823,,742.723893253196,3242.3534786505065,,11995.0548143808
2013-07-19,4527,4,19,3712.0,3686.0,4746.0,4581.0,4707.0,4715.0,4694.0,3221.0,3929.0,4337.428571428572,839.6782830629912,4409.142857142857,4480.75,4460.2,4304.116666666667,4186.6,707.6728447329331,4193.458278832453,4316.106797474499,-0.433883739117558,-0.433883739117558,,707.6728447329336,3089.3384886489966,,11995.0548143808
2013-07-20,5348,5,20,4527.0,3593.0,5066.0,5306.0,5266.0,4727.0,5018.0,3651.0,3488.0,4377.714285714285,885.9491547272328,4453.5,4492.535714285715,4516.766666666666,4335.116666666667,4192.0,708.583223804698,4482.09370912434,4453.692557811233,-0.9749279121818236,-0.9749279121818236,,708.5832238046986,3093.3127390764316,,11995.0548143808
2013-07-21,5723,6,21,5348.0,3712.0,5807.0,4492.0,5524.0,5851.0,5295.0,4694.0,3342.0,4365.714285714285,863.6514949688319,4444.357142857143,4507.821428571428,4551.066666666667,4374.8,4216.5888888888885,741.5944580630792,4792.3202818432555,4622.933550103069,-0.7818314824680299,-0.7818314824680299,,741.5944580630797,3237.4229410027356,,11995.0548143808
2013-07-22,3803,0,22,5723.0,4527.0,3971.0,3681.0,4838.0,4244.0,3834.0,5018.0,3454.0,4341.714285714285,878.6523230276571,4412.857142857143,4506.714285714285,4510.566666666667,4380.616666666667,4226.277777777777,748.3609070003753,4544.990211382442,4513.609076755993,0.0,0.0,,748.3609070003758,3266.9618038954554,,11995.0548143808
2013-07-23,3738,1,23,3803.0,5348.0,3686.0,3587.0,4425.0,3973.0,3552.0,5295.0,4279.0,4349.142857142857,872.3820700762194,4396.071428571428,4513.357142857143,4458.666666666667,4371.6,4234.877777777778,746.069994559222,4343.242658536831,4410.194533188527,0.7818314824680298,0.7818314824680298,,746.0699945592224,3256.9608493141745,,11995.0548143808
2013-07-24,3540,2,24,3738.0,5723.0,3593.0,3221.0,5104.0,4021.0,3564.0,3834.0,4619.0,4341.571428571428,880.2330860143121,4361.714285714285,4512.5,4448.866666666667,4353.616666666667,4239.922222222222,756.4174059036528,4142.431993902624,4294.168595430057,0.9749279121818236,0.9749279121818236,,756.4174059036533,3302.1323665797513,,11995.0548143808
2013-07-25,3610,3,25,3540.0,3803.0,3712.0,3651.0,4425.0,3804.0,3466.0,3552.0,4269.0,4327.0,893.1416461009942,4347.857142857143,4517.642857142857,4450.8,4342.633333333333,4238.633333333333,754.1166744083292,4009.3239954269675,4202.946116039383,0.43388373911755823,0.43388373911755823,,754.1166744083298,3292.088547018988,,11995.0548143808
2013-07-26,4135,4,26,3610.0,3738.0,4527.0,4694.0,4715.0,4746.0,4707.0,3564.0,4272.0,4271.0,890.7977697921456,4304.214285714285,4497.214285714285,4469.833333333333,4340.35,4234.466666666666,737.9962191910051,4040.742996570226,4193.886633900798,-0.433883739117558,-0.433883739117558,,737.9962191910056,3221.714866400768,,11995.0548143808
2013-07-27,4507,5,27,4135.0,3540.0,5348.0,5018.0,4727.0,5066.0,5266.0,3466.0,3437.0,4150.857142857143,769.8323255903222,4264.285714285715,4470.107142857143,4504.533333333334,4358.183333333333,4233.522222222222,713.2270390243137,4157.30724742767,4235.635082714025,-0.9749279121818236,-0.9749279121818236,,713.2270390243143,3113.5852664157374,,11995.0548143808
2013-07-28,5068,6,28,4507.0,3610.0,5723.0,5295.0,5851.0,5807.0,5524.0,4707.0,2954.0,4057.285714285714,557.3866743669959,4211.5,4453.821428571428,4516.566666666667,4393.416666666667,4254.266666666666,719.7760515381182,4384.980435570752,4346.617071685489,-0.7818314824680299,-0.7818314824680299,,719.7760515381187,3142.174912849289,,11995.0548143808
2013-07-29,3876,0,29,5068.0,4135.0,3803.0,3834.0,4244.0,3971.0,4838.0,5266.0,3308.0,4067.714285714286,552.4975759481358,4204.714285714285,4419.464285714285,4470.233333333334,4402.883333333333,4262.311111111111,714.5898598609416,4257.735326678064,4283.86812879409,0.0,0.0,,714.5898598609422,3119.5346466909073,,11995.0548143808
2013-07-30,3585,1,30,3876.0,4507.0,3738.0,3552.0,3973.0,3686.0,4425.0,5524.0,4230.0,4045.8571428571427,570.4499477229687,4197.5,4389.464285714285,4405.6,4392.133333333333,4265.144444444444,703.5969457501606,4089.5514950085476,4190.685711621544,0.7818314824680298,0.7818314824680298,,703.5969457501611,3071.545193771225,,11995.0548143808
2013-07-31,3459,2,31,3585.0,5068.0,3540.0,3564.0,4021.0,3593.0,5104.0,4838.0,5458.0,4034.285714285714,583.1025393775664,4187.928571428572,4330.714285714285,4359.633333333333,4358.816666666667,4265.2555555555555,719.2454131711968,3931.913621256411,4093.127616738672,0.9749279121818236,0.9749279121818236,,719.2454131711974,3139.8584165435664,,11995.0548143808
2013-08-01,4220,3,1,3459.0,3876.0,3610.0,3466.0,3804.0,3712.0,4425.0,4425.0,5793.0,4121.428571428572,553.9804019225592,4224.214285714285,4323.392857142857,4352.8,4332.6,4265.044444444445,719.5767146565066,4003.9352159423083,4110.043934506849,0.43388373911755823,0.43388373911755823,,719.5767146565072,3141.3047097531075,,11995.0548143808
2013-08-02,5125,4,2,4220.0,3585.0,4135.0,4707.0,4746.0,4527.0,4715.0,5104.0,4437.0,4262.857142857143,671.853512945446,4266.928571428572,4338.035714285715,4353.5,4344.066666666667,4265.988888888889,720.3424832004828,4284.201411956731,4245.371409905935,-0.433883739117558,-0.433883739117558,,720.3424832004833,3144.647664416283,,11995.0548143808
2013-08-03,5650,5,3,5125.0,3459.0,4507.0,5266.0,5066.0,5348.0,4727.0,4425.0,3702.0,4426.142857142857,855.0094402152155,4288.5,4371.0,4394.333333333333,4376.533333333334,4270.2555555555555,758.2576367423871,4625.651058967548,4432.655221918477,-0.9749279121818236,-0.9749279121818236,,758.2576367423877,3310.1658752842523,,11995.0548143808
2013-08-04,5328,6,4,5650.0,4220.0,5068.0,5524.0,5807.0,5723.0,5851.0,4715.0,4014.0,4463.285714285715,892.3709457181457,4260.285714285715,4352.321428571428,4414.766666666666,4398.433333333333,4284.044444444445,775.2655911244856,4801.238294225661,4552.034525662681,-0.7818314824680299,-0.7818314824680299,,775.265591124486,3384.413924332442,,11995.0548143808
2013-08-05,4499,0,5,5328.0,5125.0,3876.0,4838.0,3971.0,3803.0,4244.0,4727.0,2979.0,4552.285714285715,854.2910734025204,4310.0,4361.428571428572,4407.166666666667,4423.766666666666,4294.988888888889,773.2140303833073,4725.678720669245,4544.963255574324,0.0,0.0,,773.2140303833078,3375.457857123285,,11995.0548143808
2013-08-06,3980,1,6,4499.0,5650.0,3585.0,4425.0,3686.0,3738.0,3973.0,5851.0,4638.0,4608.714285714285,790.4070078733046,4327.285714285715,4361.678571428572,4344.8,4412.8,4301.2,726.8037443207143,4539.259040501934,4469.634821497748,0.7818314824680298,0.7818314824680298,,726.8037443207148,3172.8542330482546,,11995.0548143808
2013-08-07,4206,2,7,3980.0,5328.0,3459.0,5104.0,3593.0,3540.0,4021.0,4244.0,5492.0,4715.428571428572,646.6683480586813,4374.857142857143,4368.285714285715,4343.533333333334,4391.366666666667,4309.077777777778,727.0185565782932,4455.94428037645,4434.483511964715,0.9749279121818236,0.9749279121818236,,727.0185565782938,3173.7919937382567,,11995.0548143808
2013-08-08,4075,3,8,4206.0,4499.0,4220.0,4425.0,3712.0,3610.0,3804.0,3973.0,5878.0,4694.714285714285,667.1800642219681,4408.071428571428,4377.964285714285,4346.933333333333,4361.316666666667,4308.0888888888885,725.462797987848,4360.708210282337,4386.552377036086,0.43388373911755823,0.43388373911755823,,725.4627979878486,3167.0003456931454,,11995.0548143808
2013-08-09,4630,4,9,4075.0,3980.0,5125.0,4715.0,4527.0,4135.0,4746.0,4021.0,4500.0,4624.0,639.6371367163248,4443.428571428572,4373.821428571428,4367.233333333334,4363.483333333334,4294.733333333334,724.5479771998243,4428.031157711753,4419.012060097941,-0.433883739117558,-0.433883739117558,,724.5479771998248,3163.0067049992954,,11995.0548143808
2013-08-10,6031,5,10,4630.0,4206.0,5650.0,4727.0,5348.0,4507.0,5066.0,3804.0,3705.0,4678.428571428572,748.4483632027955,4552.285714285715,4408.285714285715,4441.466666666666,4402.25,4313.555555555556,777.0344479708232,4828.773368283814,4633.943785418215,-0.9749279121818236,-0.9749279121818236,,777.0344479708237,3392.1358506109095,,11995.0548143808
2013-08-11,6031,6,11,6031.0,4075.0,5328.0,5851.0,5723.0,5068.0,5807.0,4746.0,3563.0,4778.857142857143,884.868620864401,4621.071428571428,4416.285714285715,4484.3,4443.383333333333,4339.877777777778,828.1372595709262,5129.3300262128605,4820.217947362453,-0.7818314824680299,-0.7818314824680299,,828.1372595709266,3615.224646414507,,11995.0548143808
2013-08-12,4309,0,12,6031.0,4630.0,4499.0,4244.0,3803.0,3876.0,3971.0,5066.0,3762.0,4751.714285714285,897.7047982281791,4652.0,4428.357142857143,4459.066666666667,4452.5,4349.822222222222,821.3063997673701,4924.247519659645,4752.055554380792,0.0,0.0,,821.3063997673705,3585.404598550928,,11995.0548143808
2013-08-13,3630,1,13,4309.0,6031.0,3980.0,3973.0,3738.0,3585.0,3686.0,5807.0,4581.0,4701.714285714285,955.7234108753586,4655.214285714285,4426.357142857143,4386.5,4436.65,4352.466666666666,793.8173050476365,4600.685639744734,4602.44814713002,0.7818314824680298,0.7818314824680298,,793.8173050476371,3465.401239699651,,11995.0548143808
2013-08-14,3649,2,14,3630.0,6031.0,4206.0,4021.0,3540.0,3459.0,3593.0,3971.0,5306.0,4622.142857142857,1024.5809596401518,4668.785714285715,4428.357142857143,4375.766666666666,4409.033333333334,4353.177777777778,801.7661832751911,4362.76422980855,4475.321727512684,0.9749279121818236,0.9749279121818236,,801.7661832751916,3500.101985436525,,11995.0548143808
2013-08-15,3960,3,15,3649.0,4309.0,4075.0,3804.0,3610.0,4220.0,3712.0,3686.0,4492.0,4605.714285714285,1035.6781537211402,4650.214285714285,4437.214285714285,4384.9,4400.166666666667,4352.555555555556,795.1712611021275,4262.073172356412,4406.6121638443265,0.43388373911755823,0.43388373911755823,,795.1712611021279,3471.3119208600338,,11995.0548143808
2013-08-16,4669,4,16,3960.0,3630.0,4630.0,4746.0,4135.0,5125.0,4527.0,3593.0,3681.0,4611.285714285715,1035.935441084641,4617.642857142857,4442.285714285715,4420.766666666666,4416.633333333333,4353.344444444445,782.3844492554606,4363.804879267309,4441.597208665083,-0.433883739117558,-0.433883739117558,,782.384449255461,3415.491225917403,,11995.0548143808
2013-08-17,5395,5,17,4669.0,3649.0,6031.0,5066.0,4507.0,5650.0,5348.0,3712.0,3587.0,4520.428571428572,911.0257693286973,4599.428571428572,4443.964285714285,4476.866666666667,4446.766666666666,4355.055555555556,790.1113292718101,4621.603659450481,4568.717580843071,-0.9749279121818236,-0.9749279121818236,,790.1113292718105,3449.2228407580005,,11995.0548143808
2013-08-18,5461,6,18,5395.0,3960.0,6031.0,5807.0,5068.0,5328.0,5723.0,4527.0,3221.0,4439.0,767.7067582525632,4608.928571428572,4434.607142857143,4508.0,4484.1,4372.077777777778,810.2985401306851,4831.45274458786,4687.688570063994,-0.7818314824680299,-0.7818314824680299,,810.2985401306854,3537.3499010923997,,11995.0548143808
2013-08-19,4035,0,19,5461.0,4669.0,4309.0,3971.0,3876.0,4499.0,3803.0,5348.0,3651.0,4399.857142857143,782.2864838773171,4575.785714285715,4442.892857142857,4464.233333333334,4490.5,4378.155555555555,798.7402013141638,4632.3395584408945,4600.663427388795,0.0,0.0,,798.7402013141642,3486.892092464459,,11995.0548143808
2013-08-20,3403,1,20,4035.0,5395.0,3630.0,3686.0,3585.0,3980.0,3738.0,5723.0,4694.0,4367.428571428572,823.1560923548739,4534.571428571428,4430.928571428572,4386.9,4468.983333333334,4378.833333333333,784.8544934330553,4325.004668830671,4440.974970403623,0.7818314824680298,0.7818314824680298,,784.8544934330557,3426.2741782424796,,11995.0548143808
2013-08-21,4080,2,21,3403.0,5461.0,3649.0,3593.0,3459.0,4206.0,3540.0,3803.0,5018.0,4429.0,775.1832041524074,4525.571428571428,4450.214285714285,4396.133333333333,4453.35,4385.788888888889,779.3585219570741,4263.753501623003,4392.844974349807,0.9749279121818236,0.9749279121818236,,779.3585219570747,3402.281571574532,,11995.0548143808
2013-08-22,3709,3,22,4080.0,4035.0,3960.0,3712.0,4220.0,4075.0,3610.0,3738.0,5295.0,4393.142857142857,805.6977159728099,4499.428571428572,4453.75,4395.166666666667,4426.916666666667,4379.455555555555,780.2204853418777,4125.065126217252,4301.665644436499,0.43388373911755823,0.43388373911755823,,780.2204853418782,3406.044463820997,,11995.0548143808
2013-08-23,4201,4,23,3709.0,3403.0,4669.0,4527.0,5125.0,4630.0,4135.0,3540.0,3834.0,4326.285714285715,798.376000450434,4468.785714285715,4456.107142857143,4417.2,4433.033333333334,4374.811111111111,764.411037651045,4144.04884466294,4288.243558511632,-0.433883739117558,-0.433883739117558,,764.4110376510455,3337.0284833448713,,11995.0548143808
2013-08-24,5424,5,24,4201.0,4080.0,5395.0,5348.0,5650.0,6031.0,4507.0,3610.0,3552.0,4330.428571428572,804.8945804975201,4425.428571428572,4488.857142857143,4477.666666666667,4464.233333333334,4387.644444444444,770.0826347657792,4464.036633497205,4439.6777507100805,-0.9749279121818236,-0.9749279121818236,,770.0826347657796,3361.787781923399,,11995.0548143808
2013-08-25,6644,6,25,5424.0,3709.0,5461.0,5723.0,5328.0,6031.0,5068.0,4135.0,3564.0,4499.428571428572,1137.367260700904,4469.214285714285,4545.142857142857,4561.3,4515.566666666667,4414.0,862.3051364081336,5009.0274751229035,4733.587383948737,-0.7818314824680299,-0.7818314824680299,,862.3051364081341,3764.3841595627596,,11995.0548143808
2013-08-26,3729,0,26,6644.0,4201.0,4035.0,3803.0,4499.0,4309.0,3876.0,4507.0,3466.0,4455.714285714285,1163.7665450718903,4427.785714285715,4539.892857142857,4535.366666666667,4519.95,4417.2444444444445,875.5910903334114,4689.020606342177,4599.642399422239,0.0,0.0,,875.5910903334119,3822.383854090063,,11995.0548143808
2013-08-27,3421,1,27,3729.0,5424.0,3403.0,3738.0,3980.0,3630.0,3585.0,5068.0,4707.0,4458.285714285715,1161.069580786855,4412.857142857143,4534.035714285715,4480.466666666666,4498.516666666666,4422.433333333333,892.5134494623891,4372.0154547566335,4442.490079499274,0.7818314824680298,0.7818314824680298,,892.5134494623895,3896.2582379455303,,11995.0548143808
2013-08-28,3354,2,28,3421.0,6644.0,4080.0,3540.0,4206.0,3649.0,3459.0,3876.0,5266.0,4354.571428571428,1230.8226052986997,4391.785714285715,4530.285714285715,4463.066666666667,4466.65,4422.944444444444,909.628417251381,4117.511591067475,4297.358068899371,0.9749279121818236,0.9749279121818236,,909.6284172513815,3970.973452915344,,11995.0548143808
2013-08-29,3499,3,29,3354.0,3729.0,3709.0,3610.0,4075.0,3960.0,4220.0,3585.0,5524.0,4324.571428571428,1251.5647349275541,4358.857142857143,4504.535714285715,4460.2,4432.9,4414.822222222222,912.6216272271586,3962.883693300606,4190.910326379455,0.43388373911755823,0.43388373911755823,,912.621627227159,3984.0402801245573,,11995.0548143808
2013-08-30,5022,4,30,3499.0,3421.0,4201.0,4135.0,4630.0,4669.0,5125.0,3459.0,4838.0,4441.857142857143,1276.2791529248093,4384.071428571428,4500.857142857143,4512.3,4435.966666666666,4409.977777777778,897.9911354297061,4227.6627699754545,4301.722282862194,-0.433883739117558,-0.433883739117558,,897.9911354297066,3920.1710194144184,,11995.0548143808
2013-08-31,6305,5,31,5022.0,3354.0,5424.0,4507.0,6031.0,5395.0,5650.0,4220.0,4425.0,4567.714285714285,1424.1457924297042,4449.071428571428,4524.25,4581.8,4467.3,4415.666666666667,953.5538029772633,4746.997077481591,4568.825978480569,-0.9749279121818236,-0.9749279121818236,,953.5538029772637,4162.729270256241,,11995.0548143808
2013-09-01,5846,6,1,6305.0,3499.0,6644.0,5068.0,6031.0,5461.0,5328.0,5125.0,5104.0,4453.714285714285,1251.747274051448,4476.571428571428,4542.75,4605.833333333333,4479.666666666667,4431.322222222222,976.5260059158039,5021.747808111193,4739.115848016493,-0.7818314824680299,-0.7818314824680299,,976.5260059158043,4263.014184726672,,11995.0548143808
2013-09-02,5649,0,2,5846.0,5022.0,3729.0,3876.0,4309.0,4035.0,4499.0,5650.0,4425.0,4728.0,1276.5902501063752,4591.857142857143,4583.821428571428,4605.8,4500.066666666667,4452.955555555555,976.489151024707,5178.560856083394,4860.433734947628,0.0,0.0,,976.4891510247074,4262.853295080548,,11995.0548143808
2013-09-03,4195,1,3,5649.0,6305.0,3421.0,3585.0,3630.0,3403.0,3980.0,5328.0,4715.0,4838.571428571428,1173.907556999674,4648.428571428572,4591.5,4568.033333333334,4491.4,4454.966666666666,969.4789742996921,4932.670642062546,4771.709236954611,0.7818314824680298,0.7818314824680298,,969.4789742996926,4232.250441049894,,11995.0548143808
2013-09-04,3678,2,4,4195.0,5846.0,3354.0,3459.0,3649.0,4080.0,4206.0,4499.0,4727.0,4884.857142857143,1110.2800590498775,4619.714285714285,4572.642857142857,4540.666666666667,4473.916666666667,4462.733333333334,982.9884179811303,4619.002981546909,4625.8813386939955,0.9749279121818236,0.9749279121818236,,982.9884179811307,4291.225777797559,,11995.0548143808
2013-09-05,3723,3,5,3678.0,5649.0,3499.0,4220.0,3960.0,3709.0,4075.0,3980.0,5851.0,4916.857142857143,1066.0264894412644,4620.714285714285,4560.071428571428,4532.1,4438.45,4452.566666666667,989.1436683069411,4395.002236160181,4505.497160201462,0.43388373911755823,0.43388373911755823,,989.1436683069415,4318.096459469643,,11995.0548143808
2013-09-06,4470,4,6,3723.0,4195.0,5022.0,5125.0,4669.0,4201.0,4630.0,4206.0,4244.0,4838.0,1077.3093025372627,4639.928571428572,4554.357142857143,4540.9,4442.216666666666,4441.211111111111,987.3151105833409,4413.751677120136,4500.764205507934,-0.433883739117558,-0.433883739117558,,987.3151105833413,4310.113909628598,,11995.0548143808
2013-09-07,5593,5,7,4470.0,3678.0,6305.0,5650.0,5395.0,5424.0,6031.0,4075.0,3973.0,4736.285714285715,940.6635449308618,4652.0,4538.714285714285,4591.5,4469.216666666666,4438.044444444445,1001.4125110269828,4708.563757840102,4646.395644773544,-0.9749279121818236,-0.9749279121818236,,1001.4125110269831,4371.655965544105,,11995.0548143808
2013-09-08,6429,6,8,5593.0,3723.0,5846.0,5328.0,5461.0,6644.0,6031.0,4630.0,4021.0,4819.571428571428,1071.9412075207028,4636.642857142857,4552.928571428572,4651.466666666666,4509.35,4459.477777777778,1056.164620571582,5138.672818380076,4884.076225470405,-0.7818314824680299,-0.7818314824680299,,1056.1646205715824,4610.675733802545,,11995.0548143808
2013-09-09,4462,0,9,6429.0,4470.0,5649.0,4499.0,4035.0,3729.0,4309.0,6031.0,3804.0,4650.0,1011.0202767501703,4689.0,4558.392857142857,4599.166666666667,4520.316666666667,4467.888888888889,1023.8492980206895,4969.504613785057,4827.799395407685,0.0,0.0,,1023.8492980206898,4469.603527241822,,11995.0548143808
2013-09-10,3997,1,10,4462.0,5593.0,4195.0,3980.0,3403.0,3421.0,3630.0,6031.0,4746.0,4621.714285714285,1028.490433318931,4730.142857142857,4571.5,4531.366666666667,4507.833333333333,4472.711111111111,992.6333310367152,4726.378460338793,4717.02614268666,0.7818314824680298,0.7818314824680298,,992.6333310367156,4333.330546044723,,11995.0548143808
2013-09-11,3542,2,11,3997.0,6429.0,3678.0,4206.0,4080.0,3354.0,3649.0,4309.0,5066.0,4602.285714285715,1050.3411690629682,4743.571428571428,4567.678571428572,4505.8,4482.433333333333,4470.266666666666,1008.3119522763953,4430.283845254095,4560.355990328439,0.9749279121818236,0.9749279121818236,,1008.3119522763958,4401.775405000662,,11995.0548143808
2013-09-12,3647,3,12,3542.0,4462.0,3723.0,4075.0,3709.0,3499.0,3960.0,3630.0,5807.0,4591.428571428572,1061.280807506168,4754.142857142857,4556.5,4506.366666666667,4446.433333333333,4459.888888888889,1007.8074351962131,4234.462883940571,4438.575191617981,0.43388373911755823,0.43388373911755823,,1007.8074351962135,4399.57294090219,,11995.0548143808
2013-09-13,4418,4,13,3647.0,3997.0,4470.0,4630.0,4201.0,5022.0,4669.0,3649.0,3971.0,4584.0,1062.4537636998568,4711.0,4547.535714285715,4532.0,4453.883333333333,4450.022222222222,994.9461603870599,4280.347162955429,4435.831832735584,-0.433883739117558,-0.433883739117558,,994.9461603870602,4343.4271786665295,,11995.0548143808
2013-09-14,5436,5,14,4418.0,3542.0,5593.0,6031.0,5424.0,6305.0,5395.0,3960.0,3686.0,4561.571428571428,1039.001902010263,4648.928571428572,4549.0,4581.2,4483.05,4460.511111111111,1002.1533849149736,4569.260372216571,4569.187588370839,-0.9749279121818236,-0.9749279121818236,,1002.153384914974,4374.890242843906,,11995.0548143808
2013-09-15,5593,6,15,5436.0,3647.0,6429.0,6031.0,6644.0,5846.0,5461.0,4669.0,3593.0,4442.142857142857,811.7740713136474,4630.857142857143,4553.714285714285,4612.0,4516.383333333333,4481.7555555555555,1019.002250344367,4825.195279162429,4705.695909921394,-0.7818314824680299,-0.7818314824680299,,1019.0022503443673,4448.443790713523,,11995.0548143808
2013-09-16,3992,0,16,5593.0,4418.0,4462.0,4309.0,3729.0,5649.0,4035.0,5395.0,3712.0,4375.0,829.1099645603865,4512.5,4552.178571428572,4565.233333333334,4521.05,4486.2555555555555,1014.010463230147,4616.896459371822,4610.536455265208,0.0,0.0,,1014.0104632301474,4426.652195665219,,11995.0548143808
2013-09-17,3685,1,17,3992.0,5436.0,3997.0,3630.0,3421.0,4195.0,3403.0,5461.0,4527.0,4330.428571428572,860.6053793973236,4476.071428571428,4562.25,4506.033333333334,4507.016666666666,4491.4111111111115,1011.7511784655476,4383.922344528866,4487.131594563181,0.7818314824680298,0.7818314824680298,,1011.7511784655479,4416.789311379007,,11995.0548143808
2013-09-18,3405,2,18,3685.0,5593.0,3542.0,3649.0,3354.0,3678.0,4080.0,4035.0,5348.0,4310.857142857143,882.7954516895757,4456.571428571428,4538.142857142857,4485.033333333334,4474.633333333333,4488.677777777778,1028.2684636481472,4139.19175839665,4342.847381954757,0.9749279121818236,0.9749279121818236,,1028.2684636481476,4488.895349108707,,11995.0548143808
2013-09-19,3516,3,19,3405.0,3992.0,3647.0,3960.0,3499.0,3723.0,3709.0,3403.0,5723.0,4292.142857142857,900.4264598087965,4441.785714285715,4531.25,4488.8,4437.85,4475.5888888888885,1024.3677410800794,3983.3938187974873,4232.60106436079,0.43388373911755823,0.43388373911755823,,1024.36774108008,4471.866785058576,,11995.0548143808
2013-09-20,4490,4,20,3516.0,3685.0,4418.0,4669.0,5022.0,4470.0,4201.0,4080.0,3803.0,4302.428571428572,902.5125774087278,4443.214285714285,4541.571428571428,4502.466666666666,4449.3,4469.722222222223,1021.4565237370825,4110.045364098115,4266.920922446017,-0.433883739117558,-0.433883739117558,,1021.4565237370829,4459.157895840229,,11995.0548143808
2013-09-21,5681,5,21,4490.0,3405.0,5436.0,5395.0,6305.0,5593.0,5424.0,3709.0,3738.0,4337.428571428572,956.9111517695593,4449.5,4550.75,4568.2,4481.683333333333,4474.011111111111,1032.031054063642,4502.7840230735865,4455.464799453215,-0.9749279121818236,-0.9749279121818236,,1032.0310540636422,4505.320898674617,,11995.0548143808
2013-09-22,5987,6,22,5681.0,3516.0,5593.0,5461.0,5846.0,6429.0,6644.0,4201.0,3540.0,4393.714285714285,1050.120900069081,4417.928571428572,4527.285714285715,4627.733333333334,4522.466666666666,4497.933333333333,1061.2189781285563,4873.838017305189,4659.669492859453,-0.7818314824680299,-0.7818314824680299,,1061.2189781285565,4632.740479471918,,11995.0548143808
2013-09-23,3793,0,23,5987.0,4490.0,3992.0,4035.0,5649.0,4462.0,3729.0,5424.0,3610.0,4365.285714285715,1065.3911197749069,4370.142857142857,4529.571428571428,4573.366666666667,4525.516666666666,4500.611111111111,1060.7975686289928,4603.628512978891,4544.113560478193,0.0,0.0,,1060.7975686289933,4630.900820657577,,11995.0548143808
2013-09-24,3596,1,24,3793.0,5681.0,3685.0,3403.0,4195.0,3997.0,3421.0,6644.0,4135.0,4352.571428571428,1075.3472086017666,4341.5,4535.821428571428,4471.766666666666,4516.533333333334,4500.966666666666,999.8534266144369,4351.721384734168,4417.6984190811,0.7818314824680298,0.7818314824680298,,999.8534266144374,4364.849798656993,,11995.0548143808
2013-09-25,3131,2,25,3596.0,5987.0,3405.0,4080.0,3678.0,3542.0,3354.0,3729.0,4507.0,4313.428571428572,1119.661385887542,4312.142857142857,4527.857142857143,4451.833333333333,4493.6,4497.2444444444445,1020.911225271348,4046.541038550626,4246.138629870286,0.9749279121818236,0.9749279121818236,,1020.9112252713484,4456.777401024675,,11995.0548143808
2013-09-26,3393,3,26,3131.0,3793.0,3516.0,3709.0,3723.0,3647.0,3499.0,3421.0,5068.0,4295.857142857143,1135.1200272175927,4294.0,4524.071428571428,4450.9,4465.683333333333,4482.644444444444,1021.8984479541116,3883.1557789129697,4132.3868125542485,0.43388373911755823,0.43388373911755823,,1021.8984479541119,4461.087111441612,,11995.0548143808
2013-09-27,3952,4,27,3393.0,3596.0,4490.0,4201.0,4470.0,4418.0,5022.0,3354.0,3876.0,4219.0,1137.99399529757,4260.714285714285,4485.857142857143,4470.833333333333,4466.95,4468.044444444445,1005.4645206564169,3900.3668341847274,4108.335237547016,-0.433883739117558,-0.433883739117558,,1005.4645206564172,4389.344971696816,,11995.0548143808
2013-09-28,5467,5,28,3952.0,3131.0,5681.0,5424.0,5593.0,5436.0,6305.0,3499.0,3585.0,4188.428571428572,1094.2044076470715,4262.928571428572,4455.928571428572,4536.433333333333,4498.316666666667,4467.4111111111115,1004.0709441665603,4292.025125638545,4289.490539207413,-0.9749279121818236,-0.9749279121818236,,1004.0709441665606,4383.261327935389,,11995.0548143808
2013-09-29,5932,6,29,5467.0,3393.0,5987.0,6644.0,6429.0,5593.0,5846.0,5022.0,3459.0,4180.571428571428,1079.2319579439873,4287.142857142857,4459.0,4566.766666666666,4539.533333333334,4479.566666666667,1032.5866978156046,4702.018844228909,4508.491800646424,-0.7818314824680299,-0.7818314824680299,,1032.5866978156048,4507.746555730263,,11995.0548143808
2013-09-30,4027,0,30,5932.0,3952.0,3793.0,3729.0,4462.0,3992.0,5649.0,6305.0,4220.0,4214.0,1068.799950099796,4289.642857142857,4401.071428571428,4490.833333333333,4536.316666666667,4475.144444444444,982.9185984934641,4533.264133171681,4444.292893893567,0.0,0.0,,982.9185984934644,4290.920981545858,,11995.0548143808
2013-10-01,4303,1,1,4027.0,5467.0,3596.0,3421.0,3997.0,3685.0,4195.0,5846.0,5125.0,4315.0,1033.4884292208237,4333.785714285715,4404.928571428572,4439.4,4522.616666666667,4466.2444444444445,949.3588253712779,4475.698099878761,4425.453841374425,0.7818314824680298,0.7818314824680298,,949.3588253712783,4144.416138879718,,11995.0548143808
2013-10-02,3386,2,2,4303.0,5932.0,3131.0,3354.0,3542.0,3405.0,3678.0,5649.0,5650.0,4351.428571428572,988.3054280168712,4332.428571428572,4394.5,4363.966666666666,4484.883333333333,4454.7,939.7908235102165,4203.273574909071,4286.859995857835,0.9749279121818236,0.9749279121818236,,939.7908235102168,4102.647125657235,,11995.0548143808
2013-10-03,3907,3,3,3386.0,4027.0,3393.0,3499.0,3647.0,3516.0,3723.0,4195.0,5328.0,4424.857142857143,922.1058197718602,4360.357142857143,4401.071428571428,4354.366666666667,4461.2,4445.722222222223,943.0416849430451,4129.205181181803,4236.211996410124,0.43388373911755823,0.43388373911755823,,943.0416849430455,4116.8387276389285,,11995.0548143808
2013-10-04,4522,4,4,3907.0,4303.0,3952.0,5022.0,4418.0,4490.0,4470.0,3678.0,4499.0,4506.285714285715,898.2486133741385,4362.642857142857,4402.928571428572,4382.5,4461.583333333333,4443.444444444444,934.7207862649947,4227.403885886352,4274.317063555441,-0.433883739117558,-0.433883739117558,,934.7207862649951,4080.5139304708937,,11995.0548143808
2013-10-05,5577,5,5,4522.0,3386.0,5467.0,6305.0,5436.0,5681.0,5593.0,3723.0,3980.0,4522.0,918.5887727015414,4355.214285714285,4402.357142857143,4444.3,4488.2,4440.4,950.7655409158933,4564.802914414764,4448.008121748048,-0.9749279121818236,-0.9749279121818236,,950.7655409158937,4150.557141048879,,11995.0548143808
2013-10-06,5627,6,6,5577.0,3907.0,5932.0,5846.0,5593.0,5987.0,6429.0,4470.0,4206.0,4478.428571428572,844.8340778209707,4329.5,4373.714285714285,4482.866666666667,4511.883333333333,4455.766666666666,975.0012460940986,4830.3521858110735,4605.207038848308,-0.7818314824680299,-0.7818314824680299,,975.001246094099,4256.357861486069,,11995.0548143808
2013-10-07,4418,0,7,5627.0,4522.0,4027.0,5649.0,3992.0,3793.0,4462.0,5593.0,4075.0,4534.285714285715,822.6472946704208,4374.142857142857,4372.142857142857,4443.7,4517.6,4460.711111111111,952.2022803788113,4727.264139358304,4580.2461003352,0.0,0.0,,952.2022803788117,4156.829212323041,,11995.0548143808
2013-10-08,3938,1,8,4418.0,5577.0,4303.0,4195.0,3685.0,3596.0,3997.0,6429.0,4630.0,4482.142857142857,850.8351639362746,4398.571428571428,4370.035714285715,4360.666666666667,4506.066666666667,4459.788888888889,878.8995208873877,4529.9481045187285,4494.613286957174,0.7818314824680298,0.7818314824680298,,878.8995208873881,3836.826773475049,,11995.0548143808
2013-10-09,3839,2,9,3938.0,5627.0,3386.0,3678.0,3405.0,3131.0,3542.0,4462.0,6031.0,4546.857142857143,766.6279907428809,4449.142857142857,4380.642857142857,4339.9,4469.533333333334,4460.177777777778,883.7692923319711,4357.211078389047,4407.198182029551,0.9749279121818236,0.9749279121818236,,883.7692923319715,3858.0857103787994,,11995.0548143808
2013-10-10,4004,3,10,3839.0,4418.0,3907.0,3723.0,3516.0,3393.0,3647.0,3997.0,6031.0,4560.714285714285,753.9057664999619,4492.785714285715,4393.392857142857,4340.133333333333,4435.75,4451.933333333333,883.6765570451962,4268.908308791785,4353.438424425611,0.43388373911755823,0.43388373911755823,,883.6765570451967,3857.680875442965,,11995.0548143808
2013-10-11,4236,4,11,4004.0,3938.0,4522.0,4470.0,4490.0,3952.0,4418.0,3542.0,4309.0,4519.857142857143,764.0352148453632,4513.071428571428,4386.892857142857,4363.266666666666,4434.533333333334,4442.711111111111,871.0559558150711,4260.681231593839,4337.779967835529,-0.433883739117558,-0.433883739117558,,871.0559558150716,3802.58577122877,,11995.0548143808
2013-10-12,5169,5,12,4236.0,3839.0,5577.0,5593.0,5681.0,5467.0,5436.0,3647.0,3630.0,4461.571428571428,680.9984966069628,4491.785714285715,4377.357142857143,4414.0,4460.183333333333,4435.622222222222,872.222053346976,4487.760923695379,4448.609305457458,-0.9749279121818236,-0.9749279121818236,,872.2220533469765,3807.6763579506505,,11995.0548143808
2013-10-13,5602,6,13,5169.0,4004.0,5627.0,6429.0,5987.0,5932.0,5593.0,4418.0,3649.0,4458.0,673.8963817482065,4468.214285714285,4377.678571428572,4453.466666666666,4492.733333333334,4453.7444444444445,898.7916690578544,4766.320692771534,4602.394731396464,-0.7818314824680299,-0.7818314824680299,,898.7916690578548,3923.6657406931895,,11995.0548143808
2013-10-14,4027,0,14,5602.0,4236.0,4418.0,4462.0,3793.0,4027.0,3992.0,5436.0,3960.0,4402.142857142857,693.6784626351038,4468.214285714285,4378.928571428572,4406.5,4493.85,4457.533333333334,882.341975692505,4581.49051957865,4525.675433876934,0.0,0.0,,882.3419756925055,3851.8547743430163,,11995.0548143808
2013-10-15,3182,1,15,4027.0,5169.0,3938.0,3997.0,3596.0,4303.0,3685.0,5593.0,4669.0,4294.142857142857,824.5009457385733,4388.142857142857,4360.964285714285,4326.133333333333,4469.066666666667,4452.966666666666,880.3437311967745,4231.617889683987,4346.51870936001,0.7818314824680298,0.7818314824680298,,880.3437311967749,3843.1314586522453,,11995.0548143808
2013-10-16,3311,2,16,3182.0,5602.0,3839.0,3542.0,3131.0,3386.0,3405.0,3992.0,5395.0,4218.714285714285,894.2780541281501,4382.785714285715,4357.607142857143,4303.433333333333,4434.333333333333,4448.511111111111,897.862199830823,4001.4634172629903,4208.449548112008,0.9749279121818236,0.9749279121818236,,897.8621998308233,3919.608152390268,,11995.0548143808
2013-10-17,3294,3,17,3311.0,4027.0,4004.0,3647.0,3393.0,3907.0,3516.0,3685.0,5461.0,4117.285714285715,960.5015554881892,4339.0,4349.678571428572,4290.4,4398.216666666666,4434.811111111111,909.9060049977809,3824.5975629472427,4086.522941697074,0.43388373911755823,0.43388373911755823,,909.9060049977813,3972.1852593528997,,11995.0548143808
2013-10-18,4141,4,18,3294.0,3182.0,4236.0,4418.0,3952.0,4522.0,4490.0,3405.0,4035.0,4103.714285714285,959.2149071481484,4311.785714285715,4337.214285714285,4314.933333333333,4399.983333333334,4421.4,895.0104963103697,3903.698172210432,4093.7865494707976,-0.433883739117558,-0.433883739117558,,895.0104963103702,3907.1590701490577,,11995.0548143808
2013-10-19,4958,5,19,4141.0,3311.0,5169.0,5436.0,5467.0,5577.0,5681.0,3516.0,3403.0,4073.5714285714284,922.78290280774,4267.571428571428,4311.392857142857,4363.0,4425.9,4412.9,889.3274870992869,4167.273629157824,4209.015009541358,-0.9749279121818236,-0.9749279121818236,,889.3274870992874,3882.349952181884,,11995.0548143808
2013-10-20,5762,6,20,4958.0,3294.0,5602.0,5593.0,5932.0,5627.0,5987.0,4490.0,4080.0,4096.428571428572,967.8334665879313,4277.214285714285,4303.357142857143,4405.4,4453.933333333333,4434.666666666667,925.1903289743004,4565.955221868368,4416.079674935844,-0.7818314824680299,-0.7818314824680299,,925.1903289743008,4038.9088176822597,,11995.0548143808
2013-10-21,3614,0,21,5762.0,4141.0,4027.0,3992.0,4027.0,4418.0,3793.0,5681.0,3709.0,4037.4285714285716,985.2038464437766,4219.785714285715,4296.964285714285,4336.5,4452.35,4433.288888888889,903.6340329565,4327.966416401277,4309.135718277732,0.0,0.0,,903.6340329565005,3944.805030238454,,11995.0548143808
2013-10-22,3262,1,22,3614.0,4958.0,3182.0,3685.0,4303.0,3938.0,3596.0,5987.0,4201.0,4048.8571428571427,974.0274514563075,4171.5,4285.035714285715,4245.666666666667,4436.7,4430.2,868.2713437841702,4061.474812300957,4169.517622507367,0.7818314824680298,0.7818314824680298,,868.2713437841707,3790.4295761916924,,11995.0548143808
2013-10-23,3247,2,23,3262.0,5762.0,3311.0,3405.0,3386.0,3839.0,3131.0,3793.0,5424.0,4039.714285714286,982.3724199246255,4129.214285714285,4289.178571428572,4227.466666666666,4400.416666666667,4426.166666666667,883.6727719105522,3857.856109225718,4046.5152728397184,0.9749279121818236,0.9749279121818236,,883.6727719105527,3857.664351476802,,11995.0548143808
2013-10-24,2978,3,24,3247.0,3614.0,3294.0,3516.0,3907.0,4004.0,3393.0,3596.0,6644.0,3994.5714285714284,1028.5277272462222,4055.9285714285716,4274.357142857143,4206.866666666667,4339.316666666667,4413.311111111111,905.82664602211,3637.8920819192886,3904.046569794423,0.43388373911755823,0.43388373911755823,,905.8266460221105,3954.3768599118953,,11995.0548143808
2013-10-25,3846,4,25,2978.0,3262.0,4141.0,4490.0,4522.0,4236.0,3952.0,3131.0,3729.0,3952.4285714285716,1027.5712233454249,4028.0714285714284,4270.571428571428,4230.7,4341.266666666666,4405.966666666666,885.726475643107,3689.9190614394665,3896.307027155166,-0.433883739117558,-0.433883739117558,,885.7264756431075,3866.629773892662,,11995.0548143808
2013-10-26,5188,5,26,3846.0,3247.0,4958.0,5681.0,5577.0,5169.0,5467.0,3393.0,3421.0,3985.285714285714,1067.967027313374,4029.4285714285716,4260.607142857143,4290.533333333334,4370.716666666666,4407.3,887.8123339027637,4064.4392960796,4068.532756867811,-0.9749279121818236,-0.9749279121818236,,887.8123339027642,3875.7355665642117,,11995.0548143808
2013-10-27,5346,6,27,5188.0,2978.0,5762.0,5987.0,5627.0,5602.0,5932.0,3952.0,3354.0,3925.8571428571427,958.595227154717,4011.1428571428573,4239.678571428572,4337.0,4403.916666666667,4423.633333333333,905.7810879623909,4384.8294720597,4238.861722618769,-0.7818314824680299,-0.7818314824680299,,905.7810879623913,3954.177976673113,,11995.0548143808
2013-10-28,3795,0,28,5346.0,3846.0,3614.0,3793.0,4418.0,4027.0,4027.0,5467.0,3499.0,3951.714285714286,951.1937612435047,3994.5714285714284,4231.392857142857,4281.266666666666,4408.85,4425.966666666666,885.0563953717826,4237.3721040447745,4179.680159602934,0.0,0.0,,885.0563953717831,3863.704545394643,,11995.0548143808
2013-10-29,3256,1,29,3795.0,5188.0,3262.0,3596.0,3938.0,3182.0,4303.0,5932.0,5022.0,3950.8571428571427,951.9212902636104,3999.8571428571427,4194.0,4192.066666666667,4379.416666666667,4423.711111111111,846.9819007687662,3992.029078033581,4056.5228049892094,0.7818314824680298,0.7818314824680298,,846.9819007687666,3697.490732771457,,11995.0548143808
2013-10-30,3620,2,30,3256.0,5346.0,3247.0,3131.0,3839.0,3311.0,3386.0,4027.0,6305.0,4004.1428571428573,915.7056347559533,4021.9285714285716,4202.357142857143,4178.5,4334.666666666667,4417.044444444445,852.955581573811,3899.021808525186,3998.3197643239814,0.9749279121818236,0.9749279121818236,,852.9555815738114,3723.5687745774735,,11995.0548143808
2013-10-31,2886,3,31,3620.0,3795.0,2978.0,3393.0,4004.0,3294.0,3907.0,4303.0,5846.0,3991.0,933.3779156018891,3992.785714285714,4165.892857142857,4131.266666666666,4285.333333333333,4392.166666666667,884.4750998749696,3645.7663563938895,3850.0104624141172,0.43388373911755823,0.43388373911755823,,884.47509987497,3861.166905912008,,11995.0548143808
2013-11-01,4300,4,1,2886.0,3256.0,3846.0,3952.0,4236.0,4141.0,4522.0,3386.0,5649.0,4055.8571428571427,937.3879361593771,4004.1428571428573,4157.964285714285,4161.733333333334,4262.85,4377.166666666667,873.5932902567397,3809.324767295417,3910.0090674255684,-0.433883739117558,-0.433883739117558,,873.5932902567401,3813.6624785060994,,11995.0548143808
2013-11-02,5260,5,2,4300.0,3620.0,5188.0,5467.0,5169.0,4958.0,5577.0,3907.0,4195.0,4066.1428571428573,952.1597254962721,4025.714285714286,4146.642857142857,4206.833333333333,4280.6,4376.4111111111115,894.6598692291851,4171.993575471563,4090.007858435493,-0.9749279121818236,-0.9749279121818236,,894.6598692291856,3905.628411250488,,11995.0548143808
2013-11-03,5921,6,3,5260.0,2886.0,5346.0,5932.0,5602.0,5762.0,5627.0,4522.0,3678.0,4148.285714285715,1095.055358461494,4037.0714285714284,4157.142857142857,4253.466666666666,4317.983333333334,4392.211111111111,946.6068161426916,4609.245181603673,4334.140143977427,-0.7818314824680299,-0.7818314824680299,,946.6068161426921,4132.402271039139,,11995.0548143808
2013-11-04,3901,0,4,5921.0,4300.0,3795.0,4027.0,4027.0,3614.0,4418.0,5577.0,3723.0,4163.428571428572,1090.0773454427956,4057.5714285714284,4138.678571428572,4197.6,4320.95,4391.333333333333,914.7211596984008,4432.183886202754,4276.388124780437,0.0,0.0,,914.7211596984013,3993.205767425437,,11995.0548143808
2013-11-05,3661,1,5,3901.0,5260.0,3256.0,4303.0,3182.0,3262.0,3938.0,5627.0,4470.0,4221.285714285715,1043.6464462459962,4086.0714285714284,4128.785714285715,4132.066666666667,4307.466666666666,4385.277777777777,878.4909841286872,4239.387914652066,4194.336374809712,0.7818314824680298,0.7818314824680298,,878.4909841286876,3835.0433104778813,,11995.0548143808
2013-11-06,3393,2,6,3661.0,5921.0,3620.0,3386.0,3311.0,3247.0,3839.0,4418.0,5593.0,4188.857142857143,1068.670424495068,4096.5,4112.857142857143,4097.9,4270.8,4377.7,886.8791990982144,4027.790935989049,4087.4915248350835,0.9749279121818236,0.9749279121818236,,886.8791990982148,3871.6619762205264,,11995.0548143808
2013-11-07,3371,3,7,3393.0,3901.0,2886.0,3907.0,3294.0,2978.0,4004.0,3938.0,6429.0,4258.142857142857,982.360156047907,4124.571428571428,4090.25,4079.0,4219.833333333333,4363.711111111111,896.3948098758718,3863.593201991787,3991.959321523739,0.43388373911755823,0.43388373911755823,,896.3948098758723,3913.202276709963,,11995.0548143808
2013-11-08,3978,4,8,3371.0,3661.0,4300.0,4522.0,4141.0,3846.0,4236.0,3839.0,4462.0,4212.142857142857,987.5985062381382,4134.0,4081.035714285714,4083.633333333333,4211.766666666666,4340.9,895.4702668713023,3892.19490149384,3990.098078653907,-0.433883739117558,-0.433883739117558,,895.4702668713027,3909.166193780278,,11995.0548143808
2013-11-09,5072,5,9,3978.0,3393.0,5260.0,5577.0,4958.0,5188.0,5169.0,4004.0,3997.0,4185.285714285715,956.4173974239651,4125.714285714285,4077.5714285714284,4119.233333333334,4229.683333333333,4330.2444444444445,913.2482641396094,4187.14617612038,4134.35166816672,-0.9749279121818236,-0.9749279121818236,,913.2482641396099,3986.7758570884766,,11995.0548143808
2013-11-10,5559,6,10,5072.0,3371.0,5921.0,5627.0,5762.0,5346.0,5602.0,4236.0,3542.0,4133.571428571428,850.888918943563,4140.928571428572,4076.035714285714,4163.333333333333,4263.3,4344.133333333333,950.2739834795796,4530.109632090284,4324.304779077824,-0.7818314824680299,-0.7818314824680299,,950.2739834795799,4148.411252141755,,11995.0548143808
2013-11-11,4190,0,11,5559.0,3978.0,3901.0,4418.0,3614.0,3795.0,4027.0,5169.0,3647.0,4174.857142857143,844.7124616442777,4169.142857142857,4081.8571428571427,4130.7,4272.35,4350.355555555556,931.1653118168767,4445.082224067713,4306.397475200781,0.0,0.0,,931.1653118168772,4064.9925435196624,,11995.0548143808
2013-11-12,3103,1,12,4190.0,5072.0,3661.0,3938.0,3262.0,3256.0,3182.0,5602.0,4418.0,4095.1428571428573,923.9032107624347,4158.214285714285,4079.035714285714,4047.4,4250.433333333333,4344.288888888889,906.4571656197742,4109.561668050784,4145.944478507344,0.7818314824680298,0.7818314824680298,,906.4571656197746,3957.129386697979,,11995.0548143808
2013-11-13,2966,2,13,3103.0,5559.0,3393.0,3839.0,3247.0,3620.0,3311.0,4027.0,5436.0,4034.1428571428573,989.7385898258538,4111.5,4066.714285714286,4012.0333333333333,4209.266666666666,4333.2444444444445,927.7291327096219,3823.6712510380876,3988.618548039698,0.9749279121818236,0.9749279121818236,,927.7291327096223,4049.991939145843,,11995.0548143808
2013-11-14,3127,3,14,2966.0,4190.0,3371.0,4004.0,2978.0,2886.0,3294.0,3182.0,5593.0,3999.285714285714,1020.7953948246591,4128.714285714285,4060.75,4010.2,4168.166666666667,4316.111111111111,929.4786599542408,3649.5034382785657,3873.736074967738,0.43388373911755823,0.43388373911755823,,929.4786599542412,4057.6294822478126,,11995.0548143808
2013-11-15,3817,4,15,3127.0,3103.0,3978.0,4236.0,3846.0,4300.0,4141.0,3311.0,3992.0,3976.285714285714,1023.1659549792327,4094.214285714286,4049.1785714285716,4027.0666666666666,4165.25,4298.577777777778,920.9046876187282,3691.3775787089244,3866.1712649720394,-0.433883739117558,-0.433883739117558,,920.9046876187286,4020.199894644085,,11995.0548143808
2013-11-16,5298,5,16,3817.0,2966.0,5072.0,5169.0,5188.0,5260.0,4958.0,3294.0,3685.0,4008.5714285714284,1066.1655370442932,4096.928571428572,4061.3214285714284,4093.866666666667,4192.133333333333,4296.766666666666,938.4123692240158,4093.0331840316935,4057.0817629757676,-0.9749279121818236,-0.9749279121818236,,938.4123692240162,4096.629497719555,,11995.0548143808
2013-11-17,5251,6,17,5298.0,3127.0,5559.0,5602.0,5346.0,5921.0,5762.0,4141.0,3405.0,3964.5714285714284,995.5318272398994,4049.0714285714284,4043.0714285714284,4130.866666666667,4222.9,4310.277777777777,961.9230284402518,4382.52488802377,4216.270861245665,-0.7818314824680299,-0.7818314824680299,,961.9230284402521,4199.26503750438,,11995.0548143808
2013-11-18,3633,0,18,5251.0,3817.0,4190.0,4027.0,3795.0,3901.0,3614.0,4958.0,3516.0,3885.0,996.7699500553414,4029.9285714285716,4043.75,4086.7,4224.85,4312.833333333333,953.0130494456935,4195.143666017827,4138.501413079577,0.0,0.0,,953.0130494456939,4160.368616303804,,11995.0548143808
2013-11-19,3128,1,19,3633.0,5298.0,3103.0,3182.0,3256.0,3661.0,3262.0,5762.0,4490.0,3888.5714285714284,993.5406143590441,3991.8571428571427,4038.964285714286,3998.9,4202.15,4302.2555555555555,913.8775421624888,3928.35774951337,4003.7678913356335,0.7818314824680298,0.7818314824680298,,913.8775421624892,3989.5229637926714,,11995.0548143808
2013-11-20,3015,2,20,3128.0,5251.0,2966.0,3311.0,3620.0,3393.0,3247.0,3614.0,5681.0,3895.5714285714284,986.1020665804733,3964.8571428571427,4030.6785714285716,3978.9333333333334,4157.716666666666,4294.544444444445,928.9954505412944,3700.0183121350274,3871.9321724908823,0.9749279121818236,0.9749279121818236,,928.9954505412949,4055.520036550407,,11995.0548143808
2013-11-21,3063,3,21,3015.0,3633.0,3127.0,3294.0,2886.0,3371.0,2978.0,3262.0,5987.0,3886.4285714285716,994.6751324164154,3942.8571428571427,4033.714285714286,3972.3,4108.983333333334,4281.9,934.9822845454233,3540.7637341012705,3764.074549492098,0.43388373911755823,0.43388373911755823,,934.9822845454237,4081.6554985110643,,11995.0548143808
2013-11-22,3792,4,22,3063.0,3128.0,3817.0,4141.0,4300.0,3978.0,3846.0,3247.0,3793.0,3882.8571428571427,995.0107919969867,3929.5714285714284,4031.785714285714,3990.4666666666667,4108.966666666666,4263.766666666666,925.6518945505612,3603.572800575953,3767.7979428931517,-0.433883739117558,-0.433883739117558,,925.6518945505617,4040.923777434342,,11995.0548143808
2013-11-23,5196,5,23,3792.0,3015.0,5298.0,4958.0,5260.0,5072.0,5188.0,2978.0,3596.0,3868.285714285714,971.2970219051942,3938.4285714285716,4032.0714285714284,4064.4,4135.633333333333,4247.677777777778,930.5606244958227,4001.679600431965,3958.2248838407318,-0.9749279121818236,-0.9749279121818236,,930.5606244958232,4062.352787270099,,11995.0548143808
2013-11-24,5120,6,24,5196.0,3063.0,5251.0,5762.0,5921.0,5559.0,5346.0,3846.0,3131.0,3849.5714285714284,941.0052881790555,3907.0714285714284,4024.0,4106.866666666667,4168.783333333334,4263.133333333333,949.1346233982407,4281.259700323974,4113.128232661968,-0.7818314824680299,-0.7818314824680299,,949.1346233982412,4143.437387483943,,11995.0548143808
2013-11-25,3906,0,25,5120.0,3792.0,3633.0,3614.0,3901.0,4190.0,3795.0,5188.0,3393.0,3888.5714285714284,936.1783763690266,3886.785714285714,4027.964285714286,4064.133333333333,4177.333333333333,4268.522222222222,927.3907309306463,4187.4447752429805,4085.5111349737053,0.0,0.0,,927.3907309306468,4048.514649677698,,11995.0548143808
2013-11-26,3993,1,26,3906.0,5196.0,3128.0,3262.0,3661.0,3103.0,3256.0,5346.0,3952.0,4012.1428571428573,874.0830297272317,3950.3571428571427,4054.285714285714,4019.0333333333333,4178.016666666666,4275.622222222222,895.2443505135473,4138.833581432235,4073.176316977211,0.7818314824680298,0.7818314824680298,,895.2443505135477,3908.179958255738,,11995.0548143808
2013-11-27,4342,2,27,3993.0,5120.0,3015.0,3247.0,3393.0,2966.0,3620.0,3795.0,5467.0,4201.714285714285,757.9662952677367,4048.6428571428573,4080.0714285714284,4037.266666666667,4159.266666666666,4284.988888888889,896.0940888611756,4189.625186074177,4109.019474713583,0.9749279121818236,0.9749279121818236,,896.094088861176,3911.889482228782,,11995.0548143808
2013-11-28,2297,3,28,4342.0,3906.0,3063.0,2978.0,3371.0,3127.0,2886.0,3256.0,5932.0,4092.285714285714,974.2109139000129,3989.3571428571427,4059.035714285714,4005.3,4098.683333333333,4254.711111111111,940.9102031250451,3716.4688895556324,3867.416878085105,0.43388373911755823,0.43388373911755823,,940.9102031250455,4107.53376579503,,11995.0548143808
2013-11-29,2563,4,29,2297.0,3993.0,3792.0,3846.0,3978.0,3817.0,4300.0,3620.0,4027.0,3916.714285714286,1134.8485529334885,3899.785714285714,3997.0,3970.0666666666666,4074.2833333333333,4213.133333333333,975.0080435860297,3428.1016671667244,3693.4946276737573,-0.433883739117558,-0.433883739117558,,975.00804358603,4256.387535866829,,11995.0548143808
2013-11-30,3368,5,30,2563.0,4342.0,5196.0,5188.0,5072.0,5298.0,5260.0,2886.0,4303.0,3655.5714285714284,992.8438711000576,3761.9285714285716,3929.4285714285716,3986.133333333333,4058.7,4185.6,960.3899974106471,3413.0762503750434,3650.095343983923,-0.9749279121818236,-0.9749279121818236,,960.3899974106474,4192.57260639119,,11995.0548143808
2013-12-01,4744,6,1,3368.0,2297.0,5120.0,5346.0,5559.0,5251.0,5921.0,4300.0,3386.0,3601.8571428571427,906.8593107664526,3725.714285714286,3887.3928571428573,4000.9333333333334,4081.3333333333335,4175.544444444445,968.778076196776,3745.8071877812827,3795.9492981194,-0.7818314824680299,-0.7818314824680299,,968.7780761967764,4229.190677626617,,11995.0548143808
2013-12-02,4572,0,2,4744.0,2563.0,3906.0,3795.0,4190.0,3633.0,3901.0,5260.0,3907.0,3697.0,976.3599063187006,3792.785714285714,3911.3571428571427,3978.0,4092.4166666666665,4179.733333333334,945.8163414342786,3952.355390835962,3899.422725036813,0.0,0.0,,945.816341434279,4128.951461870496,,11995.0548143808
2013-12-03,4085,1,3,4572.0,3368.0,3993.0,3256.0,3103.0,3128.0,3661.0,5921.0,4522.0,3710.1428571428573,981.6135404817611,3861.1428571428573,3926.5,3916.8,4085.133333333333,4184.2555555555555,872.300264658978,3985.5165431269716,3924.166361698571,0.7818314824680298,0.7818314824680298,,872.3002646589786,3808.017788624745,,11995.0548143808
2013-12-04,3734,2,4,4085.0,4744.0,4342.0,3620.0,2966.0,3015.0,3393.0,3901.0,5577.0,3623.285714285714,942.5061828772797,3912.5,3938.6785714285716,3911.233333333333,4054.4166666666665,4184.377777777778,872.9372013330911,3922.637407345229,3898.8108468054284,0.9749279121818236,0.9749279121818236,,872.9372013330915,3810.798329091734,,11995.0548143808
2013-12-05,3761,3,5,3734.0,4572.0,2297.0,2886.0,3127.0,3063.0,3371.0,3661.0,5627.0,3832.4285714285716,739.7807912129196,3962.3571428571427,3952.6071428571427,3914.5666666666666,4023.3166666666666,4176.5,872.1392914426835,3882.228055508922,3880.436067231371,0.43388373911755823,0.43388373911755823,,872.139291442684,3807.31506171295,,11995.0548143808
2013-12-06,4295,4,6,3761.0,4085.0,2563.0,4300.0,3817.0,3792.0,3978.0,3393.0,4418.0,4079.8571428571427,492.8878941407151,3998.285714285714,3963.9285714285716,3944.633333333333,4021.266666666667,4162.077777777778,869.0811431237701,3985.4210416316914,3935.7112582671884,-0.433883739117558,-0.433883739117558,,869.0811431237705,3793.9647468380276,,11995.0548143808
2013-12-07,5736,5,7,4295.0,3734.0,3368.0,5260.0,5298.0,5196.0,5072.0,3371.0,3938.0,4418.142857142857,694.3388770553373,4036.8571428571427,3987.6428571428573,4023.4666666666667,4051.233333333333,4154.377777777778,920.9675846380313,4423.065781223769,4175.749757164896,-0.9749279121818236,-0.9749279121818236,,920.9675846380317,4020.4744709317015,,11995.0548143808
2013-12-08,5314,6,8,5736.0,3761.0,4744.0,5921.0,5251.0,5120.0,5559.0,3978.0,3839.0,4499.571428571428,768.3967849019213,4050.714285714286,3978.8928571428573,4068.0,4075.8166666666666,4163.844444444445,950.5201842620924,4645.799335917826,4327.516456209577,-0.7818314824680299,-0.7818314824680299,,950.5201842620928,4149.4860391129005,,11995.0548143808
2013-12-09,3941,0,9,5314.0,4295.0,4572.0,3901.0,3633.0,3906.0,4190.0,5072.0,4004.0,4409.428571428572,795.0343508601436,4053.214285714286,3970.0,4030.3,4074.766666666667,4163.222222222223,931.5660581459813,4469.599501938369,4275.9809287149665,0.0,0.0,,931.5660581459816,4066.7419974769555,,11995.0548143808
2013-12-10,4110,1,10,3941.0,5736.0,4085.0,3661.0,3128.0,3993.0,3103.0,5559.0,4236.0,4413.0,793.388513487134,4061.5714285714284,4005.964285714286,3982.0,4072.6666666666665,4169.533333333334,886.0233903661054,4379.699626453777,4253.850138219637,0.7818314824680298,0.7818314824680298,,886.0233903661059,3867.92595204678,,11995.0548143808
2013-12-11,3264,2,11,4110.0,5314.0,3734.0,3393.0,3015.0,4342.0,2966.0,4190.0,5169.0,4345.857142857143,876.0132092937491,3984.5714285714284,4016.6071428571427,3951.133333333333,4040.9166666666665,4165.277777777777,894.6153761613722,4100.774719840332,4121.870119790352,0.9749279121818236,0.9749279121818236,,894.6153761613726,3905.4341772228645,,11995.0548143808
2013-12-12,3346,3,12,3264.0,3941.0,3761.0,3371.0,3063.0,2297.0,3127.0,3103.0,5602.0,4286.571428571428,934.2954309965043,4059.5,4024.4285714285716,3959.233333333333,4003.3166666666666,4153.366666666667,887.7451359690839,3912.081039880249,4018.4207704849714,0.43388373911755823,0.43388373911755823,,887.7451359690843,3875.4422146793404,,11995.0548143808
2013-12-13,3870,4,13,3346.0,4110.0,4295.0,3978.0,3792.0,2563.0,3817.0,2966.0,4027.0,4225.857142857143,947.3739896104747,4152.857142857143,4026.3214285714284,3989.366666666667,4000.7,4135.966666666666,867.9913587418717,3901.5607799101867,3998.6313344203086,-0.433883739117558,-0.433883739117558,,867.9913587418722,3789.2073043836726,,11995.0548143808
2013-12-14,5189,5,14,3870.0,3264.0,5736.0,5072.0,5196.0,3368.0,5298.0,3127.0,3182.0,4147.714285714285,815.4215094631917,4282.928571428572,4022.4285714285716,4058.1,4034.15,4131.477777777778,878.9212961508972,4223.42058493264,4157.347156497601,-0.9749279121818236,-0.9749279121818236,,878.9212961508975,3836.9218331628135,,11995.0548143808
2013-12-15,5034,6,15,5189.0,3346.0,5314.0,5559.0,5120.0,4744.0,5251.0,3817.0,3311.0,4107.714285714285,753.165921136835,4303.642857142857,4014.6785714285716,4098.666666666667,4062.866666666667,4143.055555555556,895.3415581481258,4426.06543869948,4274.23420229792,-0.7818314824680299,-0.7818314824680299,,895.3415581481263,3908.604317179681,,11995.0548143808
2013-12-16,3934,0,16,5034.0,3870.0,3941.0,4190.0,3906.0,4572.0,3633.0,5298.0,3294.0,4106.714285714285,753.4287655524556,4258.071428571428,4025.4285714285716,4053.2,4073.5333333333333,4145.822222222222,866.5061991142562,4303.04907902461,4228.86964199153,0.0,0.0,,866.5061991142567,3782.7238553810307,,11995.0548143808
2013-12-17,3360,1,17,3934.0,5189.0,4110.0,3103.0,3993.0,4085.0,3128.0,5251.0,4141.0,3999.5714285714284,804.4815840326066,4206.285714285715,4033.714285714286,3990.1666666666665,4060.516666666667,4145.322222222222,844.8783255933704,4067.2868092684575,4113.02035639266,0.7818314824680298,0.7818314824680298,,844.878325593371,3688.307597087384,,11995.0548143808
2013-12-18,3366,2,18,3360.0,5034.0,3264.0,2966.0,4342.0,3734.0,3015.0,3633.0,4958.0,4014.1428571428573,789.7262033074937,4180.0,4046.25,3981.266666666667,4033.983333333333,4143.655555555555,850.1602661621546,3891.9651069513434,4013.417642206972,0.9749279121818236,0.9749279121818236,,850.160266162155,3711.365854042346,,11995.0548143808
2013-12-19,3628,3,19,3366.0,3934.0,3346.0,3127.0,2297.0,3761.0,3063.0,3128.0,5762.0,4054.4285714285716,756.453976820541,4170.5,4066.4285714285716,3997.9333333333334,3998.4166666666665,4134.077777777778,837.6651019282658,3825.9738302135074,3962.028623246042,0.43388373911755823,0.43388373911755823,,837.6651019282663,3656.8183437386115,,11995.0548143808
2013-12-20,3807,4,20,3628.0,3360.0,3870.0,3817.0,2563.0,4295.0,3792.0,3015.0,3614.0,4045.4285714285716,759.3830515936023,4135.642857142857,4066.964285714286,4024.3333333333335,4001.633333333333,4113.2555555555555,817.864980566333,3821.230372660131,3941.35814014657,-0.433883739117558,-0.433883739117558,,817.8649805663334,3570.3811186018675,,11995.0548143808
2013-12-21,5223,5,21,3807.0,3366.0,5189.0,5298.0,3368.0,5736.0,5196.0,3063.0,3262.0,4050.285714285714,767.9767171569921,4099.0,4067.9285714285716,4096.333333333333,4034.3166666666666,4104.766666666666,825.3590789440616,4171.6727794950975,4112.243721460361,-0.9749279121818236,-0.9749279121818236,,825.359078944062,3603.0965276052702,,11995.0548143808
2013-12-22,5193,6,22,5223.0,3628.0,5034.0,5251.0,4744.0,5314.0,5120.0,3792.0,3247.0,4073.0,803.4529648129125,4090.3571428571427,4070.535714285714,4143.033333333334,4066.75,4120.322222222222,846.8998834830868,4427.0045846213225,4256.344558598979,-0.7818314824680299,-0.7818314824680299,,846.8998834830871,3697.132687158614,,11995.0548143808
2013-12-23,4676,0,23,5193.0,3807.0,3934.0,3633.0,4572.0,3941.0,3906.0,5196.0,2978.0,4179.0,830.5476105156916,4142.857142857143,4098.035714285715,4125.7,4095.05,4132.322222222222,829.7536880054274,4489.253438465991,4312.2986174524485,0.0,0.0,,829.753688005428,3622.2811480367163,,11995.0548143808
2013-12-24,3373,1,24,4676.0,5223.0,3360.0,3128.0,4085.0,4110.0,3993.0,5120.0,3846.0,4180.857142857143,828.422884878531,4090.214285714286,4075.8928571428573,4067.4666666666667,4087.1666666666665,4135.011111111111,818.7971721955256,4210.190078849493,4187.058801792122,0.7818314824680298,0.7818314824680298,,818.797172195526,3574.450591523282,,11995.0548143808
2013-12-25,0,2,25,3373.0,5193.0,3366.0,3015.0,3734.0,3264.0,4342.0,3906.0,5188.0,3700.0,1794.1904395390497,3857.0714285714284,3920.8214285714284,3937.266666666667,4000.7,4097.311111111111,1105.6607926962647,3157.64255913712,3628.7842948865054,0.9749279121818236,0.9749279121818236,,1105.6607926962652,4826.750761583616,,11995.0548143808
2013-12-26,3472,3,26,0.0,4676.0,3628.0,3063.0,3761.0,3346.0,2297.0,3993.0,5346.0,3677.714285714286,1796.2015212001963,3866.0714285714284,3962.785714285714,3919.9,3969.4666666666667,4091.9777777777776,1108.8423086792939,3236.23191935284,3607.8797222349713,0.43388373911755823,0.43388373911755823,,1108.8423086792943,4840.6396367210145,,11995.0548143808
2013-12-27,3980,4,27,3472.0,3373.0,3807.0,3792.0,4295.0,3870.0,2563.0,4342.0,3795.0,3702.4285714285716,1799.4640736566396,3873.9285714285716,4013.3928571428573,3907.8333333333335,3972.55,4075.4555555555557,1106.0567137461685,3422.17393951463,3657.4957592703086,-0.433883739117558,-0.433883739117558,,1106.0567137461687,4828.479150834435,,11995.0548143808
2013-12-28,4438,5,28,3980.0,0.0,5223.0,5196.0,5736.0,5189.0,3368.0,2297.0,3256.0,3590.285714285714,1711.2043238886567,3820.285714285714,4051.6071428571427,3979.2,3992.25,4058.8555555555554,1066.9159356730452,3676.130454635973,3761.5629913676007,-0.9749279121818236,-0.9749279121818236,,1066.9159356730454,4657.610488744396,,11995.0548143808
2013-12-29,4162,6,29,4438.0,3472.0,5193.0,5120.0,5314.0,5034.0,4744.0,2563.0,3620.0,3443.0,1590.3686155521716,3758.0,4030.8214285714284,4032.5,4001.2833333333333,4060.3555555555554,1033.1329236506892,3797.5978409769796,3814.9545925185876,-0.7818314824680299,-0.7818314824680299,,1033.1329236506897,4510.13109896713,,11995.0548143808
2013-12-30,4160,0,30,4162.0,3980.0,4676.0,3906.0,3941.0,3934.0,4572.0,3368.0,2886.0,3369.285714285714,1534.6768079181695,3774.1428571428573,4016.1071428571427,4058.9,4022.516666666667,4058.766666666667,1025.6592951146881,3888.1983807327347,3860.960646849442,0.0,0.0,,1025.6592951146886,4477.505050846197,,11995.0548143808
2013-12-31,4027,1,31,4160.0,4438.0,3373.0,3993.0,4110.0,3360.0,4085.0,4744.0,4300.0,3462.714285714286,1554.7169854227172,3821.785714285714,4014.035714285714,4035.0,4017.9666666666667,4065.8888888888887,1017.4656140932013,3922.898785549551,3883.0992272695166,0.7818314824680298,0.7818314824680298,,1017.4656140932017,4441.735621042875,,11995.0548143808
2014-01-01,2791,2,1,4027.0,4162.0,0.0,4342.0,3264.0,3366.0,3734.0,4572.0,5260.0,3861.4285714285716,555.4079153027502,3780.714285714286,3980.3571428571427,3975.633333333333,3976.8166666666666,4053.488888888889,1036.8268396421288,3639.9240891621635,3737.485996966914,0.9749279121818236,0.9749279121818236,,1036.826839642129,4526.256851044696,,11995.0548143808
2014-01-02,4278,3,2,2791.0,4160.0,3472.0,2297.0,3346.0,3628.0,3761.0,4085.0,5921.0,3976.5714285714284,544.6619309696731,3827.1428571428573,3998.8214285714284,3982.0666666666666,3949.4333333333334,4050.777777777778,1038.1267922472646,3799.4430668716227,3809.5545307046586,0.43388373911755823,0.43388373911755823,,1038.1267922472648,4531.93178070514,,11995.0548143808
2014-01-03,4549,4,3,4278.0,4027.0,3980.0,2563.0,3870.0,3807.0,4295.0,3734.0,3901.0,4057.8571428571427,586.1386151674957,3880.1428571428573,4007.8928571428573,4009.233333333333,3960.233333333333,4039.3555555555554,1042.0676622195242,3986.832300153717,3908.1472599440376,-0.433883739117558,-0.433883739117558,,1042.0676622195244,4549.135607833277,,11995.0548143808
2014-01-04,4909,5,4,4549.0,2791.0,4438.0,3368.0,5189.0,5223.0,5736.0,3761.0,3661.0,4125.142857142857,659.4941062590849,3857.714285714286,3978.3571428571427,4047.5,3981.0333333333333,4031.3777777777777,1053.651704214011,4217.374225115288,4041.594291951499,-0.9749279121818236,-0.9749279121818236,,1053.6517042140115,4599.705623418941,,11995.0548143808
2014-01-05,5265,6,5,4909.0,4278.0,4162.0,4744.0,5034.0,5193.0,5314.0,4295.0,3393.0,4282.714285714285,788.850369057337,3862.8571428571427,3976.6071428571427,4079.8333333333335,4012.233333333333,4040.788888888889,1076.1515430821757,4479.280668836466,4204.715053024633,-0.7818314824680299,-0.7818314824680299,,1076.1515430821762,4697.928437422853,,11995.0548143808
2014-01-06,4179,0,6,5265.0,4549.0,4160.0,4572.0,3934.0,4676.0,3941.0,5736.0,3371.0,4285.428571428572,788.39031305203,3827.3571428571427,3985.1071428571427,4027.9333333333334,4025.7,4043.4666666666667,1030.0836903841303,4404.21050162735,4201.286379288014,0.0,0.0,,1030.0836903841307,4496.819702661108,,11995.0548143808
2014-01-07,3872,1,7,4179.0,4909.0,4027.0,4085.0,3360.0,3373.0,4110.0,5314.0,3978.0,4263.285714285715,798.964061412379,3863.0,3976.6071428571427,3979.866666666667,4023.9333333333334,4043.8333333333335,1001.2429424895056,4271.157876220513,4157.381528716279,0.7818314824680298,0.7818314824680298,,1001.242942489506,4370.915715846535,,11995.0548143808
2014-01-08,3406,2,8,3872.0,5265.0,2791.0,3734.0,3366.0,0.0,3264.0,3941.0,5072.0,4351.142857142857,624.9457119279518,4106.285714285715,3981.6785714285716,3962.0333333333333,3996.1666666666665,4037.188888888889,1006.7086515945853,4054.8684071653843,4057.1973248874415,0.9749279121818236,0.9749279121818236,,1006.7086515945856,4394.776212447127,,11995.0548143808
2014-01-09,3250,3,9,3406.0,4179.0,4278.0,3761.0,3628.0,3472.0,3346.0,4110.0,5559.0,4204.285714285715,752.7216648681622,4090.4285714285716,3978.25,3933.366666666667,3957.6833333333334,4026.233333333333,1014.5637922307953,3853.651305374038,3949.571014902449,0.43388373911755823,0.43388373911755823,,1014.5637922307958,4429.06774769793,,11995.0548143808
2014-01-10,3960,4,10,3250.0,3872.0,4549.0,4295.0,3807.0,3980.0,3870.0,3264.0,4190.0,4120.142857142857,740.5883761288295,4089.0,3981.464285714286,3956.5666666666666,3953.85,4012.8,1006.6564898244748,3880.2384790305287,3950.961546248789,-0.433883739117558,-0.433883739117558,,1006.6564898244752,4394.548500778894,,11995.0548143808
2014-01-11,5369,5,11,3960.0,3406.0,4909.0,5736.0,5223.0,4438.0,5189.0,3346.0,3103.0,4185.857142857143,836.4555036125968,4155.5,3987.8928571428573,4024.0,3991.616666666667,4010.211111111111,1031.7898743579397,4252.428859272896,4140.033340082284,-0.9749279121818236,-0.9749279121818236,,1031.7898743579399,4504.268031162386,,11995.0548143808
2014-01-12,4860,6,12,5369.0,3250.0,5265.0,5314.0,5193.0,4162.0,5034.0,3870.0,2966.0,4128.0,759.8721383671469,4205.357142857143,3981.6785714285716,4057.0,4023.1833333333334,4019.4666666666667,1042.4710365611854,4404.3216444546715,4236.0288947379795,-0.7818314824680299,-0.7818314824680299,,1042.4710365611859,4550.896534352224,,11995.0548143808
2014-01-13,3578,0,13,4860.0,3960.0,4179.0,3941.0,4676.0,4160.0,3934.0,5189.0,3127.0,4042.1428571428573,786.6313046935038,4163.785714285715,3968.964285714286,4003.3,4030.7,4023.866666666667,1023.4683476398652,4197.741233341004,4148.291708772916,0.0,0.0,,1023.4683476398657,4467.940492292119,,11995.0548143808
2014-01-14,3023,1,14,3578.0,5369.0,3872.0,4110.0,3373.0,4027.0,3360.0,5034.0,3817.0,3920.8571428571427,877.4456162770459,4092.0714285714284,3956.9285714285716,3936.266666666667,4017.4666666666667,4020.6666666666665,1019.4822530911472,3904.0559250057527,3998.25281426986,0.7818314824680298,0.7818314824680298,,1019.4822530911475,4450.539237742927,,11995.0548143808
2014-01-15,3145,2,15,3023.0,4860.0,3406.0,3264.0,0.0,2791.0,3366.0,3934.0,5298.0,3883.5714285714284,907.9840044741692,4117.357142857143,3949.035714285714,3909.9666666666667,3981.5833333333335,4019.011111111111,1029.66892849053,3714.2919437543146,3884.485772367212,0.9749279121818236,0.9749279121818236,,1029.6689284905303,4495.009063901884,,11995.0548143808
2014-01-16,3029,3,16,3145.0,3578.0,3250.0,3346.0,3472.0,4278.0,3628.0,3360.0,5251.0,3852.0,937.0620754962445,4028.1428571428573,3927.6428571428573,3898.9333333333334,3944.55,4006.6555555555556,1037.5088178547796,3542.968957815736,3770.4210027182503,0.43388373911755823,0.43388373911755823,,1037.50881785478,4529.2340198825905,,11995.0548143808
2014-01-17,3987,4,17,3029.0,3023.0,3960.0,3870.0,3980.0,4549.0,3807.0,3366.0,3633.0,3855.8571428571427,937.6361107543119,3988.0,3934.0714285714284,3919.633333333333,3950.45,3995.866666666667,1032.6930806636406,3653.976718361802,3799.298202355817,-0.433883739117558,-0.433883739117558,,1032.693080663641,4508.210968953713,,11995.0548143808
2014-01-18,5288,5,18,3987.0,3145.0,5369.0,5189.0,4438.0,4909.0,5223.0,3628.0,3128.0,3844.285714285714,916.1025623596414,4015.0714285714284,3936.3928571428573,3974.9666666666667,3986.45,3990.6,1060.6230921859787,4062.4825387713513,3997.7917753750417,-0.9749279121818236,-0.9749279121818236,,1060.6230921859792,4630.1391455491175,,11995.0548143808
2014-01-19,4659,6,19,5288.0,3029.0,4860.0,5034.0,4162.0,5265.0,5193.0,3807.0,3015.0,3815.5714285714284,881.4548309741205,3971.785714285714,3917.3214285714284,4003.366666666667,4013.85,4002.211111111111,1067.3559172192633,4211.611904078513,4085.9528719917025,-0.7818314824680299,-0.7818314824680299,,1067.3559172192638,4659.531223636436,,11995.0548143808
2014-01-20,3898,0,20,4659.0,3987.0,3578.0,3934.0,4160.0,4179.0,4676.0,5223.0,3063.0,3861.285714285714,875.3572059994904,3951.714285714286,3889.535714285714,3959.2,4027.766666666667,4009.277777777778,1042.2668729662018,4133.208928058885,4060.892489059476,0.0,0.0,,1042.266872966202,4550.005260288708,,11995.0548143808
2014-01-21,3005,1,21,3898.0,5288.0,3023.0,3360.0,4027.0,3872.0,3373.0,5193.0,3792.0,3858.714285714286,878.2518079088902,3889.785714285714,3876.3928571428573,3886.266666666667,4014.65,4006.588888888889,1029.428094768564,3851.1566960441637,3920.1068238515454,0.7818314824680298,0.7818314824680298,,1029.4280947685645,4493.957706778078,,11995.0548143808
2014-01-22,2985,2,22,3005.0,4659.0,3145.0,3366.0,2791.0,3406.0,0.0,4676.0,5196.0,3835.8571428571427,901.6918225519954,3859.714285714286,3983.0,3829.9,3977.8,4006.6666666666665,1030.9893256746925,3634.617522033123,3795.4259140046724,0.9749279121818236,0.9749279121818236,,1030.9893256746927,4500.773244160738,,11995.0548143808
2014-01-23,2786,3,23,2985.0,3898.0,3029.0,3628.0,4278.0,3250.0,3472.0,3373.0,5120.0,3801.1428571428573,941.72137219941,3826.5714285714284,3958.5,3810.3333333333335,3938.9,3994.8888888888887,1045.4287136874916,3422.4631415248423,3660.8357921373827,0.43388373911755823,0.43388373911755823,,1045.4287136874918,4563.808243274362,,11995.0548143808
2014-01-24,3751,4,24,2786.0,3005.0,3987.0,3807.0,4549.0,3960.0,3980.0,0.0,3906.0,3767.4285714285716,938.1763972627693,3811.6428571428573,3950.3214285714284,3935.366666666667,3936.3166666666666,3978.9222222222224,759.0964448893592,3504.5973561436317,3672.857686519065,-0.433883739117558,-0.433883739117558,,759.0964448893596,3313.827683579313,,11995.0548143808
2014-01-25,4606,5,25,3751.0,2985.0,5288.0,5223.0,4909.0,5369.0,4438.0,3472.0,3993.0,3670.0,775.2062091254588,3757.1428571428573,3956.3214285714284,3973.1666666666665,3946.5333333333333,3970.7,763.4488481084683,3779.948017107724,3797.276661649856,-0.9749279121818236,-0.9749279121818236,,763.4488481084687,3332.8280548426587,,11995.0548143808
2014-01-26,5103,6,26,4606.0,2786.0,4659.0,5193.0,5265.0,4860.0,4162.0,3980.0,4342.0,3733.4285714285716,880.6128277404035,3774.5,3989.9285714285716,4010.6,3959.2166666666667,3985.233333333333,790.8356383576414,4110.711012830793,3971.373106763209,-0.7818314824680299,-0.7818314824680299,,790.835638357642,3452.3848045852,,11995.0548143808
2014-01-27,3382,0,27,5103.0,3751.0,3898.0,4676.0,4179.0,3578.0,4160.0,4438.0,2297.0,3659.714285714286,886.1203293544484,3760.5,3962.1428571428573,3975.4,3977.3,3986.633333333333,794.648158968301,3928.5332596230946,3892.7900258614477,0.0,0.0,,794.6481589683016,3469.0283239019877,,11995.0548143808
2014-01-28,2778,1,28,3382.0,4606.0,3005.0,3373.0,3872.0,3023.0,4027.0,4162.0,2563.0,3627.285714285714,917.6658277546187,3743.0,3917.535714285714,3929.266666666667,3980.883333333333,3977.277777777778,823.1060573274752,3640.899944717321,3744.151355746588,0.7818314824680298,0.7818314824680298,,823.1060573274757,3593.2609850269687,,11995.0548143808
2014-01-29,2527,2,29,2778.0,5103.0,2985.0,0.0,3406.0,3145.0,2791.0,4160.0,3368.0,3561.8571428571427,984.9530324794553,3698.8571428571427,3908.1071428571427,3874.8333333333335,3966.866666666667,3973.288888888889,860.4695623995522,3362.4249585379907,3581.8645083137094,0.9749279121818236,0.9749279121818236,,860.4695623995526,3756.370980202155,,11995.0548143808
2014-01-30,2741,3,30,2527.0,3382.0,2786.0,3472.0,3250.0,3029.0,4278.0,4027.0,4744.0,3555.4285714285716,990.9892123770156,3678.285714285714,3853.214285714286,3831.9666666666667,3933.483333333333,3955.9666666666667,884.3295720227879,3207.0687189034934,3469.7492405385483,0.43388373911755823,0.43388373911755823,,884.3295720227884,3860.531605577593,,11995.0548143808
2014-01-31,4212,4,31,2741.0,2778.0,3751.0,3980.0,3960.0,3987.0,4549.0,2791.0,4572.0,3621.285714285714,1021.0154609155386,3694.3571428571427,3841.1785714285716,3879.3333333333335,3927.483333333333,3944.322222222222,864.4837141057128,3458.3015391776203,3568.716008466742,-0.433883739117558,-0.433883739117558,,864.4837141057133,3773.894717982143,,11995.0548143808
2014-02-01,6272,5,1,4212.0,2527.0,4606.0,4438.0,5369.0,5288.0,4909.0,4278.0,4085.0,3859.285714285714,1409.1931159692892,3764.6428571428573,3889.8571428571427,3945.8,3963.9333333333334,3948.222222222222,966.7937554190279,4161.7261543832155,3929.15387400451,-0.9749279121818236,-0.9749279121818236,,966.7937554190282,4220.528145782772,,11995.0548143808
2014-02-02,4896,6,2,6272.0,2741.0,5103.0,4162.0,4860.0,4659.0,5265.0,4549.0,3734.0,3829.714285714286,1380.6267555336,3781.5714285714284,3876.6785714285716,3957.366666666667,3983.3,3959.277777777778,976.2883789386005,4345.294615787411,4058.0666908039084,-0.7818314824680299,-0.7818314824680299,,976.2883789386009,4261.97682661398,,11995.0548143808
2014-02-03,3975,0,3,4896.0,4212.0,3382.0,4160.0,3578.0,3898.0,4179.0,4909.0,3761.0,3914.4285714285716,1366.6995350286818,3787.0714285714284,3869.3928571428573,3926.233333333333,3986.866666666667,3962.766666666667,959.6453613393935,4252.720961840559,4046.991132030054,0.0,0.0,,959.645361339394,4189.321905319244,,11995.0548143808
2014-02-04,3340,1,4,3975.0,6272.0,2778.0,4027.0,3023.0,3005.0,3872.0,5265.0,4295.0,3994.714285714286,1303.8777696146342,3811.0,3850.3928571428573,3862.0666666666666,3970.95,3962.177777777778,930.9711256433219,4024.5407213804187,3952.7256477593796,0.7818314824680298,0.7818314824680298,,930.9711256433222,4064.144825786261,,11995.0548143808
2014-02-05,3352,2,5,3340.0,4896.0,2527.0,2791.0,3145.0,2985.0,3406.0,4179.0,5736.0,4112.571428571428,1180.5540870205593,3837.214285714286,3848.464285714286,3834.5,3931.2166666666667,3961.9666666666667,933.5034768972715,3856.405541035314,3872.628894724796,0.9749279121818236,0.9749279121818236,,933.5034768972719,4075.199779009113,,11995.0548143808
2014-02-06,3446,3,6,3352.0,3975.0,2741.0,4278.0,3029.0,2786.0,3250.0,3872.0,5314.0,4213.285714285715,1068.8275062400064,3884.3571428571427,3855.464285714286,3820.3,3900.0833333333335,3956.0555555555557,936.149676729829,3753.8041557764855,3815.745042094823,0.43388373911755823,0.43388373911755823,,936.1496767298295,4086.7517370250544,,11995.0548143808
2014-02-07,4113,4,7,3446.0,3340.0,4212.0,4549.0,3987.0,3751.0,3960.0,3406.0,3941.0,4199.142857142857,1069.502131612557,3910.214285714286,3860.9285714285716,3843.866666666667,3902.95,3945.4,934.2575415927736,3843.6031168323643,3855.37903648218,-0.433883739117558,-0.433883739117558,,934.257541592774,4078.4916406427546,,11995.0548143808
2014-02-08,5560,5,8,4113.0,3352.0,6272.0,4909.0,5288.0,4606.0,5369.0,3250.0,4110.0,4097.428571428572,851.0565702197944,3978.3571428571427,3867.75,3920.866666666667,3927.116666666667,3945.411111111111,977.8026644342395,4272.702337624273,4082.661831617889,-0.9749279121818236,-0.9749279121818236,,977.8026644342399,4268.587424292411,,11995.0548143808
2014-02-09,5485,6,9,5560.0,3446.0,4896.0,5265.0,4659.0,5103.0,4860.0,3960.0,3264.0,4181.571428571428,964.6987193147986,4005.6428571428573,3890.0714285714284,3971.7,3964.133333333333,3959.8,1018.692608707096,4575.776753218205,4269.640254068838,-0.7818314824680299,-0.7818314824680299,,1018.6926087070965,4447.092053346704,,11995.0548143808
2014-02-10,4150,0,10,5485.0,4113.0,3975.0,4179.0,3898.0,3382.0,3578.0,5369.0,3346.0,4206.571428571428,960.7125579733058,4060.5,3910.5,3931.0666666666666,3977.5333333333333,3971.4333333333334,984.7827673403715,4469.332564913654,4253.688220192993,0.0,0.0,,984.7827673403718,4299.0589913775975,,11995.0548143808
2014-02-11,3372,1,11,4150.0,5560.0,3340.0,3872.0,3005.0,2778.0,3023.0,4860.0,3870.0,4211.142857142857,955.9662526420426,4102.928571428572,3922.964285714286,3881.4666666666667,3969.233333333333,3975.9444444444443,973.7936740091377,4194.999423685241,4136.1297908339275,0.7818314824680298,0.7818314824680298,,973.7936740091382,4251.086218031535,,11995.0548143808
2014-02-12,3366,2,12,3372.0,5485.0,3352.0,3406.0,2985.0,2527.0,3145.0,3578.0,5189.0,4213.142857142857,953.881618890487,4162.857142857143,3930.8571428571427,3874.4,3938.85,3978.6,976.8362937706456,3987.7495677639304,4033.445818722737,0.9749279121818236,0.9749279121818236,,976.836293770646,4264.368743149617,,11995.0548143808
2014-02-13,3760,3,13,3366.0,4150.0,3446.0,3250.0,2786.0,2741.0,3029.0,3023.0,5034.0,4258.0,918.5210939330642,4235.642857142857,3956.964285714286,3898.9666666666667,3917.616666666667,3977.9666666666667,963.8672996135687,3930.8121758229477,3996.9863762263717,0.43388373911755823,0.43388373911755823,,963.8672996135691,4207.7527332140635,,11995.0548143808
2014-02-14,3504,4,14,3760.0,3372.0,4113.0,3960.0,3751.0,4212.0,3987.0,3145.0,3934.0,4171.0,962.3403763741775,4185.071428571428,3939.714285714286,3910.9333333333334,3910.45,3958.0333333333333,956.383306987864,3824.1091318672106,3931.2548593961887,-0.433883739117558,-0.433883739117558,,956.3833069878643,4175.081440766661,,11995.0548143808
2014-02-15,4740,5,15,3504.0,3366.0,5560.0,5369.0,4606.0,6272.0,5288.0,3029.0,3360.0,4053.8571428571427,801.5585710708464,4075.6428571428573,3920.1428571428573,3967.9666666666667,3933.45,3952.3555555555554,952.9873713145645,4053.081848900408,4039.08754481003,-0.9749279121818236,-0.9749279121818236,,952.9873713145648,4160.256518687788,,11995.0548143808
2014-02-16,4759,6,16,4740.0,3760.0,5485.0,4860.0,5103.0,4896.0,4659.0,3987.0,3366.0,3950.1428571428573,609.4720197491741,4065.8571428571427,3923.714285714286,3993.7,3956.6666666666665,3964.866666666667,963.8798805545831,4229.561386675306,4135.0758721686925,-0.7818314824680299,-0.7818314824680299,,963.8798805545835,4207.807655182016,,11995.0548143808
2014-02-17,3801,0,17,4759.0,3504.0,4150.0,3578.0,3382.0,3975.0,3898.0,5288.0,3628.0,3900.285714285714,604.6538167375057,4053.4285714285716,3920.25,3944.133333333333,3959.55,3972.3444444444444,932.7579326489408,4122.421040006479,4090.5324225462005,0.0,0.0,,932.7579326489413,4071.945113299525,,11995.0548143808
2014-02-18,2898,1,18,3801.0,4740.0,3372.0,3023.0,2778.0,3340.0,3005.0,4659.0,3807.0,3832.5714285714284,693.6655911755664,4021.8571428571427,3916.4285714285716,3885.4333333333334,3944.4,3971.0444444444443,941.588411558678,3816.3157800048593,3931.5280995400403,0.7818314824680298,0.7818314824680298,,941.5884115586784,4110.494477701588,,11995.0548143808
2014-02-19,2863,2,19,2898.0,4759.0,3366.0,3145.0,2527.0,3352.0,2985.0,3898.0,5223.0,3760.714285714286,771.7153435228352,3986.9285714285716,3912.0714285714284,3850.9333333333334,3905.0666666666666,3968.822222222222,959.8954301285083,3577.9868350036445,3789.0576862680346,0.9749279121818236,0.9749279121818236,,959.8954301285088,4190.413578033228,,11995.0548143808
2014-02-20,2907,3,20,2863.0,3801.0,3760.0,3029.0,2741.0,3446.0,2786.0,3005.0,5193.0,3638.8571428571427,836.4758272202529,3948.4285714285716,3916.3928571428573,3847.6666666666665,3866.9666666666667,3958.988888888889,963.0351564941245,3410.2401262527337,3671.44999476563,0.43388373911755823,0.43388373911755823,,963.0351564941249,4204.120021027779,,11995.0548143808
2014-02-21,3689,4,21,2907.0,2898.0,3504.0,3987.0,4212.0,4113.0,3751.0,2985.0,4676.0,3665.285714285714,834.4248946201818,3918.1428571428573,3914.1785714285716,3871.133333333333,3850.516666666667,3942.2444444444445,949.7753902655132,3479.9300946895505,3673.789995463546,-0.433883739117558,-0.433883739117558,,949.7753902655137,4146.234648619579,,11995.0548143808
2014-02-22,4653,5,22,3689.0,2863.0,4740.0,5288.0,6272.0,5560.0,4606.0,2786.0,3373.0,3652.8571428571427,816.1981843832251,3853.3571428571427,3915.8571428571427,3933.366666666667,3871.85,3937.0555555555557,937.3060620858986,3773.197571017163,3804.35132940174,-0.9749279121818236,-0.9749279121818236,,937.306062085899,4091.7999253437174,,11995.0548143808
2014-02-23,4885,6,23,4653.0,2907.0,4759.0,4659.0,4896.0,5485.0,5103.0,3751.0,0.0,3670.8571428571427,845.5208313166938,3810.5,3908.0714285714284,3971.1666666666665,3953.266666666667,3947.9333333333334,952.4418738109387,4051.1481782628725,3948.437818814841,-0.7818314824680299,-0.7818314824680299,,952.4418738109391,4157.875154974377,,11995.0548143808
2014-02-24,3450,0,24,4885.0,3689.0,3801.0,3898.0,3975.0,4150.0,3382.0,4606.0,3472.0,3620.714285714286,846.9231988568395,3760.5,3910.5,3932.633333333333,3952.9,3941.9,949.2515557490227,3900.8611336971544,3881.9794429728627,0.0,0.0,,949.251555749023,4143.947854452582,,11995.0548143808
2014-02-25,3040,1,25,3450.0,4653.0,2898.0,3005.0,3340.0,3372.0,2778.0,5103.0,3980.0,3641.0,828.2215887067886,3736.785714285714,3919.8571428571427,3863.866666666667,3937.233333333333,3927.4333333333334,936.1779868104627,3685.645850272866,3769.7155172431476,0.7818314824680298,0.7818314824680298,,936.177986810463,4086.8753243894257,,11995.0548143808
2014-02-26,2934,2,26,3040.0,4885.0,2863.0,2985.0,3352.0,3366.0,2527.0,3382.0,4438.0,3651.1428571428573,817.4707800224255,3705.9285714285716,3934.3928571428573,3848.9333333333334,3912.1666666666665,3934.511111111111,947.6325103713087,3497.7343877046496,3658.2867816107278,0.9749279121818236,0.9749279121818236,,947.6325103713092,4136.8799285918285,,11995.0548143808
2014-02-27,3064,3,27,2934.0,3450.0,2907.0,2786.0,3446.0,3760.0,2741.0,2778.0,4162.0,3673.5714285714284,795.5100789520409,3656.214285714286,3945.9285714285716,3858.4666666666667,3893.866666666667,3940.0777777777776,937.8756160943481,3389.300790778487,3579.0485440626308,0.43388373911755823,0.43388373911755823,,937.8756160943484,4094.286307480269,,11995.0548143808
2014-02-28,3390,4,28,3064.0,3040.0,3689.0,3751.0,4113.0,3504.0,4212.0,2527.0,4160.0,3630.8571428571427,802.5398076464119,3648.0714285714284,3916.5714285714284,3887.233333333333,3881.0333333333333,3940.322222222222,908.4002871032026,3389.4755930838655,3553.8420715209463,-0.433883739117558,-0.433883739117558,,908.400287103203,3965.6120634483373,,11995.0548143808
2014-03-01,5567,5,1,3390.0,2934.0,4653.0,4606.0,5560.0,4740.0,6272.0,2741.0,4027.0,3761.4285714285716,1036.7378095325173,3707.1428571428573,3891.3928571428573,3981.4333333333334,3906.7,3949.4666666666667,931.6669777722353,3933.856694812899,3822.263128651487,-0.9749279121818236,-0.9749279121818236,,931.6669777722357,4067.1825610621872,,11995.0548143808
2014-03-02,5330,6,2,5567.0,3064.0,4885.0,5103.0,5485.0,4759.0,4896.0,4212.0,2791.0,3825.0,1126.8441181754743,3747.9285714285716,3906.8928571428573,4018.7,3949.016666666667,3957.8888888888887,963.039446680174,4282.892521109675,4023.294711497955,-0.7818314824680299,-0.7818314824680299,,963.0394466801744,4204.138749790633,,11995.0548143808
2014-03-03,3736,0,3,5330.0,3390.0,3450.0,3382.0,4150.0,3801.0,3975.0,6272.0,4278.0,3865.8571428571427,1116.1150520998294,3743.285714285714,3898.3571428571427,3934.1666666666665,3939.983333333333,3954.011111111111,864.7121539537814,4146.169390832256,3984.988749964895,0.0,0.0,,864.7121539537819,3774.8919697775623,,11995.0548143808
2014-03-04,3217,1,4,3736.0,5567.0,3040.0,2778.0,3372.0,2898.0,3340.0,4896.0,4549.0,3891.1428571428573,1096.1125898026191,3766.0714285714284,3893.964285714286,3878.2,3917.7833333333333,3948.266666666667,854.5884833427457,3913.877043124192,3882.5902499695753,0.7818314824680298,0.7818314824680298,,854.5884833427461,3730.6971903708713,,11995.0548143808
2014-03-05,2853,2,5,3217.0,5330.0,2934.0,2527.0,3366.0,2863.0,3352.0,3975.0,4909.0,3879.5714285714284,1108.2612293051434,3765.3571428571427,3876.1428571428573,3840.8,3883.516666666667,3938.177777777778,874.5249902779649,3648.657782343144,3745.311549973632,0.9749279121818236,0.9749279121818236,,874.5249902779653,3817.729805318014,,11995.0548143808
2014-03-06,3166,3,6,2853.0,3736.0,3064.0,2741.0,3760.0,2907.0,3446.0,3340.0,5265.0,3894.1428571428573,1096.357519025525,3783.8571428571427,3866.1428571428573,3835.0,3848.5333333333333,3925.633333333333,878.5287466103056,3527.993336757358,3668.070009977148,0.43388373911755823,0.43388373911755823,,878.528746610306,3835.208162201045,,11995.0548143808
2014-03-07,3961,4,7,3166.0,3217.0,3390.0,4212.0,3504.0,3689.0,4113.0,3352.0,4179.0,3975.714285714286,1073.602302885896,3803.285714285714,3860.714285714286,3855.3,3844.9,3905.911111111111,874.0076994058318,3636.2450025680187,3707.127341980195,-0.433883739117558,-0.433883739117558,,874.0076994058322,3815.47157736282,,11995.0548143808
2014-03-08,4927,5,8,3961.0,2853.0,5567.0,6272.0,4740.0,4653.0,5560.0,3446.0,3872.0,3884.285714285714,933.6283547332418,3822.8571428571427,3838.1071428571427,3904.6666666666665,3862.483333333333,3901.6111111111113,891.7378744797121,3958.933751926014,3869.777029716169,-0.9749279121818236,-0.9749279121818236,,891.7378744797124,3892.8724733755735,,11995.0548143808
2014-03-09,5757,6,9,4927.0,3166.0,5330.0,4896.0,4759.0,4885.0,5485.0,4113.0,3406.0,3945.285714285714,1050.467628294767,3885.1428571428573,3847.8214285714284,3959.4666666666667,3901.6666666666665,3921.788888888889,953.3668372860301,4408.4503139445105,4121.4067590873465,-0.7818314824680299,-0.7818314824680299,,953.3668372860304,4161.913073463778,,11995.0548143808
2014-03-10,4255,0,10,5757.0,3961.0,3736.0,3975.0,3801.0,3450.0,4150.0,5560.0,3250.0,4019.4285714285716,1051.549310484747,3942.6428571428573,3851.5714285714284,3915.9666666666667,3918.4166666666665,3923.4,906.4368849714618,4370.087735458383,4139.219191209034,0.0,0.0,,906.4368849714623,3957.0408517374076,,11995.0548143808
2014-03-11,3236,1,11,4255.0,4927.0,3217.0,3340.0,2898.0,3040.0,3372.0,5485.0,3960.0,4022.1428571428573,1049.1546483671846,3956.6428571428573,3846.714285714286,3841.0,3906.35,3923.088888888889,864.2137347383052,4086.565801593787,4018.789965714496,0.7818314824680298,0.7818314824680298,,864.2137347383057,3772.716125844433,,11995.0548143808
2014-03-12,3266,2,12,3236.0,5757.0,2853.0,3352.0,2863.0,2934.0,3366.0,4150.0,5369.0,4081.1428571428573,981.9065516587974,3980.3571428571427,3843.1428571428573,3811.5333333333333,3871.3,3922.2,868.3752459715078,3881.4243511953405,3918.4179702858964,0.9749279121818236,0.9749279121818236,,868.3752459715082,3790.8831601165043,,11995.0548143808
2014-03-13,3207,3,13,3266.0,4255.0,3166.0,3446.0,2907.0,3064.0,3760.0,3372.0,4860.0,4087.0,975.6401317425708,3990.5714285714284,3823.3928571428573,3806.0333333333333,3843.75,3914.8333333333335,871.7709871422501,3712.8182633965052,3823.5622409144435,0.43388373911755823,0.43388373911755823,,871.7709871422505,3805.7072330964747,,11995.0548143808
2014-03-14,3957,4,14,3207.0,3236.0,3961.0,4113.0,3689.0,3390.0,3504.0,3366.0,3578.0,4086.4285714285716,975.7273965513866,4031.0714285714284,3839.5714285714284,3825.733333333333,3850.0666666666666,3901.1444444444446,868.1544806650687,3773.863697547379,3841.353942125851,-0.433883739117558,-0.433883739117558,,868.1544806650693,3789.9194114532397,,11995.0548143808
2014-03-15,5249,5,15,3957.0,3266.0,4927.0,5560.0,4653.0,5567.0,4740.0,3760.0,3023.0,4132.428571428572,1028.1426387978859,4008.3571428571427,3857.75,3875.366666666667,3887.1666666666665,3903.5333333333333,906.0055752029541,4142.647773160535,4029.0400831757374,-0.9749279121818236,-0.9749279121818236,,906.0055752029546,3955.157973401325,,11995.0548143808
2014-03-16,5175,6,16,5249.0,3207.0,5757.0,5485.0,4885.0,5330.0,4759.0,3504.0,3145.0,4049.285714285714,888.9879478533812,3997.285714285714,3872.6071428571427,3931.0666666666666,3921.0,3917.322222222222,933.3402356066541,4400.735829870401,4181.834738752305,-0.7818314824680299,-0.7818314824680299,,933.3402356066545,4074.4871508423057,,11995.0548143808
2014-03-17,3436,0,17,5175.0,3957.0,4255.0,4150.0,3450.0,3736.0,3801.0,4740.0,3029.0,3932.285714285714,911.0228160856163,3975.8571428571427,3859.5714285714284,3887.6,3927.7833333333333,3918.1666666666665,924.6925528203224,4159.551872402801,4082.3901069186645,0.0,0.0,,924.6925528203228,4036.735781027453,,11995.0548143808
2014-03-18,3053,1,18,3436.0,5249.0,3236.0,3372.0,3040.0,3217.0,2898.0,4759.0,3987.0,3906.1428571428573,936.6003111557985,3964.1428571428573,3865.1071428571427,3830.733333333333,3912.2166666666667,3914.688888888889,921.7082691032548,3882.9139043021005,3945.1380926628426,0.7818314824680298,0.7818314824680298,,921.7082691032552,4023.70792130837,,11995.0548143808
2014-03-19,3150,2,19,3053.0,5175.0,3266.0,3366.0,2934.0,2853.0,2863.0,3801.0,5288.0,3889.5714285714284,950.7337266804069,3985.3571428571427,3875.3571428571427,3809.0333333333333,3876.5833333333335,3909.3777777777777,930.0579323199436,3699.6854282265754,3839.119680307797,0.9749279121818236,0.9749279121818236,,930.057932319944,4060.1582897724984,,11995.0548143808
2014-03-20,3254,3,20,3150.0,3436.0,3207.0,3760.0,3064.0,3166.0,2907.0,2898.0,4659.0,3896.285714285714,945.2600549206378,3991.6428571428573,3887.75,3820.9,3853.1666666666665,3903.233333333333,920.2526021284169,3588.2640711699314,3761.1037229334243,0.43388373911755823,0.43388373911755823,,920.2526021284173,4017.353222176571,,11995.0548143808
2014-03-21,3850,4,21,3254.0,3053.0,3957.0,3504.0,3390.0,3961.0,3689.0,2863.0,3898.0,3881.0,944.9797175953897,3983.714285714286,3893.5,3853.8,3852.366666666667,3887.9777777777776,902.2936825973886,3653.6980533774486,3772.956559875634,-0.433883739117558,-0.433883739117558,,902.2936825973891,3938.95374460061,,11995.0548143808
2014-03-22,4925,5,22,3850.0,3150.0,5249.0,4740.0,5567.0,4927.0,4653.0,2907.0,3005.0,3834.714285714286,871.9169903696304,3983.5714285714284,3903.214285714286,3921.0666666666666,3884.366666666667,3885.0,904.4941025839697,3971.5235400330866,3926.562351892216,-0.9749279121818236,-0.9749279121818236,,904.4941025839702,3948.5596553068535,,11995.0548143808
2014-03-23,5416,6,23,4925.0,3254.0,5175.0,4759.0,5330.0,5757.0,4885.0,3689.0,2985.0,3869.1428571428573,936.058835147203,3959.214285714286,3922.1785714285716,3978.633333333333,3924.883333333333,3893.222222222222,943.3383670309555,4332.642655024815,4125.154038306587,-0.7818314824680299,-0.7818314824680299,,943.338367030956,4118.1338902269745,,11995.0548143808
2014-03-24,3804,0,24,5416.0,3850.0,3436.0,3801.0,3736.0,4255.0,3450.0,4653.0,2786.0,3921.714285714286,917.8345374277618,3927.0,3934.8214285714284,3950.3333333333335,3941.85,3898.011111111111,935.1088940215179,4200.481991268612,4082.3334998657083,0.0,0.0,,935.1088940215184,4082.208210870226,,11995.0548143808
2014-03-25,3194,1,25,3804.0,4925.0,3053.0,2898.0,3217.0,3236.0,3040.0,4885.0,3751.0,3941.8571428571427,896.9006687051832,3924.0,3940.3214285714284,3893.9666666666667,3932.5666666666666,3933.5,927.7624726982178,3948.8614934514585,3963.889033216947,0.7818314824680298,0.7818314824680298,,927.7624726982183,4050.137484521432,,11995.0548143808
2014-03-26,2991,2,26,3194.0,5416.0,3150.0,2863.0,2853.0,3266.0,2934.0,3450.0,4606.0,3919.1428571428573,921.9603079980205,3904.3571428571427,3942.3571428571427,3878.6666666666665,3905.65,3928.1555555555556,939.0525795323827,3709.3961200885938,3834.1704954546876,0.9749279121818236,0.9749279121818236,,939.052579532383,4099.4243292030405,,11995.0548143808
2014-03-27,3252,3,27,2991.0,3804.0,3254.0,2907.0,3166.0,3207.0,3064.0,3040.0,5103.0,3918.8571428571427,922.2010678392239,3907.5714285714284,3949.0714285714284,3885.733333333333,3874.8,3920.0666666666666,933.3038065936964,3595.0470900664454,3756.547762727396,0.43388373911755823,0.43388373911755823,,933.3038065936968,4074.3281203627967,,11995.0548143808
2014-03-28,3766,4,28,3252.0,3194.0,3850.0,3689.0,3961.0,3957.0,3390.0,2934.0,3382.0,3906.8571428571427,923.7915400802309,3893.9285714285716,3962.5,3913.4666666666667,3881.2,3912.6,916.2534182401541,3637.785317549834,3757.8080610304096,-0.433883739117558,-0.433883739117558,,916.2534182401546,3999.894826250898,,11995.0548143808
2014-03-29,4816,5,29,3766.0,2991.0,4925.0,4653.0,4927.0,5249.0,5567.0,3064.0,2778.0,3891.285714285714,904.4863577901917,3863.0,3935.6785714285716,3971.866666666667,3915.1666666666665,3919.866666666667,916.0775728835499,3932.3389881623757,3898.9003195596883,-0.9749279121818236,-0.9749279121818236,,916.0775728835504,3999.1271751643103,,11995.0548143808
2014-03-30,5577,6,30,4816.0,3252.0,5416.0,4885.0,5757.0,5175.0,5330.0,3390.0,2527.0,3914.285714285714,950.5918707636312,3891.714285714286,3944.5,4044.766666666667,3966.0,3935.6111111111113,954.3945068537591,4343.504241121782,4122.646943618396,-0.7818314824680299,-0.7818314824680299,,954.3945068537596,4166.399354338943,,11995.0548143808
2014-03-31,3492,0,31,5577.0,3766.0,3804.0,3450.0,4255.0,3436.0,3736.0,5567.0,2741.0,3869.714285714286,963.8469301512042,3895.714285714286,3935.785714285714,3975.6,3978.516666666667,3929.6666666666665,914.6326415373021,4130.628180841336,4038.5606844692766,0.0,0.0,,914.6326415373026,3992.8193423081498,,11995.0548143808
2014-04-01,3669,1,1,3492.0,4816.0,3194.0,3040.0,3236.0,3053.0,3217.0,5330.0,4212.0,3937.5714285714284,924.2537272745766,3939.714285714286,3951.9285714285716,3920.233333333333,3969.4666666666667,3939.4222222222224,879.4134676740073,4015.2211356310017,3989.28592654004,0.7818314824680298,0.7818314824680298,,879.4134676740076,3839.0704028595,,11995.0548143808
2014-04-02,3908,2,2,3669.0,5577.0,2991.0,2934.0,3266.0,3150.0,2853.0,3736.0,6272.0,4068.5714285714284,827.6693899423932,3993.8571428571427,3989.6071428571427,3925.9666666666667,3930.0666666666666,3935.311111111111,878.7313536878085,3988.4158517232513,3978.447803001368,0.9749279121818236,0.9749279121818236,,878.731353687809,3836.092641303587,,11995.0548143808
2014-04-03,3895,3,3,3908.0,3492.0,3252.0,3064.0,3207.0,3254.0,3166.0,3217.0,4896.0,4160.428571428572,754.3754275652669,4039.6428571428573,4015.6428571428573,3948.5666666666666,3913.383333333333,3928.0444444444443,868.5282312658195,3965.0618887924384,3967.321429267852,0.43388373911755823,0.43388373911755823,,868.5282312658198,3791.551015837452,,11995.0548143808
2014-04-04,4187,4,4,3895.0,3669.0,3766.0,3390.0,3957.0,3850.0,3961.0,2853.0,3975.0,4220.571428571428,734.2008937483972,4063.714285714286,4023.714285714286,3993.0333333333333,3916.9166666666665,3920.0222222222224,844.3149225885642,4020.546416594329,3996.6119053654716,-0.433883739117558,-0.433883739117558,,844.3149225885646,3685.8480670936533,,11995.0548143808
2014-04-05,5647,5,5,4187.0,3908.0,4816.0,5567.0,5249.0,4925.0,4927.0,3166.0,3340.0,4339.285714285715,895.8996808210336,4115.285714285715,4049.4285714285716,4075.733333333333,3955.366666666667,3924.266666666667,881.2140110854571,4427.159812445747,4216.663651316742,-0.9749279121818236,-0.9749279121818236,,881.2140110854574,3846.930656510429,,11995.0548143808
2014-04-06,6118,6,6,5647.0,3895.0,5577.0,5330.0,5175.0,5416.0,5757.0,3961.0,3352.0,4416.571428571428,1033.2709965836375,4165.428571428572,4062.3214285714284,4147.633333333333,4001.4666666666667,3945.811111111111,956.3257085948948,4849.86985933431,4470.175164474511,-0.7818314824680299,-0.7818314824680299,,956.3257085948952,4174.829995577534,,11995.0548143808
2014-04-07,4321,0,7,6118.0,4187.0,3492.0,3736.0,3436.0,3804.0,4255.0,4927.0,3446.0,4535.0,954.1154716979091,4202.357142857143,4064.6785714285716,4127.433333333333,4016.05,3950.8,945.636245707296,4717.652394500732,4450.285142544576,0.0,0.0,,945.6362457072964,4128.165255835957,,11995.0548143808
2014-04-08,3892,1,8,4321.0,5647.0,3669.0,3217.0,3053.0,3194.0,3236.0,5757.0,4113.0,4566.857142857143,923.616700544008,4252.214285714285,4088.1071428571427,4065.266666666667,4012.366666666667,3956.2,894.7473129453784,4511.239295875549,4375.847123538632,0.7818314824680298,0.7818314824680298,,894.7473129453789,3906.010145889647,,11995.0548143808
2014-04-09,3823,2,9,3892.0,6118.0,3908.0,2853.0,3150.0,2991.0,3266.0,4255.0,5560.0,4554.714285714285,934.2203013361259,4311.642857142857,4108.0,4050.866666666667,3983.4166666666665,3962.5666666666666,895.0646955362437,4339.179471906661,4302.1341737334815,0.9749279121818236,0.9749279121818236,,895.0646955362441,3907.395676309367,,11995.0548143808
2014-04-10,3891,3,10,3823.0,4321.0,3895.0,3166.0,3254.0,3252.0,3207.0,3236.0,5485.0,4554.142857142857,934.692182587651,4357.285714285715,4132.428571428572,4072.7,3956.85,3961.8,882.4013532831013,4227.134603929996,4247.316283902351,0.43388373911755823,0.43388373911755823,,882.4013532831018,3852.113986600994,,11995.0548143808
2014-04-11,4248,4,11,3891.0,3892.0,4187.0,3961.0,3850.0,3766.0,3957.0,3266.0,4150.0,4562.857142857143,930.9757298253268,4391.714285714285,4142.821428571428,4105.433333333333,3958.483333333333,3949.3444444444444,869.5649599312387,4232.350952947497,4247.4074460487045,-0.433883739117558,-0.433883739117558,,869.5649599312392,3796.0768441099417,,11995.0548143808
2014-04-12,5018,5,12,4248.0,3823.0,5647.0,4927.0,4925.0,4816.0,5249.0,3207.0,3372.0,4473.0,834.2225921978646,4406.142857142857,4134.571428571428,4165.8,3985.9166666666665,3951.1,867.9032363035607,4428.763214710622,4350.153119908877,-0.9749279121818236,-0.9749279121818236,,867.9032363035611,3788.822606790124,,11995.0548143808
2014-04-13,5350,6,13,5018.0,3891.0,6118.0,5757.0,5416.0,5577.0,5175.0,3957.0,3366.0,4363.285714285715,599.2227505376424,4389.928571428572,4140.821428571428,4212.233333333334,4018.983333333333,3970.788888888889,893.2404272756178,4659.072411032967,4483.46603725436,-0.7818314824680299,-0.7818314824680299,,893.2404272756182,3899.4318520745974,,11995.0548143808
2014-04-14,3740,0,14,5350.0,4248.0,4321.0,4255.0,3804.0,3492.0,3436.0,5249.0,3760.0,4280.285714285715,644.5775656158315,4407.642857142857,4151.678571428572,4161.933333333333,4018.65,3978.7555555555555,875.1490881197153,4429.304308274725,4384.337232287112,0.0,0.0,,875.1490881197157,3820.4542979950356,,11995.0548143808
2014-04-15,3388,1,15,3740.0,5018.0,3892.0,3236.0,3194.0,3669.0,3053.0,5175.0,3504.0,4208.285714285715,719.0272860575128,4387.571428571428,4163.642857142857,4102.366666666667,4016.7166666666667,3981.4555555555557,864.5691565379653,4168.978231206044,4251.492267982164,0.7818314824680298,0.7818314824680298,,864.5691565379657,3774.2677160369444,,11995.0548143808
2014-04-16,4031,2,16,3388.0,5350.0,3823.0,3266.0,2991.0,3908.0,3150.0,3436.0,4740.0,4238.0,704.6046172618092,4396.357142857143,4195.107142857143,4122.2,4004.9,3992.588888888889,855.5329615367542,4134.483673404533,4222.0932989178755,0.9749279121818236,0.9749279121818236,,855.5329615367547,3734.820300163987,,11995.0548143808
2014-04-17,3924,3,17,4031.0,3740.0,3891.0,3207.0,3252.0,3895.0,3254.0,3053.0,4759.0,4242.714285714285,702.0015940831132,4398.428571428572,4219.035714285715,4151.233333333334,3990.983333333333,3991.8888888888887,832.4655810771688,4081.8627550533997,4182.3475257288255,0.43388373911755823,0.43388373911755823,,832.4655810771694,3634.119889209261,,11995.0548143808
2014-04-18,4920,4,18,3924.0,3388.0,4248.0,3957.0,3766.0,4187.0,3850.0,3150.0,3801.0,4338.714285714285,747.3300730568998,4450.785714285715,4257.25,4210.233333333334,4009.633333333333,3987.8,821.7112792439749,4291.397066290049,4280.701188964982,-0.433883739117558,-0.433883739117558,,821.7112792439755,3587.172095720912,,11995.0548143808
2014-04-19,6025,5,19,4920.0,4031.0,5018.0,5249.0,4816.0,5647.0,4925.0,3254.0,2898.0,4482.571428571428,965.0802828681893,4477.785714285715,4296.535714285715,4302.6,4061.75,4002.9777777777776,865.1115375567374,4724.797799717537,4513.274363769651,-0.9749279121818236,-0.9749279121818236,,865.1115375567379,3776.635474767941,,11995.0548143808
2014-04-20,4637,6,20,6025.0,3924.0,5350.0,5175.0,5577.0,6118.0,5416.0,3850.0,2863.0,4380.714285714285,893.2218302836261,4372.0,4268.714285714285,4328.833333333333,4091.3166666666666,4011.188888888889,862.8431784366741,4702.8483497881525,4529.771115267031,-0.7818314824680299,-0.7818314824680299,,862.8431784366745,3766.7329764767505,,11995.0548143808
2014-04-21,3672,0,21,4637.0,4920.0,3740.0,3436.0,3492.0,4321.0,3804.0,4925.0,2907.0,4371.0,901.6810226829992,4325.642857142857,4264.0,4287.066666666667,4104.066666666667,4018.6,863.3162577639374,4445.136262341114,4415.401633231427,0.0,0.0,,863.3162577639379,3768.7981993898193,,11995.0548143808
2014-04-22,3607,1,22,3672.0,6025.0,3388.0,3053.0,3669.0,3892.0,3194.0,5416.0,3689.0,4402.285714285715,864.9400199408227,4305.285714285715,4278.75,4226.766666666666,4102.7,4025.511111111111,844.7209571226981,4235.602196755835,4307.61474880057,0.7818314824680298,0.7818314824680298,,844.7209571226986,3687.6206066553405,,11995.0548143808
2014-04-23,3259,2,23,3607.0,4637.0,4031.0,3150.0,3908.0,3823.0,2991.0,3804.0,4653.0,4292.0,963.7458171115419,4265.0,4288.321428571428,4208.6,4079.4666666666667,4030.766666666667,859.8514546931459,3991.4516475668765,4167.7994489604935,0.9749279121818236,0.9749279121818236,,859.8514546931464,3753.6726373990596,,11995.0548143808
2014-04-24,3385,3,24,3259.0,3672.0,3924.0,3254.0,3895.0,3891.0,3252.0,3194.0,4885.0,4215.0,1018.0502607107999,4228.857142857143,4293.071428571428,4214.966666666666,4054.4666666666667,4026.7,852.7577771189013,3839.8387356751573,4063.4261890990942,0.43388373911755823,0.43388373911755823,,852.7577771189018,3722.70526127422,,11995.0548143808
2014-04-25,4056,4,25,3385.0,3607.0,4920.0,3850.0,4187.0,4248.0,3766.0,2991.0,3450.0,4091.5714285714284,969.5507305178077,4215.142857142857,4303.428571428572,4250.466666666666,4064.5666666666666,4020.588888888889,821.6477864982415,3893.879051756368,4062.4360305525483,-0.433883739117558,-0.433883739117558,,821.647786498242,3586.8949187957205,,11995.0548143808
2014-04-26,5245,5,26,4056.0,3259.0,6025.0,4925.0,5647.0,5018.0,4816.0,3252.0,3040.0,3980.1428571428573,724.0521225647175,4231.357142857143,4318.75,4316.9,4101.316666666667,4022.1666666666665,818.6996986390757,4231.659288817275,4220.111226478875,-0.9749279121818236,-0.9749279121818236,,818.6996986390762,3574.02507172016,,11995.0548143808
2014-04-27,5357,6,27,5245.0,3385.0,4637.0,5416.0,6118.0,5350.0,5577.0,3766.0,2934.0,4083.0,869.4563435465458,4231.857142857143,4310.892857142857,4369.933333333333,4141.7,4044.1111111111113,833.1855749464463,4512.994466612957,4371.696396281692,-0.7818314824680299,-0.7818314824680299,,833.1855749464469,3637.2630150031996,,11995.0548143808
2014-04-28,3728,0,28,5357.0,4056.0,3672.0,3804.0,4321.0,3740.0,3492.0,4816.0,3064.0,4091.0,865.292050889946,4231.0,4319.321428571428,4333.666666666667,4152.766666666666,4054.6666666666665,836.7711479388961,4316.745849959717,4285.870210110799,0.0,0.0,,836.7711479388965,3652.9157968385907,,11995.0548143808
2014-04-29,3130,1,29,3728.0,5245.0,3607.0,3194.0,3892.0,3388.0,3669.0,5577.0,3390.0,4022.8571428571427,926.3857059510755,4212.571428571428,4300.071428571428,4252.1,4148.433333333333,4061.366666666667,830.63612308008,4020.0593874697875,4131.754182096026,0.7818314824680298,0.7818314824680298,,830.6361230800806,3626.1334092336074,,11995.0548143808
2014-04-30,3382,2,30,3130.0,5357.0,3259.0,2991.0,3823.0,4031.0,3908.0,3492.0,5567.0,4040.4285714285716,910.5128329944697,4166.214285714285,4281.285714285715,4248.433333333333,4112.016666666666,4068.488888888889,834.3416435495163,3860.5445406023405,4031.786957816556,0.9749279121818236,0.9749279121818236,,834.3416435495168,3642.309820539917,,11995.0548143808
2014-05-01,3920,3,1,3382.0,3728.0,3385.0,3252.0,3891.0,3924.0,3895.0,3669.0,5330.0,4116.857142857143,867.7777035953034,4165.928571428572,4282.178571428572,4256.8,4088.516666666667,4065.2444444444445,829.5756871374931,3875.4084054517552,4016.882030107682,0.43388373911755823,0.43388373911755823,,829.5756871374936,3621.5040870876983,,11995.0548143808
2014-05-02,4565,4,2,3920.0,3130.0,4056.0,3766.0,4248.0,4920.0,4187.0,3908.0,3736.0,4189.571428571428,883.0199803596068,4140.571428571428,4295.678571428572,4278.7,4102.333333333333,4046.277777777778,828.7218305401287,4047.8063040888164,4089.9644260933246,-0.433883739117558,-0.433883739117558,,828.7218305401293,3617.776584938001,,11995.0548143808
2014-05-03,5682,5,3,4565.0,3382.0,5245.0,4816.0,5018.0,6025.0,5647.0,3895.0,3217.0,4252.0,980.1766847529723,4116.071428571428,4296.928571428572,4338.266666666666,4143.416666666667,4055.011111111111,863.6769005280486,4456.354728066613,4302.235835947548,-0.9749279121818236,-0.9749279121818236,,863.676900528049,3770.372581648675,,11995.0548143808
2014-05-04,6126,6,4,5682.0,3920.0,5357.0,5577.0,5350.0,4637.0,6118.0,4187.0,2853.0,4361.857142857143,1152.5948158497863,4222.428571428572,4297.214285714285,4402.9,4197.966666666666,4078.911111111111,922.5149414732368,4873.766046049959,4545.404391154542,-0.7818314824680299,-0.7818314824680299,,922.5149414732373,4027.229441201161,,11995.0548143808
2014-05-05,4269,0,5,6126.0,4565.0,3728.0,3492.0,3740.0,3672.0,4321.0,5647.0,3166.0,4439.142857142857,1120.7054963387134,4265.071428571428,4295.357142857143,4356.966666666666,4216.35,4089.233333333333,892.2429885265013,4722.57453453747,4508.550472333936,0.0,0.0,,892.2429885265017,3895.0775435255973,,11995.0548143808
2014-05-06,3699,1,6,4269.0,5682.0,3130.0,3669.0,3388.0,3607.0,3892.0,6118.0,3961.0,4520.428571428572,1026.6117177626654,4271.642857142857,4288.464285714285,4276.333333333333,4211.983333333334,4093.088888888889,835.0812198092768,4466.680900903102,4400.610409356078,0.7818314824680298,0.7818314824680298,,835.0812198092774,3645.538433057092,,11995.0548143808
2014-05-07,3737,2,7,3699.0,6126.0,3382.0,3908.0,4031.0,3259.0,3823.0,4321.0,4927.0,4571.142857142857,968.1018246326852,4305.785714285715,4285.392857142857,4256.866666666667,4192.15,4096.322222222222,840.791406060823,4284.260675677327,4312.129021441934,0.9749279121818236,0.9749279121818236,,840.7914060608234,3670.4661921134857,,11995.0548143808
2014-05-08,3574,3,8,3737.0,4269.0,3920.0,3895.0,3924.0,3385.0,3891.0,3892.0,5757.0,4521.714285714285,1014.6043094536394,4319.285714285715,4274.071428571428,4246.266666666666,4155.766666666666,4090.3333333333335,847.5275169302832,4106.695506757995,4213.7118185830095,0.43388373911755823,0.43388373911755823,,847.5275169302837,3699.872614484665,,11995.0548143808
2014-05-09,4299,4,9,3574.0,3699.0,4565.0,4187.0,4920.0,4056.0,4248.0,3823.0,4255.0,4483.714285714285,1017.6894932944415,4336.642857142857,4275.892857142857,4262.133333333333,4156.5,4076.322222222222,843.7775786893365,4154.771630068496,4225.083576105275,-0.433883739117558,-0.433883739117558,,843.7775786893369,3683.502297855961,,11995.0548143808
2014-05-10,4960,5,10,4299.0,3737.0,5682.0,5647.0,6025.0,5245.0,5018.0,3891.0,3236.0,4380.571428571428,906.5173021225863,4316.285714285715,4273.821428571428,4297.766666666666,4185.233333333334,4070.488888888889,850.1124340783999,4356.078722551371,4323.072432624572,-0.9749279121818236,-0.9749279121818236,,850.1124340784004,3711.157043575143,,11995.0548143808
2014-05-11,4071,6,11,4960.0,3574.0,6126.0,6118.0,4637.0,5357.0,5350.0,4248.0,3266.0,4087.0,479.0034794584794,4224.428571428572,4228.142857142857,4291.866666666667,4198.65,4069.6111111111113,851.0833961054733,4284.809041913529,4289.462774941296,-0.7818314824680299,-0.7818314824680299,,851.0833961054739,3715.395768267747,,11995.0548143808
2014-05-12,4094,0,12,4071.0,4299.0,4269.0,4321.0,3672.0,3728.0,3740.0,5018.0,3207.0,4062.0,472.4432946573202,4250.571428571428,4240.785714285715,4261.066666666667,4213.433333333333,4077.633333333333,840.5533453843192,4237.106781435146,4263.40107161579,0.0,0.0,,840.5533453843196,3669.4269406909807,,11995.0548143808
2014-05-13,3803,1,13,4094.0,4960.0,3699.0,3892.0,3607.0,3130.0,3388.0,5350.0,3957.0,4076.8571428571427,460.61242875524556,4298.642857142857,4255.607142857143,4209.5,4210.866666666667,4082.488888888889,818.6120191708785,4128.58008607636,4202.014262067018,0.7818314824680298,0.7818314824680298,,818.6120191708791,3573.6423079080655,,11995.0548143808
2014-05-14,3452,2,14,3803.0,4071.0,3737.0,3823.0,3259.0,3382.0,4031.0,3740.0,5249.0,4036.1428571428573,506.0175980376637,4303.642857142857,4234.928571428572,4199.9,4180.916666666667,4079.0666666666666,825.9634854582454,3959.43506455727,4102.012360458082,0.9749279121818236,0.9749279121818236,,825.9634854582458,3605.7350579953445,,11995.0548143808
2014-05-15,3336,3,15,3452.0,4094.0,3574.0,3891.0,3385.0,3920.0,3924.0,3388.0,5175.0,4002.1428571428573,548.4607031111166,4261.928571428572,4213.928571428572,4198.166666666667,4150.266666666666,4077.2,827.7786262177689,3803.5762984179523,3999.877379063671,0.43388373911755823,0.43388373911755823,,827.7786262177694,3613.6590362184,,11995.0548143808
2014-05-16,4339,4,16,3336.0,3803.0,4299.0,4248.0,4056.0,4565.0,4920.0,4031.0,3436.0,4007.8571428571427,552.2642569674475,4245.785714285715,4193.178571428572,4208.433333333333,4165.316666666667,4072.7444444444445,827.5437975005296,3937.432223813464,4045.093728521848,-0.433883739117558,-0.433883739117558,,827.5437975005301,3612.6338938806557,,11995.0548143808
2014-05-17,4872,5,17,4339.0,3452.0,4960.0,5018.0,5245.0,5682.0,6025.0,3924.0,3053.0,3995.285714285714,527.420677854565,4187.928571428572,4152.0,4240.033333333334,4195.633333333333,4074.0,834.379698703884,4171.074167860098,4155.347898052268,-0.9749279121818236,-0.9749279121818236,,834.3796987038843,3642.4759499229417,,11995.0548143808
2014-05-18,5509,6,18,4872.0,3336.0,4071.0,5350.0,5357.0,6126.0,4637.0,4920.0,3150.0,4200.714285714285,780.9425318774956,4143.857142857143,4183.142857142857,4259.666666666667,4234.95,4092.9777777777776,857.5396375008249,4505.555625895074,4335.834844978632,-0.7818314824680299,-0.7818314824680299,,857.5396375008254,3743.5804233426434,,11995.0548143808
2014-05-19,3890,0,19,5509.0,4339.0,4094.0,3740.0,3728.0,4269.0,3672.0,6025.0,3254.0,4171.571428571428,789.3497022112239,4116.785714285715,4190.928571428572,4188.5,4245.55,4104.0,792.0763525543799,4351.666719421305,4276.39019898148,0.0,0.0,,792.0763525543805,3457.801129586118,,11995.0548143808
2014-05-20,3066,1,20,3890.0,4872.0,3803.0,3388.0,3130.0,3699.0,3607.0,4637.0,3850.0,4066.285714285714,889.502241759533,4071.5714285714284,4171.607142857143,4136.133333333333,4232.483333333334,4106.2555555555555,813.056164380278,4030.2500395659786,4115.004839117283,0.7818314824680298,0.7818314824680298,,813.0561643802785,3549.388281249144,,11995.0548143808
2014-05-21,3096,2,21,3066.0,5509.0,3452.0,4031.0,3382.0,3737.0,3259.0,3672.0,4925.0,4015.4285714285716,939.2628061664191,4025.785714285714,4165.785714285715,4116.933333333333,4202.0,4108.355555555556,830.9974867522126,3796.687529674484,3979.1375272349787,0.9749279121818236,0.9749279121818236,,830.997486752213,3627.7109386089783,,11995.0548143808
2014-05-22,3305,3,22,3096.0,3890.0,3336.0,3924.0,3920.0,3574.0,3385.0,3607.0,5416.0,4011.0,943.0655685935437,4006.5714285714284,4162.928571428572,4106.866666666667,4166.816666666667,4104.0888888888885,839.1767613450679,3673.765647255863,3889.252523603648,0.43388373911755823,0.43388373911755823,,839.1767613450684,3663.417477297025,,11995.0548143808
2014-05-23,3825,4,23,3305.0,3066.0,4339.0,4920.0,4565.0,4299.0,4056.0,3259.0,3804.0,3937.5714285714284,933.2296711140389,3972.714285714286,4154.678571428572,4125.733333333334,4167.166666666667,4094.8888888888887,825.7118948721287,3711.574235441897,3880.685520456495,-0.433883739117558,-0.433883739117558,,825.7118948721292,3604.6367418922796,,11995.0548143808
2014-05-24,4523,5,24,3825.0,3096.0,4872.0,6025.0,5682.0,4960.0,5245.0,3385.0,3194.0,3887.714285714286,882.9567211526112,3941.5,4128.892857142857,4163.666666666667,4189.316666666667,4090.866666666667,816.5987210768554,3914.430676581423,3966.3274510622955,-0.9749279121818236,-0.9749279121818236,,816.5987210768559,3564.853275889553,,11995.0548143808
2014-05-25,4387,6,25,4523.0,3305.0,5509.0,4637.0,6126.0,4071.0,5357.0,4056.0,2991.0,3727.4285714285716,594.2156895558091,3964.0714285714284,4094.25,4174.7,4212.583333333333,4101.277777777777,817.329636366348,4032.573007436067,4022.417124253989,-0.7818314824680299,-0.7818314824680299,,817.3296363663485,3568.0440790305493,,11995.0548143808
2014-05-26,4201,0,26,4387.0,3825.0,3890.0,3672.0,4269.0,4094.0,3728.0,5245.0,3252.0,3771.8571428571427,619.4859235881064,3971.714285714286,4111.142857142857,4139.9,4228.4,4114.177777777778,792.0210442171008,4074.6797555770504,4046.2281743534572,0.0,0.0,,792.0210442171012,3457.559681611434,,11995.0548143808
2014-05-27,3537,1,27,4201.0,4523.0,3066.0,3607.0,3699.0,3803.0,3130.0,5357.0,3766.0,3839.1428571428573,551.937323908982,3952.714285714286,4125.678571428572,4079.233333333333,4224.583333333333,4120.877777777778,764.8160781085352,3940.259816682788,3978.331084439663,0.7818314824680298,0.7818314824680298,,764.8160781085357,3338.7966832752454,,11995.0548143808
2014-05-28,3214,2,28,3537.0,4387.0,3096.0,3259.0,3737.0,3452.0,3382.0,3728.0,4816.0,3856.0,526.6817508388395,3935.714285714286,4119.678571428572,4062.1,4197.883333333333,4122.544444444445,778.5889690707211,3758.694862512091,3876.4202731810415,0.9749279121818236,0.9749279121818236,,778.5889690707216,3398.922096403828,,11995.0548143808
2014-05-29,3096,3,29,3214.0,4201.0,3305.0,3385.0,3574.0,3336.0,3920.0,3130.0,5577.0,3826.1428571428573,567.4681866476233,3918.5714285714284,4090.25,4060.9666666666667,4156.533333333334,4119.277777777777,780.0159805318382,3593.021146884068,3772.3642367569028,0.43388373911755823,0.43388373911755823,,780.0159805318387,3405.1517001866832,,11995.0548143808
2014-05-30,3893,4,30,3096.0,3537.0,3825.0,4056.0,4299.0,4339.0,4565.0,3382.0,3492.0,3835.8571428571427,568.0271204122286,3886.714285714286,4066.25,4078.0,4163.216666666666,4100.677777777778,770.1955864449615,3668.015860163051,3788.449005189316,-0.433883739117558,-0.433883739117558,,770.1955864449619,3362.2808713113163,,11995.0548143808
2014-05-31,5033,5,31,3893.0,3214.0,4523.0,5245.0,4960.0,4872.0,5682.0,3920.0,3669.0,3908.714285714286,690.3812266387581,3898.214285714286,4043.0714285714284,4115.1,4185.95,4097.377777777778,788.9015650322496,4009.2618951222885,3954.3891378307403,-0.9749279121818236,-0.9749279121818236,,788.90156503225,3443.9416274752216,,11995.0548143808
2014-06-01,5849,6,1,5033.0,3096.0,4387.0,5357.0,4071.0,5509.0,6126.0,4565.0,3908.0,4117.571428571428,1007.5018374082247,3922.5,4033.1785714285716,4157.9,4218.3,4120.855555555556,846.8531749955171,4469.196421341717,4207.003919453308,-0.7818314824680299,-0.7818314824680299,,846.8531749955175,3696.9287817389427,,11995.0548143808
2014-06-02,4264,0,2,5849.0,3893.0,4201.0,3728.0,4094.0,3890.0,4269.0,5682.0,3895.0,4126.571428571428,1008.6520472298406,3949.214285714286,4033.0,4110.633333333333,4224.45,4132.488888888889,796.9554343674455,4417.897316006288,4214.603396859534,0.0,0.0,,796.955434367446,3479.1007108072386,,11995.0548143808
2014-06-03,3733,1,3,4264.0,5033.0,3537.0,3130.0,3803.0,3066.0,3699.0,6126.0,4187.0,4154.571428571428,992.1432788233167,3996.8571428571427,4034.214285714286,4030.866666666667,4216.883333333333,4142.266666666666,702.4347672907697,4246.672987004716,4150.389610611596,0.7818314824680298,0.7818314824680298,,702.4347672907703,3066.471715719895,,11995.0548143808
2014-06-04,3633,2,4,3733.0,5849.0,3214.0,3382.0,3452.0,3096.0,3737.0,4269.0,5647.0,4214.428571428572,937.0495997442973,4035.214285714286,4030.5,4009.6666666666665,4183.316666666667,4147.455555555555,704.5940544804381,4093.2547402535365,4081.404329196717,0.9749279121818236,0.9749279121818236,,704.5940544804387,3075.8980616263943,,11995.0548143808
2014-06-05,3653,3,5,3633.0,4264.0,3096.0,3920.0,3336.0,3305.0,3574.0,3699.0,6118.0,4294.0,845.4160711349933,4060.0714285714284,4033.3214285714284,4008.133333333333,4142.233333333334,4144.033333333334,705.3430925166183,3983.1910551901524,4024.2837519704876,0.43388373911755823,0.43388373911755823,,705.3430925166189,3079.167979430725,,11995.0548143808
2014-06-06,4084,4,6,3653.0,3733.0,3893.0,4565.0,4339.0,3825.0,4299.0,3737.0,4321.0,4321.285714285715,833.3124092611162,4078.5714285714284,4025.6428571428573,4019.7,4138.283333333334,4134.666666666667,703.5865336579537,4008.393291392614,4032.2459183744227,-0.433883739117558,-0.433883739117558,,703.5865336579543,3071.499739890324,,11995.0548143808
2014-06-07,5273,5,7,4084.0,3633.0,5033.0,5682.0,4872.0,4523.0,4960.0,3574.0,3892.0,4355.571428571428,871.5361643180848,4132.142857142857,4036.8214285714284,4076.3333333333335,4161.3,4129.288888888889,734.1868283009184,4324.544968544461,4197.6797959245,-0.9749279121818236,-0.9749279121818236,,734.1868283009188,3205.0850098467904,,11995.0548143808
2014-06-08,5766,6,8,5273.0,3653.0,5849.0,6126.0,5509.0,4387.0,4071.0,4299.0,3823.0,4343.714285714285,848.0809148278438,4230.642857142857,4097.357142857143,4125.233333333334,4193.683333333333,4146.077777777778,795.7979159236932,4684.9087264083455,4406.789156467899,-0.7818314824680299,-0.7818314824680299,,795.7979159236936,3474.0475760060085,,11995.0548143808
2014-06-09,4482,0,9,5766.0,4084.0,4264.0,4269.0,3890.0,4201.0,4094.0,4960.0,3891.0,4374.857142857143,848.6682564605582,4250.714285714285,4111.214285714285,4109.3,4203.533333333334,4159.922222222222,783.1934252656223,4634.181544806259,4416.817268938847,0.0,0.0,,783.1934252656227,3419.0228023275863,,11995.0548143808
2014-06-10,3736,1,10,4482.0,5273.0,3733.0,3699.0,3066.0,3537.0,3803.0,4071.0,4248.0,4375.285714285715,848.290774496123,4264.928571428572,4108.821428571428,4098.133333333333,4195.0,4165.144444444444,786.1409776761396,4409.636158604694,4326.041633080334,0.7818314824680298,0.7818314824680298,,786.1409776761401,3431.8903119076067,,11995.0548143808
2014-06-11,3770,2,11,3736.0,5766.0,3633.0,3737.0,3096.0,3214.0,3452.0,4094.0,5018.0,4394.857142857143,829.6871757016638,4304.642857142857,4120.178571428572,4087.3333333333335,4174.2,4171.4,788.4219653220515,4249.72711895352,4251.902748669622,0.9749279121818236,0.9749279121818236,,788.421965322052,3441.847939897851,,11995.0548143808
2014-06-12,3662,3,12,3770.0,4482.0,3653.0,3574.0,3305.0,3096.0,3336.0,3803.0,5350.0,4396.142857142857,828.3518633550622,4345.071428571428,4131.821428571428,4082.633333333333,4146.066666666667,4168.122222222222,790.5926839745042,4102.79533921514,4173.249048847006,0.43388373911755823,0.43388373911755823,,790.5926839745047,3451.324189736972,,11995.0548143808
2014-06-13,4533,4,13,3662.0,3736.0,4084.0,4299.0,3825.0,3893.0,4339.0,3452.0,3740.0,4460.285714285715,817.465333472047,4390.785714285715,4138.75,4118.666666666667,4159.283333333334,4160.166666666667,785.4769398196825,4210.346504411355,4221.215842334072,-0.433883739117558,-0.433883739117558,,785.4769398196829,3428.9914615092325,,11995.0548143808
2014-06-14,5471,5,14,4533.0,3770.0,5273.0,4960.0,4523.0,5033.0,4872.0,3336.0,3388.0,4488.571428571428,852.9298246129507,4422.071428571428,4160.142857142857,4189.833333333333,4194.0,4163.455555555555,808.5010431543035,4525.509878308517,4387.853730022862,-0.9749279121818236,-0.9749279121818236,,808.5010431543039,3529.502946622272,,11995.0548143808
2014-06-15,4809,6,15,5471.0,3662.0,5766.0,4071.0,4387.0,5849.0,5509.0,4339.0,4031.0,4351.857142857143,671.4351367460131,4347.785714285715,4135.142857142857,4205.5,4206.966666666666,4178.711111111111,816.0100045870729,4596.382408731387,4444.006566019813,-0.7818314824680299,-0.7818314824680299,,816.0100045870734,3562.2832401388187,,11995.0548143808
2014-06-16,4076,0,16,4809.0,4533.0,4482.0,4094.0,4201.0,4264.0,3890.0,4872.0,3924.0,4293.857142857143,675.8405700980602,4334.357142857143,4141.785714285715,4178.966666666666,4209.5,4190.077777777778,806.4764777694324,4466.28680654854,4394.939023883839,0.0,0.0,,806.4764777694329,3520.66472736203,,11995.0548143808
2014-06-17,3532,1,17,4076.0,5471.0,3736.0,3803.0,3537.0,3733.0,3066.0,5509.0,4920.0,4264.714285714285,707.5591175031949,4320.0,4158.428571428572,4113.066666666667,4186.366666666667,4194.322222222222,774.1740396565543,4232.7151049114045,4279.880487365994,0.7818314824680298,0.7818314824680298,,774.1740396565548,3379.6487676822753,,11995.0548143808
2014-06-18,3888,2,18,3532.0,4809.0,3770.0,3452.0,3214.0,3633.0,3096.0,3890.0,6025.0,4281.571428571428,695.1045142381689,4338.214285714285,4186.714285714285,4113.0,4150.75,4201.366666666667,774.1939968945596,4146.536328683554,4227.629755717195,0.9749279121818236,0.9749279121818236,,774.1939968945601,3379.7358907984944,,11995.0548143808
2014-06-19,3602,3,19,3888.0,4076.0,3662.0,3336.0,3096.0,3653.0,3305.0,3066.0,4637.0,4273.0,704.3266287738915,4334.571428571428,4197.321428571428,4130.866666666667,4133.5,4198.611111111111,755.1489797445155,4010.402246512665,4144.212454954902,0.43388373911755823,0.43388373911755823,,755.1489797445159,3296.5950652934325,,11995.0548143808
2014-06-20,4721,4,20,3602.0,3532.0,4533.0,4339.0,3893.0,4084.0,3825.0,3096.0,3672.0,4299.857142857143,719.3180633005619,4380.071428571428,4229.321428571428,4185.033333333334,4150.983333333334,4196.344444444445,736.4063947039753,4188.051684884499,4221.117460960914,-0.433883739117558,-0.433883739117558,,736.4063947039758,3214.7745040362474,,11995.0548143808
2014-06-21,5047,5,21,4721.0,3888.0,5471.0,4872.0,5033.0,5273.0,4523.0,3305.0,3607.0,4239.285714285715,614.4747660361926,4363.928571428572,4248.035714285715,4243.1,4174.983333333334,4192.2444444444445,733.2947071854499,4402.788763663374,4331.235132832792,-0.9749279121818236,-0.9749279121818236,,733.2947071854504,3201.1904643388402,,11995.0548143808
2014-06-22,5306,6,22,5047.0,3602.0,4809.0,5509.0,5849.0,5766.0,4387.0,3825.0,3259.0,4310.285714285715,712.2140863265062,4331.071428571428,4280.857142857143,4292.466666666666,4209.1,4208.933333333333,753.7435186812627,4628.59157274753,4461.20378178842,-0.7818314824680299,-0.7818314824680299,,753.7435186812633,3290.4595395496935,,11995.0548143808
2014-06-23,4000,0,23,5306.0,4721.0,4076.0,3890.0,4264.0,4482.0,4201.0,4523.0,3385.0,4299.428571428572,716.944409082239,4296.642857142857,4273.678571428572,4275.033333333334,4219.35,4217.888888888889,754.2756965704049,4471.443679560648,4399.709944216631,0.0,0.0,,754.2756965704054,3292.7827566237575,,11995.0548143808
2014-06-24,3551,1,24,4000.0,5047.0,3532.0,3066.0,3733.0,3736.0,3537.0,4387.0,4056.0,4302.142857142857,713.5828446581878,4283.428571428572,4274.178571428572,4247.166666666667,4210.933333333333,4224.111111111111,765.3580222999158,4241.332759670486,4286.54861832108,0.7818314824680298,0.7818314824680298,,765.3580222999163,3341.1625350407794,,11995.0548143808
2014-06-25,3467,2,25,3551.0,5306.0,3888.0,3096.0,3633.0,3770.0,3214.0,4201.0,5245.0,4242.0,769.8302843267874,4261.785714285715,4283.214285714285,4222.7,4181.3,4226.5,778.5039653963998,4047.7495697528643,4177.275469211602,0.9749279121818236,0.9749279121818236,,778.5039653964003,3398.5510137422393,,11995.0548143808
2014-06-26,3386,3,26,3467.0,4000.0,3602.0,3305.0,3653.0,3662.0,3096.0,3537.0,5357.0,4211.142857142857,803.3578340464512,4242.071428571428,4293.571428571428,4217.666666666667,4148.45,4222.277777777777,783.5618644384671,3882.312177314648,4071.772073316722,0.43388373911755823,0.43388373911755823,,783.5618644384675,3420.631219728179,,11995.0548143808
2014-06-27,4030,4,27,3386.0,3551.0,4721.0,3825.0,4084.0,4533.0,3893.0,3214.0,3728.0,4112.428571428572,772.1128710974077,4206.142857142857,4298.464285714285,4244.866666666667,4153.483333333334,4213.544444444445,761.3686285274268,3919.234132985986,4066.202463541159,-0.433883739117558,-0.433883739117558,,761.3686285274273,3323.746877764319,,11995.0548143808
2014-06-28,4977,5,28,4030.0,3467.0,5047.0,4523.0,5273.0,5471.0,5033.0,3096.0,3130.0,4102.428571428572,758.3215802333569,4170.857142857143,4296.464285714285,4307.566666666667,4184.266666666666,4206.877777777778,740.6653431710577,4183.675599739489,4187.642135069004,-0.9749279121818236,-0.9749279121818236,,740.6653431710582,3233.3668995456383,,11995.0548143808
2014-06-29,5088,6,29,4977.0,3386.0,5306.0,4387.0,5766.0,4809.0,5849.0,3893.0,3382.0,4071.285714285714,703.1224915299146,4190.785714285715,4269.285714285715,4347.4,4212.7,4224.611111111111,749.6799133055262,4409.756699804617,4307.689850393137,-0.7818314824680299,-0.7818314824680299,,749.6799133055267,3272.7199122863617,,11995.0548143808
2014-06-30,4133,0,30,5088.0,4030.0,4000.0,4201.0,4482.0,4076.0,4264.0,5033.0,3920.0,4090.285714285714,702.6719752216544,4194.857142857143,4264.607142857143,4317.4,4216.25,4229.766666666666,739.2330415066418,4340.567524853463,4284.397870340718,0.0,0.0,,739.2330415066423,3227.114201434965,,11995.0548143808
2014-07-01,4366,1,1,4133.0,4977.0,3551.0,3537.0,3736.0,3532.0,3733.0,5849.0,4565.0,4206.714285714285,664.929498590064,4254.428571428572,4287.214285714285,4267.966666666666,4212.933333333333,4234.855555555556,680.5361214833978,4346.9256436400965,4295.278154295289,0.7818314824680298,0.7818314824680298,,680.5361214833983,2970.873403808496,,11995.0548143808
2014-07-02,4149,2,2,4366.0,5088.0,3467.0,3214.0,3770.0,3888.0,3633.0,4264.0,5682.0,4304.142857142857,583.451634262691,4273.071428571428,4305.642857142857,4264.133333333333,4187.383333333333,4237.677777777778,680.8830338223403,4297.444232730072,4275.77440038925,0.9749279121818236,0.9749279121818236,,680.8830338223408,2972.387846038205,,11995.0548143808
2014-07-03,5391,3,3,4149.0,4133.0,3386.0,3096.0,3662.0,3602.0,3653.0,3733.0,6126.0,4590.571428571428,548.7072252555206,4400.857142857143,4367.714285714285,4319.4,4175.133333333333,4251.055555555556,703.2079988560714,4570.833174547554,4424.4711470040165,0.43388373911755823,0.43388373911755823,,703.2079988560719,3069.8472501255224,,11995.0548143808
2014-07-04,4305,4,4,5391.0,4366.0,4030.0,3893.0,4533.0,4721.0,4084.0,3633.0,4269.0,4629.857142857143,510.3895337783383,4371.142857142857,4375.607142857143,4341.8,4175.733333333334,4236.144444444444,691.1896989973072,4504.3748809106655,4408.541660736814,-0.433883739117558,-0.433883739117558,,691.1896989973078,3017.38148632217,,11995.0548143808
2014-07-05,4906,5,5,4305.0,4149.0,4977.0,5033.0,5471.0,5047.0,5273.0,3653.0,3699.0,4619.714285714285,502.9929470299739,4361.071428571428,4362.5,4383.566666666667,4195.85,4222.677777777778,685.9701251830626,4604.781160682999,4474.869439305239,-0.9749279121818236,-0.9749279121818236,,685.9701251830631,2994.5954907894807,,11995.0548143808
2014-07-06,5714,6,6,4906.0,5391.0,5088.0,5849.0,4809.0,5306.0,5766.0,4084.0,3737.0,4709.142857142857,637.7302012009486,4390.214285714285,4360.642857142857,4437.9,4228.8,4238.155555555555,724.8744171852418,4882.085870512249,4640.0868473978735,-0.7818314824680299,-0.7818314824680299,,724.8744171852422,3164.431775381309,,11995.0548143808
2014-07-07,4536,0,7,5714.0,4305.0,4133.0,4264.0,4076.0,4000.0,4482.0,5273.0,3574.0,4766.714285714285,593.7220770376467,4428.5,4362.571428571428,4413.333333333333,4244.833333333333,4245.311111111111,707.8858924866336,4795.564402884186,4626.208601078157,0.0,0.0,,707.8858924866341,3090.268546415556,,11995.0548143808
2014-07-08,4331,1,8,4536.0,4906.0,4366.0,3733.0,3532.0,3551.0,3736.0,5766.0,4299.0,4761.714285714285,597.7925265189398,4484.214285714285,4383.821428571428,4365.5,4245.366666666667,4250.955555555555,660.2089925115316,4679.42330216314,4586.847454267736,0.7818314824680298,0.7818314824680298,,660.2089925115322,2882.135532398131,,11995.0548143808
2014-07-09,3841,2,9,4331.0,5714.0,4149.0,3633.0,3888.0,3467.0,3770.0,4482.0,4960.0,4717.714285714285,658.6450015715833,4510.928571428572,4386.357142857143,4344.133333333333,4226.716666666666,4250.4,666.6497158764481,4469.817476622355,4487.401127032038,0.9749279121818236,0.9749279121818236,,666.6497158764487,2910.252443671569,,11995.0548143808
2014-07-10,4124,3,10,3841.0,4536.0,5391.0,3653.0,3602.0,3386.0,3662.0,3736.0,4071.0,4536.714285714285,615.458559202187,4563.642857142857,4402.857142857143,4357.066666666667,4227.6,4249.022222222222,658.1543647322261,4383.3631074667655,4438.947643427767,0.43388373911755823,0.43388373911755823,,658.1543647322267,2873.166076065733,,11995.0548143808
2014-07-11,4602,4,11,4124.0,4331.0,4305.0,4084.0,4721.0,4030.0,4533.0,3770.0,4094.0,4579.142857142857,607.00149054496,4604.5,4405.321428571428,4384.8,4236.066666666667,4244.4,650.0429375738526,4438.022330600074,4460.687957637398,-0.433883739117558,-0.433883739117558,,650.0429375738531,2837.755724651595,,11995.0548143808
2014-07-12,5323,5,12,4602.0,3841.0,4906.0,5273.0,5047.0,4977.0,5471.0,3662.0,3803.0,4638.714285714285,662.3633731534612,4629.214285714285,4400.035714285715,4440.166666666667,4261.4,4244.1,657.0554526187883,4659.266747950055,4575.662896619078,-0.9749279121818236,-0.9749279121818236,,657.055452618789,2868.368786593693,,11995.0548143808
2014-07-13,5436,6,13,5323.0,4124.0,5714.0,5766.0,5306.0,5088.0,4809.0,4533.0,3452.0,4599.0,591.7116414831299,4654.071428571428,4422.428571428572,4470.266666666666,4294.466666666666,4262.944444444444,681.6769349759093,4853.450060962541,4690.374510403201,-0.7818314824680299,-0.7818314824680299,,681.6769349759098,2975.8536133177586,,11995.0548143808
2014-07-14,4062,0,14,5436.0,4602.0,4536.0,4482.0,4000.0,4133.0,4076.0,5471.0,3336.0,4531.285714285715,626.237365617249,4649.0,4421.928571428572,4423.3,4306.566666666667,4270.433333333333,658.4951051057742,4655.587545721905,4606.591242349441,0.0,0.0,,658.4951051057748,2874.6535746443114,,11995.0548143808
2014-07-15,3805,1,15,4062.0,5323.0,4331.0,3736.0,3551.0,4366.0,3532.0,4809.0,4339.0,4456.142857142857,683.2387158652073,4608.928571428572,4431.678571428572,4389.833333333333,4297.666666666667,4267.922222222222,663.7092260784068,4442.940659291428,4499.712410036182,0.7818314824680298,0.7818314824680298,,663.7092260784074,2897.415765853308,,11995.0548143808
2014-07-16,3815,2,16,3805.0,5436.0,3841.0,3770.0,3467.0,4149.0,3888.0,4076.0,4872.0,4452.428571428572,687.1993541767534,4585.071428571428,4429.071428571428,4381.133333333333,4280.05,4266.711111111111,669.6488906745069,4285.955494468571,4408.417422031358,0.9749279121818236,0.9749279121818236,,669.6488906745075,2923.3453102507942,,11995.0548143808
2014-07-17,3645,3,17,3815.0,4062.0,4124.0,3662.0,3386.0,5391.0,3602.0,3532.0,5509.0,4384.0,746.6319932425403,4460.357142857143,4430.607142857143,4384.9,4248.983333333334,4252.544444444445,665.009688806776,4125.716620851427,4306.628432427177,0.43388373911755823,0.43388373911755823,,665.0096888067766,2903.092922451455,,11995.0548143808
2014-07-18,4497,4,18,3645.0,3805.0,4602.0,4533.0,4030.0,4305.0,4721.0,3888.0,3890.0,4369.0,742.5660464452498,4474.071428571428,4422.607142857143,4405.2,4259.1,4235.566666666667,658.582406542177,4218.53746563857,4332.011308103554,-0.433883739117558,-0.433883739117558,,658.5824065421775,2875.034688162515,,11995.0548143808
2014-07-19,5043,5,19,4497.0,3815.0,5323.0,5471.0,4977.0,4906.0,5047.0,3602.0,3066.0,4329.0,688.1601073393672,4483.857142857143,4422.464285714285,4453.233333333334,4292.05,4240.077777777778,650.4808663375528,4424.653099228927,4426.809800356414,-0.9749279121818236,-0.9749279121818236,,650.4808663375535,2839.667498142771,,11995.0548143808
2014-07-20,5776,6,20,5043.0,3645.0,5436.0,4809.0,5088.0,5714.0,5306.0,4721.0,3096.0,4377.571428571428,784.5626928726695,4488.285714285715,4439.25,4488.4,4336.716666666666,4263.455555555555,692.6099364995569,4762.489824421696,4606.701826975559,-0.7818314824680299,-0.7818314824680299,,692.6099364995574,3023.5815184576104,,11995.0548143808
2014-07-21,3904,0,21,5776.0,4497.0,4062.0,4076.0,4133.0,4536.0,4000.0,5047.0,3305.0,4355.0,797.3236482131931,4443.142857142857,4435.821428571428,4450.3,4346.7,4266.7555555555555,692.2598749622482,4547.8673683162715,4513.008250045484,0.0,0.0,,692.2598749622488,3022.0533284349854,,11995.0548143808
2014-07-22,3485,1,22,3904.0,5043.0,3805.0,3532.0,4366.0,4331.0,3551.0,5306.0,3825.0,4309.285714285715,842.0333948812447,4382.714285714285,4433.464285714285,4389.6,4341.033333333334,4269.266666666666,694.4741300015199,4282.150526237204,4375.940483372752,0.7818314824680298,0.7818314824680298,,694.4741300015205,3031.71963592074,,11995.0548143808
2014-07-23,3799,2,23,3485.0,5776.0,3815.0,3888.0,4149.0,3841.0,3467.0,4000.0,4523.0,4307.0,843.6189898289371,4379.714285714285,4445.321428571428,4382.9,4328.966666666666,4273.866666666667,699.3151502079255,4161.362894677903,4299.015085589718,0.9749279121818236,0.9749279121818236,,699.3151502079261,3052.85305959142,,11995.0548143808
2014-07-24,3765,3,24,3799.0,3904.0,3645.0,3602.0,5391.0,4124.0,3386.0,3551.0,4387.0,4324.142857142857,829.0175769289447,4354.071428571428,4458.857142857143,4390.033333333334,4318.6,4270.633333333333,691.585508879374,4062.272171008427,4227.813074177756,0.43388373911755823,0.43388373911755823,,691.5855088793745,3019.1093902709476,,11995.0548143808
2014-07-25,4056,4,25,3765.0,3485.0,4497.0,4721.0,4305.0,4602.0,4030.0,3467.0,4201.0,4261.142857142857,830.4475557536066,4315.071428571428,4459.785714285715,4409.666666666667,4316.183333333333,4257.422222222222,672.5773552912434,4060.7041282563205,4204.904664287388,-0.433883739117558,-0.433883739117558,,672.577355291244,2936.12949226437,,11995.0548143808
2014-07-26,4452,5,26,4056.0,3799.0,5043.0,5047.0,4906.0,5323.0,4977.0,3386.0,3537.0,4176.714285714285,765.189238965479,4252.857142857143,4441.035714285715,4445.2,4331.433333333333,4247.366666666667,644.1907192428416,4158.528096192241,4237.85070904907,-0.9749279121818236,-0.9749279121818236,,644.1907192428422,2812.2079260204455,,11995.0548143808
2014-07-27,5254,6,27,4452.0,3765.0,5776.0,5306.0,5714.0,5436.0,5088.0,4030.0,3214.0,4102.142857142857,588.3580056879833,4239.857142857143,4446.964285714285,4486.0,4365.433333333333,4264.322222222222,655.6464564550456,4432.396072144181,4373.337281175861,-0.7818314824680299,-0.7818314824680299,,655.6464564550462,2862.2178284053057,,11995.0548143808
2014-07-28,4418,0,28,5254.0,4056.0,3904.0,4000.0,4536.0,4062.0,4133.0,4977.0,3096.0,4175.571428571428,591.5732857228678,4265.285714285715,4457.142857142857,4467.366666666667,4387.466666666666,4278.633333333333,649.1220321662693,4428.797054108135,4379.292310352413,0.0,0.0,,649.1220321662698,2833.7355216139526,,11995.0548143808
2014-07-29,3677,1,29,4418.0,4452.0,3485.0,3551.0,4331.0,3805.0,4366.0,5088.0,3893.0,4203.0,557.6994411568509,4256.142857142857,4432.535714285715,4420.333333333333,4383.866666666667,4281.9111111111115,653.7043691905686,4240.8477905811005,4285.653335638757,0.7818314824680298,0.7818314824680298,,653.7043691905692,2853.739666527089,,11995.0548143808
2014-07-30,3702,2,30,3677.0,5254.0,3799.0,3467.0,3841.0,3815.0,4149.0,4133.0,5033.0,4189.142857142857,570.4695225780896,4248.071428571428,4416.571428571428,4405.966666666666,4361.683333333333,4279.488888888889,664.8775611075745,4106.135842935825,4207.832890886923,0.9749279121818236,0.9749279121818236,,664.877561107575,2902.51612034636,,11995.0548143808
2014-07-31,3853,3,31,3702.0,4418.0,3765.0,3386.0,4124.0,3645.0,5391.0,4366.0,5849.0,4201.714285714285,560.4464631838041,4262.928571428572,4361.642857142857,4388.866666666667,4328.416666666667,4271.577777777778,672.4942114009641,4042.8518822018686,4160.521838768667,0.43388373911755823,0.43388373911755823,,672.4942114009646,2935.7665284707923,,11995.0548143808
2014-08-01,5076,4,1,3853.0,3677.0,4056.0,4030.0,4602.0,4497.0,4305.0,4149.0,4264.0,4347.428571428572,642.7954203173417,4304.285714285715,4389.178571428572,4419.766666666666,4341.95,4264.844444444445,682.317990551234,4301.138911651401,4282.585593599511,-0.433883739117558,-0.433883739117558,,682.3179905512345,2978.6521348054116,,11995.0548143808
2014-08-02,5653,5,2,5076.0,3702.0,4452.0,4977.0,5323.0,5043.0,4906.0,5391.0,3733.0,4519.0,813.084661438562,4347.857142857143,4415.857142857143,4428.5,4373.95,4259.5888888888885,696.7030609753358,4639.10418373855,4465.307514452909,-0.9749279121818236,-0.9749279121818236,,696.7030609753364,3041.450011047046,,11995.0548143808
2014-08-03,6172,6,3,5653.0,3853.0,5254.0,5088.0,5436.0,5776.0,5714.0,4305.0,3633.0,4650.142857142857,1003.1977918256213,4376.142857142857,4432.214285714285,4490.733333333334,4416.266666666666,4280.733333333334,765.2993524435807,5022.328137803913,4692.866512525854,-0.7818314824680299,-0.7818314824680299,,765.2993524435811,3340.9064123894036,,11995.0548143808
2014-08-04,4876,0,4,6172.0,5076.0,4418.0,4133.0,4062.0,3904.0,4536.0,4906.0,3653.0,4715.571428571428,1000.4657010850555,4445.571428571428,4444.357142857143,4489.733333333334,4436.65,4293.811111111111,764.7574298016141,4985.746103352934,4717.28431085574,0.0,0.0,,764.7574298016146,3338.540654697614,,11995.0548143808
2014-08-05,4137,1,5,4876.0,5653.0,3677.0,4366.0,3805.0,3485.0,4331.0,5714.0,4084.0,4781.285714285715,933.7625883641748,4492.142857142857,4437.428571428572,4437.166666666667,4437.533333333334,4298.2555555555555,731.1648280292997,4773.5595775147,4639.913069408308,0.7818314824680298,0.7818314824680298,,731.1648280293001,3191.8924988986805,,11995.0548143808
2014-08-06,3965,2,6,4137.0,6172.0,3702.0,4149.0,3815.0,3799.0,3841.0,4536.0,5273.0,4818.857142857143,887.229663723248,4504.0,4441.857142857143,4418.133333333333,4415.733333333334,4302.6,735.9198669520354,4571.419683136025,4549.924660153866,0.9749279121818236,0.9749279121818236,,735.9198669520359,3212.650572164266,,11995.0548143808
2014-08-07,4064,3,7,3965.0,4876.0,3853.0,5391.0,3645.0,3765.0,4124.0,4331.0,5766.0,4849.0,851.82431678525,4525.357142857143,4439.714285714285,4409.233333333334,4387.366666666667,4299.988888888889,738.6195270551106,4444.564762352019,4485.134705466685,0.43388373911755823,0.43388373911755823,,738.619527055111,3224.435910438547,,11995.0548143808
2014-08-08,4482,4,8,4064.0,4137.0,5076.0,4305.0,4497.0,4056.0,4602.0,3841.0,4482.0,4764.142857142857,855.0226953267388,4555.785714285715,4435.428571428572,4430.6,4387.366666666667,4294.677777777778,730.8454056067812,4453.923571764014,4484.716744737793,-0.433883739117558,-0.433883739117558,,730.8454056067817,3190.498063614964,,11995.0548143808
2014-08-09,5613,5,9,4482.0,3965.0,5653.0,4906.0,5043.0,4452.0,5323.0,4124.0,3736.0,4758.428571428572,848.1986514849834,4638.714285714285,4445.785714285715,4480.233333333334,4418.65,4311.811111111111,759.3117883676059,4743.69267882301,4635.154512106087,-0.9749279121818236,-0.9749279121818236,,759.3117883676064,3314.767763307649,,11995.0548143808
2014-08-10,6134,6,10,5613.0,4064.0,6172.0,5714.0,5776.0,5254.0,5436.0,4602.0,3770.0,4753.0,837.7004237792839,4701.571428571428,4470.714285714285,4531.3,4458.05,4334.477777777778,817.1008526787039,5091.269509117258,4835.000577158609,-0.7818314824680299,-0.7818314824680299,,817.1008526787043,3567.045326207017,,11995.0548143808
2014-08-11,4038,0,11,6134.0,4482.0,4876.0,4536.0,3904.0,4418.0,4062.0,5323.0,3662.0,4633.285714285715,876.187520698945,4674.428571428572,4469.857142857143,4488.466666666666,4464.316666666667,4337.0888888888885,807.7955414469667,4827.952131837944,4728.733833537461,0.0,0.0,,807.7955414469671,3526.423086211483,,11995.0548143808
2014-08-12,3883,1,12,4038.0,5613.0,4137.0,4331.0,3485.0,3677.0,3805.0,5436.0,4533.0,4597.0,904.9530374555318,4689.142857142857,4472.642857142857,4436.7,4453.483333333334,4341.877777777778,794.6339929543724,4591.714098878458,4615.969322399132,0.7818314824680298,0.7818314824680298,,794.6339929543728,3468.966482314612,,11995.0548143808
2014-08-13,3830,2,13,3883.0,6134.0,3965.0,3841.0,3799.0,3702.0,3815.0,4062.0,5471.0,4577.714285714285,921.9455360424306,4698.285714285715,4473.178571428572,4428.966666666666,4426.133333333333,4347.366666666667,799.520178664643,4401.285574158844,4511.173412745914,0.9749279121818236,0.9749279121818236,,799.5201786646436,3490.2970755255515,,11995.0548143808
2014-08-14,3741,3,14,3830.0,4038.0,4064.0,4124.0,3765.0,3853.0,3645.0,3805.0,4809.0,4531.571428571428,959.2693151808896,4690.285714285715,4476.607142857143,4426.833333333333,4408.333333333333,4340.722222222223,801.3258445822094,4236.214180619133,4408.483624379793,0.43388373911755823,0.43388373911755823,,801.3258445822097,3498.179691423981,,11995.0548143808
2014-08-15,4356,4,15,3741.0,3883.0,4482.0,4602.0,4056.0,5076.0,4497.0,3815.0,4076.0,4513.571428571428,961.5339926636046,4638.857142857143,4471.571428571428,4444.866666666667,4413.0,4334.988888888889,793.1276252186948,4266.160635464349,4401.485807795821,-0.433883739117558,-0.433883739117558,,793.1276252186952,3462.390449535448,,11995.0548143808
2014-08-16,5555,5,16,4356.0,3830.0,5613.0,5323.0,4452.0,5653.0,5043.0,3645.0,3532.0,4505.285714285715,950.6695384982971,4631.857142857143,4489.857142857143,4508.533333333334,4446.716666666666,4335.5,803.3013233475613,4588.370476598261,4555.2877000897115,-0.9749279121818236,-0.9749279121818236,,803.3013233475618,3506.8036235541085,,11995.0548143808
2014-08-17,6129,6,17,5555.0,3741.0,6134.0,5436.0,5254.0,6172.0,5776.0,4497.0,3888.0,4504.571428571428,949.2426555141806,4628.785714285715,4502.464285714285,4562.933333333333,4484.066666666667,4360.377777777778,856.0232003516139,4973.527857448696,4765.116006744417,-0.7818314824680299,-0.7818314824680299,,856.0232003516144,3736.960432642784,,11995.0548143808
2014-08-18,4559,0,18,6129.0,4356.0,4038.0,4062.0,4418.0,4876.0,3904.0,5043.0,3602.0,4579.0,926.7205619818703,4606.142857142857,4525.857142857143,4546.8,4500.016666666666,4376.966666666666,851.2108778796703,4869.895893086522,4737.6338725118285,0.0,0.0,,851.2108778796708,3715.952288635257,,11995.0548143808
2014-08-19,3695,1,19,4559.0,5555.0,3883.0,3805.0,3677.0,4137.0,3485.0,5776.0,4721.0,4552.142857142857,952.615422327991,4574.571428571428,4533.357142857143,4477.433333333333,4482.916666666667,4383.622222222222,832.1662086690156,4576.171919814891,4598.616022843585,0.7818314824680298,0.7818314824680298,,832.1662086690161,3632.812982056003,,11995.0548143808
2014-08-20,3521,2,20,3695.0,6129.0,3830.0,3815.0,3702.0,3965.0,3799.0,3904.0,5047.0,4508.0,997.7459596510498,4542.857142857143,4523.428571428572,4464.666666666667,4457.483333333334,4386.022222222222,844.11893807045,4312.378939861169,4454.933886464441,0.9749279121818236,0.9749279121818236,,844.1189380704504,3684.992498705668,,11995.0548143808
2014-08-21,3505,3,21,3521.0,4559.0,3741.0,3645.0,3853.0,4064.0,3765.0,3485.0,5306.0,4474.285714285715,1031.4023971088586,4502.928571428572,4514.142857142857,4465.333333333333,4427.466666666666,4382.466666666666,843.3260642092721,4110.534204895876,4328.276034935849,0.43388373911755823,0.43388373911755823,,843.3260642092725,3681.5312160604294,,11995.0548143808
2014-08-22,4016,4,22,3505.0,3695.0,4356.0,4497.0,5076.0,4482.0,4056.0,3799.0,4000.0,4425.714285714285,1045.8063419017403,4469.642857142857,4512.714285714285,4472.566666666667,4427.733333333334,4376.833333333333,838.3295658149777,4086.900653671907,4286.639230277736,-0.433883739117558,-0.433883739117558,,838.3295658149782,3659.7190539676594,,11995.0548143808
2014-08-23,5381,5,23,4016.0,3521.0,5555.0,5043.0,5653.0,5613.0,4452.0,3765.0,3551.0,4400.857142857143,1016.1385123055181,4453.071428571428,4545.892857142857,4526.433333333333,4458.233333333334,4387.877777777778,843.2009897974453,4410.425490253931,4432.553999574037,-0.9749279121818236,-0.9749279121818236,,843.2009897974458,3680.985205008462,,11995.0548143808
2014-08-24,6440,6,24,5381.0,3505.0,6129.0,5776.0,6172.0,6134.0,5254.0,4056.0,3467.0,4445.285714285715,1107.0255513892018,4474.928571428572,4588.25,4605.9,4507.783333333334,4412.7555555555555,907.2434699644265,4917.819117690448,4700.213466297499,-0.7818314824680299,-0.7818314824680299,,907.2434699644269,3960.5619901867326,,11995.0548143808
2014-08-25,3889,0,25,6440.0,4016.0,4559.0,3904.0,4876.0,4038.0,4418.0,4452.0,3386.0,4349.571428571428,1124.3833653967617,4464.285714285715,4569.357142857143,4587.133333333333,4516.166666666667,4416.666666666667,916.314308872053,4660.614338267836,4592.051670791166,0.0,0.0,,916.3143088720533,4000.1606436750403,,11995.0548143808
2014-08-26,3613,1,26,3889.0,5381.0,3695.0,3485.0,4137.0,3883.0,3677.0,5254.0,4030.0,4337.857142857143,1132.7356897604748,4445.0,4567.071428571428,4532.433333333333,4509.216666666666,4421.1,924.0799220299292,4398.710753700877,4461.5114480190105,0.7818314824680298,0.7818314824680298,,924.0799220299297,4034.061347644599,,11995.0548143808
2014-08-27,3010,2,27,3613.0,6440.0,3521.0,3799.0,3965.0,3830.0,3702.0,4418.0,4977.0,4264.857142857143,1208.1105673145728,4386.428571428572,4542.357142857143,4485.5,4476.433333333333,4420.144444444444,964.9444061170265,4051.5330652756575,4267.9765882831425,0.9749279121818236,0.9749279121818236,,964.9444061170269,4212.454830521136,,11995.0548143808
2014-08-28,3403,3,28,3010.0,3889.0,3505.0,3765.0,4064.0,3741.0,3853.0,3677.0,5088.0,4250.285714285715,1219.3656430409083,4362.285714285715,4526.285714285715,4476.366666666667,4448.35,4414.7,974.1140088813218,3889.3997989567433,4152.646376512057,0.43388373911755823,0.43388373911755823,,974.1140088813221,4252.484636604834,,11995.0548143808
2014-08-29,4299,4,29,3403.0,3613.0,4016.0,4056.0,4482.0,4356.0,5076.0,3702.0,4133.0,4290.714285714285,1214.9867920112963,4358.214285714285,4498.535714285715,4496.266666666666,4451.116666666667,4406.544444444445,963.7924348485277,3991.7998492175575,4172.160192977116,-0.433883739117558,-0.433883739117558,,963.7924348485282,4207.425911856135,,11995.0548143808
2014-08-30,5411,5,30,4299.0,3010.0,5381.0,4452.0,5613.0,5555.0,5653.0,3853.0,4366.0,4295.0,1219.5180742134694,4347.928571428572,4489.892857142857,4548.2,4468.533333333334,4401.677777777778,969.8917963111729,4346.599886913168,4337.338833913501,-0.9749279121818236,-0.9749279121818236,,969.8917963111733,4234.052611273778,,11995.0548143808
2014-08-31,5116,6,31,5411.0,3403.0,6440.0,5254.0,6134.0,6129.0,6172.0,5076.0,4149.0,4105.857142857143,889.3758913926514,4275.571428571428,4452.178571428572,4549.533333333334,4484.65,4411.144444444444,970.6695781186546,4538.949915184876,4441.160322725034,-0.7818314824680299,-0.7818314824680299,,970.6695781186551,4237.448009714609,,11995.0548143808
2014-09-01,5167,0,1,5116.0,4299.0,3889.0,4418.0,4038.0,4559.0,4876.0,5653.0,5391.0,4288.428571428572,965.3676082444525,4319.0,4462.571428571428,4533.333333333333,4480.916666666667,4427.077777777778,955.5561057647831,4695.962436388657,4537.938946361697,0.0,0.0,,955.5561057647835,4171.470302377868,,11995.0548143808
2014-09-02,3896,1,2,5167.0,5411.0,3613.0,3677.0,3883.0,3695.0,4137.0,6172.0,4305.0,4328.857142857143,937.9021677075235,4333.357142857143,4453.964285714285,4457.466666666666,4474.1,4430.0,910.2449360903637,4495.971827291492,4452.347086846804,0.7818314824680298,0.7818314824680298,,910.2449360903641,3973.6648595341258,,11995.0548143808
2014-09-03,4079,2,3,3896.0,5116.0,3010.0,3702.0,3830.0,3521.0,3965.0,4876.0,4906.0,4481.571428571428,756.9407412170916,4373.214285714285,4458.035714285715,4430.9,4460.316666666667,4434.733333333334,909.238459295502,4391.728870468619,4402.56747526723,0.9749279121818236,0.9749279121818236,,909.2384592955024,3969.271095489849,,11995.0548143808
2014-09-04,3581,3,4,4079.0,5167.0,3403.0,3853.0,3741.0,3505.0,4064.0,4137.0,5714.0,4507.0,716.5823981464571,4378.642857142857,4440.785714285715,4412.366666666667,4424.766666666666,4429.144444444444,921.025870441747,4189.0466528514635,4293.0251452316,0.43388373911755823,0.43388373911755823,,921.0258704417473,4020.7289170053373,,11995.0548143808
2014-09-05,4302,4,5,3581.0,3896.0,4299.0,5076.0,4356.0,4016.0,4482.0,3965.0,4536.0,4507.428571428572,716.4381473983733,4399.071428571428,4434.357142857143,4423.6,4420.866666666667,4418.355555555556,917.4294899148961,4217.284989638597,4294.221792534053,-0.433883739117558,-0.433883739117558,,917.4294899148964,4005.028954990232,,11995.0548143808
2014-09-06,5682,5,6,4302.0,4079.0,5411.0,5653.0,5555.0,5381.0,5613.0,4064.0,4331.0,4546.142857142857,778.0731389296276,4420.571428571428,4436.821428571428,4477.533333333334,4443.383333333333,4417.422222222222,942.7696443452344,4583.463742228948,4479.258886862845,-0.9749279121818236,-0.9749279121818236,,942.7696443452348,4115.6511372212,,11995.0548143808
2014-09-07,6056,6,7,5682.0,3581.0,5116.0,6172.0,6129.0,6440.0,6134.0,4482.0,3841.0,4680.428571428572,954.0343909145059,4393.142857142857,4434.035714285715,4530.0,4480.3,4434.9111111111115,985.8407579320249,4951.597806671711,4689.491035281133,-0.7818314824680299,-0.7818314824680299,,985.8407579320252,4303.677638369282,,11995.0548143808
2014-09-08,3824,0,8,6056.0,4302.0,5167.0,4876.0,4559.0,3889.0,4038.0,5613.0,4124.0,4488.571428571428,974.6917217156134,4388.5,4426.392857142857,4470.366666666667,4475.3,4435.888888888889,972.0834533258316,4669.698355003783,4574.092230576982,0.0,0.0,,972.083453325832,4243.6202673166745,,11995.0548143808
2014-09-09,3877,1,9,3824.0,5682.0,3896.0,4137.0,3695.0,3613.0,3883.0,6134.0,4602.0,4485.857142857143,976.6414266200624,4407.357142857143,4426.178571428572,4395.133333333333,4463.216666666666,4437.077777777778,925.0917469256085,4471.523766252837,4481.146599833384,0.7818314824680298,0.7818314824680298,,925.091746925609,4038.4784587677127,,11995.0548143808
2014-09-10,3723,2,10,3877.0,6056.0,4079.0,3965.0,3521.0,3010.0,3830.0,4038.0,5323.0,4435.0,1010.0564340669263,4458.285714285715,4422.357142857143,4384.633333333333,4436.55,4437.7555555555555,931.053518345201,4284.392824689628,4380.0603865222665,0.9749279121818236,0.9749279121818236,,931.0535183452014,4064.504510274642,,11995.0548143808
2014-09-11,3803,3,11,3723.0,3824.0,3581.0,4064.0,3505.0,3403.0,3741.0,3883.0,5436.0,4466.714285714285,981.8648437685129,4486.857142857143,4424.571428571428,4381.966666666666,4409.333333333333,4429.644444444444,932.6530006064522,4164.04461851722,4303.119001652632,0.43388373911755823,0.43388373911755823,,932.6530006064526,4071.4870335526966,,11995.0548143808
2014-09-12,4158,4,12,3803.0,3877.0,4302.0,4482.0,4016.0,4299.0,4356.0,3830.0,4062.0,4446.142857142857,987.383989568971,4476.785714285715,4417.5,4392.9,4410.933333333333,4415.055555555556,927.8695415880863,4162.533463887915,4283.7698014322805,-0.433883739117558,-0.433883739117558,,927.8695415880868,4050.604892653409,,11995.0548143808
2014-09-13,5325,5,13,4158.0,3723.0,5682.0,5613.0,5381.0,5411.0,5555.0,3741.0,3805.0,4395.142857142857,919.8190815900365,4470.642857142857,4409.285714285715,4445.7,4436.266666666666,4420.788888888889,934.5387263428263,4453.150097915936,4422.600494574644,-0.9749279121818236,-0.9749279121818236,,934.5387263428267,4079.719149762575,,11995.0548143808
2014-09-14,5552,6,14,5325.0,3803.0,6056.0,6134.0,6440.0,5116.0,6129.0,4356.0,3815.0,4323.142857142857,776.7439364791584,4501.785714285715,4388.678571428572,4485.566666666667,4465.216666666666,4437.188888888889,955.8475092395907,4727.862573436952,4573.187095298025,-0.7818314824680299,-0.7818314824680299,,955.8475092395912,4172.742421234978,,11995.0548143808
2014-09-15,3962,0,15,5552.0,4158.0,3824.0,4038.0,3889.0,5167.0,4559.0,5555.0,3645.0,4342.857142857143,763.6040484813701,4415.714285714285,4367.357142857143,4432.466666666666,4470.5,4441.966666666666,938.4788768527717,4536.3969300777135,4491.695482591622,0.0,0.0,,938.478876852772,4096.919836085416,,11995.0548143808
2014-09-16,3294,1,16,3962.0,5325.0,3877.0,3883.0,3613.0,3896.0,3695.0,6129.0,4497.0,4259.571428571428,849.8107352312527,4372.714285714285,4353.035714285715,4337.966666666666,4450.45,4435.366666666667,903.8520814035115,4225.797697558285,4332.002751579405,0.7818314824680298,0.7818314824680298,,903.852081403512,3945.7569184799713,,11995.0548143808
2014-09-17,3488,2,17,3294.0,5552.0,3723.0,3830.0,3010.0,4079.0,3521.0,4559.0,5043.0,4226.0,878.6916410208968,4330.5,4351.857142857143,4302.266666666666,4424.533333333334,4434.1,915.8915360167465,4041.3482731687136,4219.469051368817,0.9749279121818236,0.9749279121818236,,915.891536016747,3998.3150331452957,,11995.0548143808
2014-09-18,3168,3,18,3488.0,3962.0,3803.0,3741.0,3403.0,3581.0,3505.0,3695.0,5776.0,4135.285714285715,958.768778918342,4301.0,4339.821428571428,4284.7,4381.066666666667,4416.844444444445,932.8375750254162,3823.0112048765354,4079.273177852975,0.43388373911755823,0.43388373911755823,,932.8375750254166,4072.2927912707855,,11995.0548143808
2014-09-19,4173,4,19,3168.0,3294.0,4158.0,4356.0,4299.0,4302.0,4016.0,3521.0,3904.0,4137.428571428572,958.8447662235442,4291.785714285715,4345.428571428572,4306.433333333333,4385.55,4407.133333333333,921.9630736615167,3910.5084036574017,4091.7700874725783,-0.433883739117558,-0.433883739117558,,921.963073661517,4024.820267973612,,11995.0548143808
2014-09-20,5416,5,20,4173.0,3488.0,5325.0,5555.0,5411.0,5682.0,5381.0,3505.0,3485.0,4150.428571428572,978.0538255711098,4272.785714285715,4346.678571428572,4370.133333333333,4417.733333333334,4408.355555555556,930.657414405803,4286.8813027430515,4268.334075809568,-0.9749279121818236,-0.9749279121818236,,930.6574144058035,4062.7753226216255,,11995.0548143808
2014-09-21,5717,6,21,5416.0,3168.0,5552.0,6129.0,5116.0,6056.0,6440.0,4016.0,3799.0,4174.0,1018.609346118519,4248.571428571428,4320.857142857143,4426.833333333333,4449.7,4427.433333333333,959.7012136807053,4644.410977057289,4461.489532368293,-0.7818314824680299,-0.7818314824680299,,959.7012136807057,4189.56572813791,,11995.0548143808
2014-09-22,3738,0,22,5717.0,4173.0,3962.0,4559.0,5167.0,3824.0,3889.0,5381.0,3765.0,4142.0,1029.8360710974007,4242.428571428572,4315.464285714285,4372.066666666667,4449.25,4429.511111111111,950.2058192047466,4417.808232792967,4365.024261385854,0.0,0.0,,950.205819204747,4148.113681704568,,11995.0548143808
2014-09-23,3379,1,23,3738.0,5416.0,3294.0,3695.0,3896.0,3877.0,3613.0,6440.0,4056.0,4154.142857142857,1018.6107252153821,4206.857142857143,4307.107142857143,4270.033333333334,4437.966666666666,4428.533333333334,882.4212569474017,4158.106174594725,4233.55435986774,0.7818314824680298,0.7818314824680298,,882.4212569474022,3852.2008758417583,,11995.0548143808
2014-09-24,3310,2,24,3379.0,5717.0,3488.0,3521.0,4079.0,3723.0,3010.0,3889.0,4452.0,4128.714285714285,1040.008928533101,4177.357142857143,4317.821428571428,4250.733333333334,4418.933333333333,4427.688888888889,897.249703195853,3946.079630946044,4110.413778552041,0.9749279121818236,0.9749279121818236,,897.2497031958535,3916.934304661528,,11995.0548143808
2014-09-25,3370,3,25,3310.0,3738.0,3168.0,3505.0,3581.0,3803.0,3403.0,3613.0,5254.0,4157.571428571428,1011.3157860172144,4146.428571428572,4316.642857142857,4242.633333333333,4387.533333333334,4420.355555555556,904.2747706972307,3802.059723209533,4011.6919414117683,0.43388373911755823,0.43388373911755823,,904.2747706972311,3947.6021642224714,,11995.0548143808
2014-09-26,3934,4,26,3370.0,3379.0,4173.0,4016.0,4302.0,4158.0,4299.0,3010.0,4418.0,4123.428571428572,1014.736724006585,4130.428571428572,4303.607142857143,4273.433333333333,4379.466666666666,4408.766666666666,876.1412924681754,3835.0447924071495,4001.3330158901995,-0.433883739117558,-0.433883739117558,,876.1412924681758,3824.7857558220767,,11995.0548143808
2014-09-27,5243,5,27,3934.0,3310.0,5416.0,5381.0,5682.0,5325.0,5411.0,3403.0,3677.0,4098.714285714285,979.5039074765868,4124.571428571428,4297.607142857143,4334.766666666666,4405.566666666667,4410.488888888889,877.5089225730933,4187.033594305362,4166.888613771506,-0.9749279121818236,-0.9749279121818236,,877.5089225730939,3830.7561309082553,,11995.0548143808
2014-09-28,5677,6,28,5243.0,3370.0,5717.0,6440.0,6056.0,5552.0,5116.0,4299.0,3702.0,4093.0,968.5449567951559,4133.5,4317.642857142857,4380.7,4438.483333333334,4427.644444444444,910.9988890564345,4559.525195729021,4368.236798601972,-0.7818314824680299,-0.7818314824680299,,910.9988890564349,3976.9562334140896,,11995.0548143808
2014-09-29,3939,0,29,5677.0,3934.0,3738.0,3889.0,3824.0,3962.0,5167.0,5411.0,3853.0,4121.714285714285,959.2006592793302,4131.857142857143,4273.785714285715,4331.633333333333,4439.916666666667,4422.9,893.057610349012,4404.393896796765,4311.005225455042,0.0,0.0,,893.0576103490124,3898.633766671231,,11995.0548143808
2014-09-30,3710,1,30,3939.0,5243.0,3379.0,3613.0,3877.0,3294.0,3896.0,5116.0,5076.0,4169.0,923.9974747440223,4161.571428571428,4267.142857142857,4284.766666666666,4417.15,4418.022222222222,887.3499361556246,4230.795422597574,4230.871195394369,0.7818314824680298,0.7818314824680298,,887.3499361556251,3873.7169739787623,,11995.0548143808
2014-10-01,3655,2,1,3710.0,5677.0,3310.0,3010.0,3723.0,3488.0,4079.0,5167.0,5653.0,4218.285714285715,878.629560600997,4173.5,4252.0,4234.366666666667,4383.85,4398.733333333334,878.4071196296629,4086.84656694818,4154.088369341787,0.9749279121818236,0.9749279121818236,,878.4071196296633,3834.6772008742764,,11995.0548143808
2014-10-02,4175,3,2,3655.0,3939.0,3370.0,3403.0,3803.0,3168.0,3581.0,3896.0,6172.0,4333.285714285715,798.0861929820408,4245.428571428572,4273.214285714285,4243.666666666667,4350.566666666667,4397.288888888889,876.1752829410167,4108.884925211135,4156.876586762882,0.43388373911755823,0.43388373911755823,,876.1752829410171,3824.9341408799146,,11995.0548143808
2014-10-03,4814,4,3,4175.0,3710.0,3934.0,4299.0,4158.0,4173.0,4302.0,4079.0,4876.0,4459.0,794.0065071101927,4291.214285714285,4291.5,4268.166666666667,4349.533333333334,4396.266666666666,881.6709873218277,4285.163693908351,4244.493041861164,-0.433883739117558,-0.433883739117558,,881.6709873218282,3848.9255815466595,,11995.0548143808
2014-10-04,6054,5,4,4814.0,3655.0,5243.0,5411.0,5325.0,5416.0,5682.0,3581.0,4137.0,4574.857142857143,967.6506650252477,4336.785714285715,4304.785714285715,4350.6,4381.483333333334,4400.044444444445,929.518102808259,4727.372770431263,4485.760636279675,-0.9749279121818236,-0.9749279121818236,,929.5181028082594,4057.8016696193185,,11995.0548143808
2014-10-05,6197,6,5,6054.0,4175.0,5677.0,5116.0,5552.0,5717.0,6056.0,4302.0,3965.0,4649.142857142857,1079.821502004137,4371.071428571428,4309.821428571428,4413.766666666666,4418.683333333333,4418.5,988.6117638083311,5094.779577823448,4713.925884775719,-0.7818314824680299,-0.7818314824680299,,988.6117638083315,4315.774435879121,,11995.0548143808
2014-10-06,4663,0,6,6197.0,4814.0,3939.0,5167.0,3962.0,3738.0,3824.0,5682.0,4064.0,4752.571428571428,1034.173882404508,4437.142857142857,4339.785714285715,4379.8,4428.666666666667,4422.188888888889,960.6451280618431,4986.834683367585,4707.1357668056235,0.0,0.0,,960.6451280618435,4193.686376611766,,11995.0548143808
2014-10-07,3984,1,7,4663.0,6054.0,3710.0,3896.0,3294.0,3379.0,3877.0,6056.0,4482.0,4791.714285714285,992.4813540289974,4480.357142857143,4343.607142857143,4310.733333333334,4420.366666666667,4423.777777777777,909.0775519185853,4736.126012525689,4610.717664564873,0.7818314824680298,0.7818314824680298,,909.0775519185858,3968.5686559991777,,11995.0548143808
2014-10-08,4003,2,8,3984.0,6197.0,3655.0,4079.0,3488.0,3310.0,3723.0,3824.0,5613.0,4841.428571428572,932.9849690005441,4529.857142857143,4353.607142857143,4316.7,4393.533333333334,4422.433333333333,906.3561053223847,4552.844509394266,4529.68864262289,0.9749279121818236,0.9749279121818236,,906.3561053223851,3956.6882090143595,,11995.0548143808
2014-10-09,4091,3,9,4003.0,4663.0,4175.0,3581.0,3168.0,3370.0,3803.0,3877.0,6134.0,4829.428571428572,943.4664553554335,4581.357142857143,4363.892857142857,4323.833333333333,4359.483333333334,4416.7555555555555,903.6141640497086,4437.383382045699,4471.196823606505,0.43388373911755823,0.43388373911755823,,903.6141640497091,3944.718292731235,,11995.0548143808
2014-10-10,4436,4,10,4091.0,3984.0,4814.0,4302.0,4173.0,3934.0,4158.0,3723.0,4038.0,4775.428571428572,955.2407824108781,4617.214285714285,4373.821428571428,4347.6,4366.116666666667,4406.9,896.615729015073,4437.037536534274,4466.503913792305,-0.433883739117558,-0.433883739117558,,896.6157290150734,3914.1666969285607,,11995.0548143808
2014-10-11,5434,5,11,4436.0,4003.0,6054.0,5682.0,5416.0,5243.0,5325.0,3803.0,3883.0,4686.857142857143,838.547042721598,4630.857142857143,4377.714285714285,4401.966666666666,4391.966666666666,4406.877777777778,911.7750207730725,4686.278152400705,4595.503391953332,-0.9749279121818236,-0.9749279121818236,,911.7750207730729,3980.344428400398,,11995.0548143808
2014-10-12,5632,6,12,5434.0,4091.0,6197.0,6056.0,5717.0,5677.0,5552.0,4158.0,3830.0,4606.142857142857,681.4355994446369,4627.642857142857,4380.571428571428,4451.1,4422.0,4424.322222222222,937.5263987087786,4922.708614300528,4733.702939692887,-0.7818314824680299,-0.7818314824680299,,937.5263987087791,4092.7618025933366,,11995.0548143808
2014-10-13,4185,0,13,5632.0,4436.0,4663.0,3824.0,3738.0,3939.0,3962.0,5325.0,3741.0,4537.857142857143,698.5240221522846,4645.214285714285,4388.535714285715,4413.1,4429.4,4428.544444444445,923.8880492712287,4738.281460725396,4660.542547733836,0.0,0.0,,923.8880492712292,4033.223729099832,,11995.0548143808
2014-10-14,3280,1,14,4185.0,5434.0,3984.0,3877.0,3379.0,3710.0,3294.0,5552.0,4356.0,4437.285714285715,829.8854768953973,4614.5,4388.035714285715,4337.366666666667,4411.466666666666,4422.6,920.4245828114693,4373.711095544047,4476.470208035991,0.7818314824680298,0.7818314824680298,,920.4245828114698,4018.1040020707164,,11995.0548143808
2014-10-15,3422,2,15,3280.0,5632.0,4003.0,3723.0,3310.0,3655.0,3488.0,3962.0,5555.0,4354.285714285715,906.1123392982618,4597.857142857143,4385.678571428572,4319.366666666667,4375.916666666667,4420.122222222222,933.2098290617499,4135.783321658035,4335.874180297859,0.9749279121818236,0.9749279121818236,,933.2098290617503,4073.9178624185056,,11995.0548143808
2014-10-16,3275,3,16,3422.0,4185.0,4091.0,3803.0,3370.0,4175.0,3168.0,3294.0,6129.0,4237.714285714285,993.8689910790903,4533.571428571428,4389.5,4318.733333333334,4328.35,4406.544444444445,933.9358662664367,3920.587491243526,4194.424289591478,0.43388373911755823,0.43388373911755823,,933.9358662664372,4077.087370330706,,11995.0548143808
2014-10-17,4231,4,17,3275.0,3280.0,4436.0,4158.0,3934.0,4814.0,4173.0,3488.0,4559.0,4208.428571428572,990.0654620011834,4491.928571428572,4391.571428571428,4343.5,4322.883333333333,4397.522222222222,920.9071146391979,3998.1906184326444,4199.301050979281,-0.433883739117558,-0.433883739117558,,920.9071146391982,4020.2104897768572,,11995.0548143808
2014-10-18,5951,5,18,4231.0,3422.0,5434.0,5325.0,5243.0,6054.0,5416.0,3168.0,3695.0,4282.285714285715,1108.8825778361604,4484.571428571428,4410.678571428572,4436.266666666666,4360.483333333334,4399.466666666666,938.4160144050951,4486.392963824484,4432.860910848711,-0.9749279121818236,-0.9749279121818236,,938.4160144050954,4096.645410719877,,11995.0548143808
2014-10-19,5918,6,19,5951.0,3275.0,5632.0,5552.0,5677.0,6197.0,5717.0,4173.0,3521.0,4323.142857142857,1170.4607965201026,4464.642857142857,4417.857142857143,4494.433333333333,4400.433333333333,4421.844444444445,974.9064918319509,4844.294722868362,4630.879456068882,-0.7818314824680299,-0.7818314824680299,,974.9064918319514,4255.9442127341135,,11995.0548143808
2014-10-20,4134,0,20,5918.0,4231.0,4185.0,3962.0,3939.0,4663.0,3738.0,5416.0,3505.0,4315.857142857143,1171.622155897742,4426.857142857143,4432.0,4451.7,4410.916666666667,4429.055555555556,961.1178889978657,4666.721042151272,4564.628861926365,0.0,0.0,,961.1178889978662,4195.750209591164,,11995.0548143808
2014-10-21,3381,1,21,4134.0,5951.0,3280.0,3294.0,3710.0,3984.0,3379.0,5717.0,4016.0,4330.285714285715,1157.2734788121177,4383.785714285715,4432.071428571428,4373.833333333333,4400.333333333333,4424.4111111111115,949.6314741949104,4345.290781613454,4406.811680336183,0.7818314824680298,0.7818314824680298,,949.6314741949108,4145.606384500985,,11995.0548143808
2014-10-22,3294,2,22,3381.0,5918.0,3422.0,3488.0,3655.0,4003.0,3310.0,3738.0,5381.0,4312.0,1174.8940377753206,4333.142857142857,4431.5,4359.033333333334,4365.55,4419.177777777778,963.2449283302832,4082.4680862100904,4258.436789624692,0.9749279121818236,0.9749279121818236,,963.2449283302836,4205.0357778101725,,11995.0548143808
2014-10-23,3359,3,23,3294.0,4134.0,3275.0,3168.0,4175.0,4091.0,3370.0,3379.0,6440.0,4324.0,1162.9049832208977,4280.857142857143,4431.107142857143,4358.366666666667,4314.2,4411.433333333333,963.9532641172435,3901.601064657568,4138.5118843414,0.43388373911755823,0.43388373911755823,,963.9532641172439,4208.128010366263,,11995.0548143808
2014-10-24,4036,4,24,3359.0,3381.0,4231.0,4173.0,4814.0,4436.0,3934.0,3310.0,3889.0,4296.142857142857,1167.8292438782048,4252.285714285715,4434.75,4382.566666666667,4316.65,4406.811111111111,945.6661466498257,3935.200798493176,4124.84363309588,-0.433883739117558,-0.433883739117558,,945.666146649826,4128.295788091492,,11995.0548143808
2014-10-25,5609,5,25,4036.0,3294.0,5951.0,5416.0,6054.0,5434.0,5243.0,3370.0,3613.0,4247.285714285715,1091.7328296925805,4264.785714285715,4447.821428571428,4457.2,4349.916666666667,4410.7555555555555,951.3328725965208,4353.650598869882,4322.731148683097,-0.9749279121818236,-0.9749279121818236,,951.3328725965213,4153.033821636297,,11995.0548143808
2014-10-26,5174,6,26,5609.0,3359.0,5918.0,5717.0,6197.0,5632.0,5677.0,3934.0,3010.0,4141.0,925.5376815667738,4232.071428571428,4429.857142857143,4498.533333333334,4385.983333333334,4419.155555555555,954.7486303349309,4558.737949152411,4436.233662192018,-0.7818314824680299,-0.7818314824680299,,954.7486303349312,4167.945276735514,,11995.0548143808
2014-10-27,4040,0,27,5174.0,4036.0,4134.0,3738.0,4663.0,4185.0,3939.0,5243.0,3403.0,4127.571428571428,926.337745667107,4221.714285714285,4433.464285714285,4458.433333333333,4396.6,4423.188888888889,947.63926947835,4429.053461864308,4383.402507233081,0.0,0.0,,947.6392694783503,4136.90943540375,,11995.0548143808
2014-10-28,3347,1,28,4040.0,5609.0,3381.0,3379.0,3984.0,3280.0,3710.0,5677.0,4299.0,4122.714285714285,930.9822258034272,4226.5,4420.5,4380.766666666666,4380.733333333334,4419.2444444444445,939.7725580796289,4158.540096398231,4245.215506268671,0.7818314824680298,0.7818314824680298,,939.7725580796293,4102.5673881088105,,11995.0548143808
2014-10-29,3238,2,29,3347.0,5174.0,3294.0,3310.0,4003.0,3422.0,3655.0,3939.0,5411.0,4114.714285714285,939.4920106606746,4213.357142857143,4405.607142857143,4357.4,4344.516666666666,4412.4111111111115,959.6403636707847,3928.405072298673,4110.920105432848,0.9749279121818236,0.9749279121818236,,959.6403636707852,4189.300088048592,,11995.0548143808
2014-10-30,3590,3,30,3238.0,4040.0,3359.0,3370.0,4091.0,3275.0,4175.0,3710.0,5116.0,4147.714285714285,912.18322616415,4235.857142857143,4384.714285714285,4353.4,4319.083333333333,4395.9,962.677215212682,3843.803804224005,4041.4640913751346,0.43388373911755823,0.43388373911755823,,962.6772152126823,4202.557432063589,,11995.0548143808
2014-10-31,3679,4,31,3590.0,3347.0,4036.0,3934.0,4436.0,4231.0,4814.0,3655.0,5167.0,4096.714285714285,929.2896416592823,4196.428571428572,4344.178571428572,4354.2,4294.283333333334,4373.966666666666,962.0866116290421,3802.602853168004,3993.13554585845,-0.433883739117558,-0.433883739117558,,962.0866116290425,4199.979158224128,,11995.0548143808
2014-11-01,6406,5,1,3679.0,3238.0,5609.0,5243.0,5434.0,5951.0,6054.0,4175.0,3896.0,4210.571428571428,1164.5116082350935,4228.928571428572,4356.75,4428.566666666667,4336.116666666667,4376.566666666667,1031.479810200163,4453.4521398760035,4314.850806410656,-0.9749279121818236,-0.9749279121818236,,1031.4798102001635,4502.914449286667,,11995.0548143808
2014-11-02,6328,6,2,6406.0,3590.0,5174.0,5677.0,5632.0,5918.0,6197.0,4814.0,4079.0,4375.428571428572,1384.532876357323,4258.214285714285,4361.428571428572,4479.033333333334,4373.6,4392.7,1086.554963407621,4922.089104907002,4583.270698889235,-0.7818314824680299,-0.7818314824680299,,1086.5549634076215,4743.344461316097,,11995.0548143808
2014-11-03,4799,0,3,6328.0,3679.0,4040.0,3939.0,4185.0,4134.0,4663.0,6054.0,3581.0,4483.857142857143,1383.6058480857685,4305.714285714285,4366.285714285715,4437.2,4393.9,4400.055555555556,1047.275723665597,4891.316828680251,4612.034605704004,0.0,0.0,,1047.2757236655975,4571.8713462417145,,11995.0548143808
2014-11-04,3906,1,4,4799.0,6406.0,3347.0,3710.0,3280.0,3381.0,3984.0,6197.0,4302.0,4563.714285714285,1321.8059255283656,4343.214285714285,4363.5,4360.833333333333,4387.3,4399.4,996.8420510354853,4644.987621510188,4517.896658276804,0.7818314824680298,0.7818314824680298,,996.8420510354856,4351.703669694895,,11995.0548143808
2014-11-05,3372,2,5,3906.0,6328.0,3238.0,3655.0,3422.0,3294.0,4003.0,4663.0,5682.0,4582.857142857143,1300.2002959251333,4348.785714285715,4340.964285714285,4317.8,4348.8,4391.711111111111,1011.1116927285545,4326.74071613264,4365.110437173231,0.9749279121818236,0.9749279121818236,,1011.1116927285549,4413.997643004363,,11995.0548143808
2014-11-06,3853,3,6,3372.0,4799.0,3590.0,4175.0,3275.0,3359.0,4091.0,3984.0,6056.0,4620.428571428572,1270.181726780705,4384.071428571428,4332.464285714285,4313.433333333333,4312.083333333333,4384.722222222223,1012.8842968723346,4208.30553709948,4296.829045550133,0.43388373911755823,0.43388373911755823,,1012.884296872335,4421.735928071082,,11995.0548143808
2014-11-07,4256,4,7,3853.0,3906.0,3679.0,4814.0,4231.0,4036.0,4436.0,4003.0,3824.0,4702.857142857143,1216.492831677936,4399.785714285715,4326.035714285715,4321.866666666667,4319.283333333334,4369.644444444444,1011.2624316897743,4220.22915282461,4291.385172810115,-0.433883739117558,-0.433883739117558,,1011.2624316897746,4414.655692381419,,11995.0548143808
2014-11-08,5360,5,8,4256.0,3372.0,6406.0,6054.0,5951.0,5609.0,5434.0,4091.0,3877.0,4553.428571428572,1020.9446372751792,4382.0,4323.392857142857,4364.166666666667,4344.0,4361.044444444445,1027.679712728636,4505.171864618457,4433.8671497687665,-0.9749279121818236,-0.9749279121818236,,1027.6797127286366,4486.325163055349,,11995.0548143808
2014-11-09,5929,6,9,5360.0,3853.0,6328.0,6197.0,5918.0,5174.0,5632.0,4436.0,3723.0,4496.428571428572,910.5234496601103,4435.928571428572,4334.0,4413.933333333333,4380.766666666666,4382.055555555556,1066.6881369965568,4861.128898463842,4633.218196466265,-0.7818314824680299,-0.7818314824680299,,1066.6881369965572,4656.616035976884,,11995.0548143808
2014-11-10,4346,0,10,5929.0,4256.0,4799.0,4663.0,4134.0,4040.0,4185.0,5434.0,3803.0,4431.714285714285,901.4877914288322,4457.785714285715,4339.75,4377.666666666667,4389.816666666667,4387.2,1049.1623040454103,4732.346673847881,4594.922436937431,0.0,0.0,,1049.1623040454108,4580.107193388692,,11995.0548143808
2014-11-11,3780,1,11,4346.0,5360.0,3906.0,3984.0,3381.0,3347.0,3280.0,5632.0,4158.0,4413.714285714285,914.8924735154584,4488.714285714285,4357.607142857143,4315.933333333333,4383.516666666666,4386.644444444444,1027.0652510357102,4494.2600053859105,4486.26611201244,0.7818314824680298,0.7818314824680298,,1027.0652510357104,4483.642736886412,,11995.0548143808
2014-11-12,3260,2,12,3780.0,5929.0,3372.0,4003.0,3294.0,3238.0,3422.0,4185.0,5325.0,4397.714285714285,936.8622656302797,4490.285714285715,4351.821428571428,4285.1,4349.1,4381.3,1044.8619559044823,4185.695004039432,4322.763963744115,0.9749279121818236,0.9749279121818236,,1044.8619559044826,4561.334068031066,,11995.0548143808
2014-11-13,3258,3,13,3260.0,4346.0,3853.0,4091.0,3359.0,3590.0,3275.0,3280.0,5552.0,4312.714285714285,1017.9984797443959,4466.571428571428,4351.214285714285,4284.366666666667,4310.866666666667,4369.1,1045.5991677216555,3953.771253029574,4180.7954352449,0.43388373911755823,0.43388373911755823,,1045.5991677216557,4564.552358598566,,11995.0548143808
2014-11-14,3938,4,14,3258.0,3780.0,4256.0,4436.0,4036.0,3679.0,4231.0,3422.0,3962.0,4267.285714285715,1027.9975217683657,4485.071428571428,4340.75,4301.566666666667,4310.466666666666,4351.133333333333,1035.1156751395124,3949.8284397721804,4148.42271054558,-0.433883739117558,-0.433883739117558,,1035.1156751395129,4518.786780096394,,11995.0548143808
2014-11-15,5155,5,15,3938.0,3260.0,5360.0,5434.0,5609.0,6406.0,5951.0,3275.0,3294.0,4238.0,994.03906697205,4395.714285714285,4312.321428571428,4364.233333333334,4341.483333333334,4340.311111111111,1027.7052671325291,4251.121329829136,4282.63301580617,-0.9749279121818236,-0.9749279121818236,,1027.7052671325296,4486.436720541394,,11995.0548143808
2014-11-16,5699,6,16,5155.0,3258.0,5929.0,5632.0,5174.0,6328.0,5918.0,4231.0,3488.0,4205.142857142857,930.6059725740392,4350.785714285715,4304.5,4413.166666666667,4378.333333333333,4352.977777777778,1055.709961584381,4613.090997371852,4471.4819470320135,-0.7818314824680299,-0.7818314824680299,,1055.7099615843813,4608.690924693611,,11995.0548143808
2014-11-17,3841,0,17,5699.0,3938.0,4346.0,4185.0,4040.0,4799.0,4134.0,5951.0,3168.0,4133.0,937.4159517880333,4282.357142857143,4294.035714285715,4342.833333333333,4389.55,4354.6,1019.3849086356006,4420.068248028889,4387.417687427745,0.0,0.0,,1019.384908635601,4450.114281528464,,11995.0548143808
2014-11-18,3271,1,18,3841.0,5155.0,3780.0,3280.0,3347.0,3906.0,3381.0,5918.0,4173.0,4060.285714285714,987.7512700212385,4237.0,4290.107142857143,4254.6,4374.516666666666,4351.822222222222,992.5471447154271,4132.801186021667,4238.561995770712,0.7818314824680298,0.7818314824680298,,992.5471447154275,4332.954300550026,,11995.0548143808
2014-11-19,3116,2,19,3271.0,5699.0,3260.0,3422.0,3238.0,3372.0,3294.0,4134.0,5416.0,4039.714285714286,1008.4783445511212,4218.714285714285,4283.75,4220.666666666667,4336.183333333333,4347.5,1013.98270179536,3878.60088951625,4088.887063001284,0.9749279121818236,0.9749279121818236,,1013.9827017953603,4426.531003408619,,11995.0548143808
2014-11-20,3237,3,20,3116.0,3841.0,3258.0,3275.0,3590.0,3853.0,3359.0,3381.0,5717.0,4036.714285714286,1011.218854367624,4174.714285714285,4279.392857142857,4215.866666666667,4294.85,4338.844444444445,1018.4256861258496,3718.2006671371873,3975.302121267779,0.43388373911755823,0.43388373911755823,,1018.42568612585,4445.926805577383,,11995.0548143808
2014-11-21,4013,4,21,3237.0,3271.0,3938.0,4231.0,3679.0,4256.0,4036.0,3294.0,3738.0,4047.4285714285716,1010.3956085189029,4157.357142857143,4278.571428571428,4239.833333333333,4299.433333333333,4323.644444444444,1004.3460759269551,3791.9005003528905,3980.3285050987415,-0.433883739117558,-0.433883739117558,,1004.3460759269556,4384.462412791428,,11995.0548143808
2014-11-22,5494,5,22,4013.0,3116.0,5155.0,5951.0,6406.0,5360.0,5609.0,3359.0,3379.0,4095.8571428571427,1078.1800141243302,4166.928571428572,4274.464285714285,4311.0,4334.683333333333,4313.133333333333,1015.360408239694,4217.425375264668,4182.151371085576,-0.9749279121818236,-0.9749279121818236,,1015.3604082396944,4432.545366650361,,11995.0548143808
2014-11-23,5148,6,23,5494.0,3237.0,5699.0,5918.0,6328.0,5929.0,5174.0,4036.0,3310.0,4017.1428571428573,954.6726190290618,4111.142857142857,4273.535714285715,4348.066666666667,4365.316666666667,4327.122222222222,1025.224481165758,4450.069031448501,4310.931188274166,-0.7818314824680299,-0.7818314824680299,,1025.2244811657586,4475.606875046704,,11995.0548143808
2014-11-24,4387,0,24,5148.0,4013.0,3841.0,4134.0,4799.0,4346.0,4040.0,5609.0,3370.0,4095.1428571428573,960.17176042821,4114.071428571428,4285.928571428572,4307.333333333333,4382.266666666666,4335.722222222223,997.2939017344737,4434.301773586375,4321.073696504277,0.0,0.0,,997.2939017344742,4353.676219250665,,11995.0548143808
2014-11-25,4143,1,25,4387.0,5494.0,3271.0,3381.0,3906.0,3780.0,3347.0,5174.0,3934.0,4219.714285714285,889.3847525650725,4140.0,4314.357142857143,4272.966666666666,4385.75,4348.311111111111,984.075287396425,4361.476330189781,4297.330536970373,0.7818314824680298,0.7818314824680298,,984.0752873964253,4295.9704949953375,,11995.0548143808
2014-11-26,4303,2,26,4143.0,5148.0,3116.0,3294.0,3372.0,3260.0,3238.0,4040.0,5243.0,4389.285714285715,745.374785881953,4214.5,4352.392857142857,4281.733333333334,4370.083333333333,4358.311111111111,983.0993191251616,4346.857247642335,4298.086465374323,0.9749279121818236,0.9749279121818236,,983.099319125162,4291.709915595471,,11995.0548143808
2014-11-27,2425,3,27,4303.0,4387.0,3237.0,3359.0,3853.0,3258.0,3590.0,3347.0,5677.0,4273.285714285715,980.6431077420069,4155.0,4310.785714285715,4251.0,4315.883333333333,4337.488888888889,1026.7699604702732,3866.392935731751,4048.341603324413,0.43388373911755823,0.43388373911755823,,1026.7699604702734,4482.35364897534,,11995.0548143808
2014-11-28,3227,4,28,2425.0,4143.0,4013.0,4036.0,4256.0,3938.0,3679.0,3238.0,3939.0,4161.0,1057.4083096577835,4104.214285714285,4294.642857142857,4250.633333333333,4304.016666666666,4313.222222222223,1027.1460791027148,3706.5447017988135,3938.8293895478246,-0.433883739117558,-0.433883739117558,,1027.146079102715,4483.995590977422,,11995.0548143808
2014-11-29,4396,5,29,3227.0,4303.0,5494.0,5609.0,5360.0,5155.0,6406.0,3590.0,3710.0,4004.1428571428573,895.8032575239248,4050.0,4222.857142857143,4277.5,4315.45,4305.222222222223,1019.7850263658456,3878.90852634911,3999.785470941448,-0.9749279121818236,-0.9749279121818236,,1019.785026365846,4451.860991343934,,11995.0548143808
2014-11-30,4675,6,30,4396.0,2425.0,5148.0,5174.0,5929.0,5699.0,6328.0,3679.0,3655.0,3936.5714285714284,808.7500349598871,3976.8571428571427,4163.821428571428,4310.7,4332.45,4299.7555555555555,1015.8336189451986,4077.9313947618325,4089.8140748159212,-0.7818314824680299,-0.7818314824680299,,1015.833618945199,4434.611163093784,,11995.0548143808
2014-12-01,4192,0,1,4675.0,3227.0,4387.0,4040.0,4346.0,3841.0,4799.0,6406.0,4175.0,3908.714285714286,793.8708363215671,4001.9285714285716,4142.142857142857,4236.9,4332.733333333334,4303.044444444445,935.6177140779987,4106.448546071374,4103.438864840466,0.0,0.0,,935.6177140779992,4084.4294595672504,,11995.0548143808
2014-12-02,3252,1,2,4192.0,4396.0,4143.0,3347.0,3780.0,3271.0,3906.0,6328.0,4814.0,3781.4285714285716,821.011339171159,4000.5714285714284,4118.785714285715,4134.366666666667,4306.7,4293.855555555556,864.3907754272171,3892.8364095535303,3989.9136828617366,0.7818314824680298,0.7818314824680298,,864.3907754272175,3773.4889951418527,,11995.0548143808
2014-12-03,3348,2,3,3252.0,4675.0,4303.0,3238.0,3260.0,3116.0,3372.0,4799.0,6054.0,3645.0,798.9463895239376,4017.1428571428573,4117.928571428572,4086.0,4261.6,4291.266666666666,866.5115555271354,3756.6273071651476,3904.325191813505,0.9749279121818236,0.9749279121818236,,866.5115555271359,3782.747238746087,,11995.0548143808
2014-12-04,3969,3,4,3348.0,4192.0,2425.0,3590.0,3258.0,3237.0,3853.0,3906.0,6197.0,3865.5714285714284,592.4392675323655,4069.4285714285716,4122.071428571428,4088.1,4224.466666666666,4287.566666666667,866.1365405619017,3809.720480373861,3912.948499571705,0.43388373911755823,0.43388373911755823,,866.136540561902,3781.110114791792,,11995.0548143808
2014-12-05,4105,4,5,3969.0,3252.0,3227.0,3679.0,3938.0,4013.0,4256.0,3372.0,4663.0,3991.0,523.6621047965939,4076.0,4116.678571428572,4112.533333333334,4215.166666666667,4270.044444444445,855.5127413280879,3883.540360280396,3938.5553662954776,-0.433883739117558,-0.433883739117558,,855.5127413280883,3734.732029052065,,11995.0548143808
2014-12-06,5404,5,6,4105.0,3348.0,4396.0,6406.0,5155.0,5494.0,5360.0,3853.0,3984.0,4135.0,745.2878638485922,4069.5714285714284,4118.25,4164.233333333334,4238.833333333333,4262.8,885.6227375882582,4263.655270210297,4133.947984122748,-0.9749279121818236,-0.9749279121818236,,885.6227375882587,3866.1769064865334,,11995.0548143808
2014-12-07,5254,6,7,5404.0,3969.0,4675.0,6328.0,5699.0,5148.0,5929.0,4256.0,4003.0,4217.714285714285,841.1691693283632,4077.1428571428573,4094.1428571428573,4197.5,4259.683333333333,4278.688888888889,907.6584406193632,4511.241452657722,4283.288252906381,-0.7818314824680299,-0.7818314824680299,,907.6584406193635,3962.3735402914126,,11995.0548143808
2014-12-08,4177,0,8,5254.0,4105.0,4192.0,4799.0,3841.0,4387.0,4346.0,5360.0,4091.0,4215.571428571428,841.2646942040791,4062.1428571428573,4088.1071428571427,4158.066666666667,4261.116666666667,4282.022222222222,880.7096642161172,4427.681089493291,4269.116485852197,0.0,0.0,,880.7096642161175,3844.7289354656295,,11995.0548143808
2014-12-09,3851,1,9,4177.0,5404.0,3252.0,3906.0,3271.0,4143.0,3780.0,5929.0,4436.0,4301.142857142857,752.7220444430152,4041.285714285714,4090.6428571428573,4088.8,4251.366666666667,4283.444444444444,815.9611383579072,4283.510817119969,4213.367621071904,0.7818314824680298,0.7818314824680298,,815.9611383579078,3562.069915120514,,11995.0548143808
2014-12-10,4448,2,10,3851.0,5254.0,3348.0,3372.0,3116.0,4303.0,3260.0,4346.0,5434.0,4458.285714285715,624.4692984942494,4051.6428571428573,4133.071428571428,4092.2,4234.933333333333,4290.611111111111,817.2812540832251,4324.633112839977,4244.651938262317,0.9749279121818236,0.9749279121818236,,817.2812540832256,3567.832866673691,,11995.0548143808
2014-12-11,2241,3,11,4448.0,4177.0,3969.0,3853.0,3237.0,2425.0,3258.0,3780.0,5632.0,4211.428571428572,1048.0265354692199,4038.5,4096.75,4040.9,4178.416666666667,4269.311111111111,883.1962467904937,3803.7248346299825,3977.4983464940083,0.43388373911755823,0.43388373911755823,,883.196246790494,3855.584085990904,,11995.0548143808
2014-12-12,3544,4,12,2241.0,3851.0,4105.0,4256.0,4013.0,3227.0,3938.0,3260.0,4185.0,4131.285714285715,1078.52765600234,4061.1428571428573,4082.6785714285716,4050.366666666667,4167.733333333334,4249.522222222222,876.0304074132533,3738.793625972487,3919.6985669614737,-0.433883739117558,-0.433883739117558,,876.0304074132538,3824.301688261005,,11995.0548143808
2014-12-13,4940,5,13,3544.0,4448.0,5404.0,5360.0,5494.0,4396.0,5155.0,3258.0,3280.0,4065.0,998.5649703449434,4100.0,4075.0,4106.433333333333,4195.4,4242.722222222223,877.3932269584892,4039.0952194793654,4055.7387580332775,-0.9749279121818236,-0.9749279121818236,,877.3932269584897,3830.2510628986165,,11995.0548143808
2014-12-14,5491,6,14,4940.0,2241.0,5254.0,5929.0,5148.0,4675.0,5699.0,3938.0,3422.0,4098.857142857143,1048.373570277857,4158.285714285715,4067.5714285714284,4158.2,4229.883333333333,4259.711111111111,912.235012067267,4402.071414609524,4247.10692362884,-0.7818314824680299,-0.7818314824680299,,912.2350120672675,3982.3525156403925,,11995.0548143808
2014-12-15,3498,0,15,5491.0,3544.0,4177.0,4346.0,4387.0,4192.0,3841.0,5155.0,3275.0,4001.8571428571427,1071.1040143346527,4108.714285714285,4055.3214285714284,4102.966666666666,4233.6,4261.977777777778,899.8800871584809,4176.0535609571425,4147.226000478328,0.0,0.0,,899.8800871584813,3928.4172186607752,,11995.0548143808
2014-12-16,3786,1,16,3498.0,4940.0,3851.0,3780.0,4143.0,3252.0,3271.0,5699.0,4231.0,3992.5714285714284,1072.9100392768028,4146.857142857143,4073.714285714286,4039.2,4226.183333333333,4265.288888888889,849.2369962866998,4078.5401707178567,4099.062533747884,0.7818314824680298,0.7818314824680298,,849.2369962867002,3707.335328944652,,11995.0548143808
2014-12-17,3543,2,17,3786.0,5491.0,4448.0,3260.0,4303.0,3348.0,3116.0,3841.0,5951.0,3863.285714285714,1063.3681887107136,4160.785714285715,4088.964285714286,4029.266666666667,4186.05,4269.455555555555,853.368010250869,3944.6551280383924,4024.9208625814995,0.9749279121818236,0.9749279121818236,,853.3680102508695,3725.3692277040013,,11995.0548143808
2014-12-18,3761,3,18,3543.0,3498.0,2241.0,3258.0,2425.0,3969.0,3237.0,3271.0,5918.0,4080.4285714285716,799.2815226069911,4145.928571428572,4107.678571428572,4045.6,4150.1,4264.877777777778,842.9804922682462,3898.7413460287944,3989.7314142372998,0.43388373911755823,0.43388373911755823,,842.9804922682467,3680.0226253239694,,11995.0548143808
2014-12-19,3713,4,19,3761.0,3786.0,3544.0,3938.0,3227.0,4105.0,4013.0,3116.0,4134.0,4104.571428571428,782.7594047434263,4117.928571428572,4096.964285714285,4065.5,4143.083333333333,4245.955555555555,827.1774504196459,3852.306009521596,3952.833892338993,-0.433883739117558,-0.433883739117558,,827.1774504196463,3611.0346094858937,,11995.0548143808
2014-12-20,5195,5,20,3713.0,3543.0,4940.0,5155.0,4396.0,5404.0,5494.0,3237.0,3381.0,4141.0,832.4740236187537,4103.0,4086.285714285714,4130.766666666666,4173.316666666667,4240.155555555555,836.7428510902032,4187.979507141197,4118.4560400271275,-0.9749279121818236,-0.9749279121818236,,836.7428510902037,3652.792267238119,,11995.0548143808
2014-12-21,5350,6,21,5195.0,3761.0,5491.0,5699.0,4675.0,5254.0,5148.0,4013.0,3294.0,4120.857142857143,795.2377901339573,4109.857142857143,4093.5,4175.333333333333,4207.583333333333,4258.066666666667,865.370055717969,4478.484630355898,4282.661901356844,-0.7818314824680299,-0.7818314824680299,,865.3700557179693,3777.764033128561,,11995.0548143808
2014-12-22,4649,0,22,5350.0,3713.0,3498.0,3841.0,4192.0,4177.0,4387.0,5494.0,3359.0,4285.285714285715,763.341931746122,4143.571428571428,4102.857142857143,4147.166666666667,4229.083333333333,4272.177777777778,834.1580964571672,4521.113472766923,4331.506981175932,0.0,0.0,,834.1580964571676,3641.508547605546,,11995.0548143808
2014-12-23,4465,1,23,4649.0,5195.0,3786.0,3271.0,3252.0,3851.0,4143.0,5148.0,4036.0,4382.285714285715,731.8120692923155,4187.428571428572,4114.357142857143,4124.4,4236.233333333334,4285.011111111111,815.0010196735662,4507.085104575192,4349.306050352475,0.7818314824680298,0.7818314824680298,,815.0010196735667,3557.878526928523,,11995.0548143808
2014-12-24,3416,2,24,4465.0,5350.0,3543.0,3116.0,3348.0,4448.0,4303.0,4387.0,5609.0,4364.142857142857,757.2204497527822,4113.714285714285,4082.6785714285716,4092.0333333333333,4199.683333333333,4285.522222222222,823.4497863104343,4234.3138284313945,4224.865243638811,0.9749279121818236,0.9749279121818236,,823.4497863104347,3594.7615303490375,,11995.0548143808
2014-12-25,0,3,25,3416.0,4649.0,3761.0,3237.0,3969.0,2241.0,2425.0,4143.0,5174.0,3826.8571428571427,1830.3700380498135,3953.6428571428573,3996.0714285714284,3953.9333333333334,4113.45,4241.811111111111,1111.600397480204,3175.7353713235457,3661.5498778203028,0.43388373911755823,0.43388373911755823,,1111.6003974802045,4852.680044871732,,11995.0548143808
2014-12-26,3513,4,26,0.0,4465.0,3713.0,4013.0,4105.0,3544.0,3227.0,4303.0,4040.0,3798.285714285714,1834.0008827956538,3951.4285714285716,4006.285714285714,3927.6,4104.666666666667,4222.5888888888885,1112.403102327997,3260.0515284926596,3641.743227444262,-0.433883739117558,-0.433883739117558,,1112.4031023279974,4856.184244587418,,11995.0548143808
2014-12-27,4121,5,27,3513.0,3416.0,5195.0,5494.0,5404.0,4940.0,4396.0,2425.0,3347.0,3644.8571428571427,1740.2062548800961,3892.9285714285716,3996.464285714286,3984.133333333333,4117.566666666667,4205.3,1075.9037174372943,3475.288646369495,3705.644130451694,-0.9749279121818236,-0.9749279121818236,,1075.9037174372947,4696.846557131832,,11995.0548143808
2014-12-28,4310,6,28,4121.0,0.0,5350.0,5148.0,5254.0,5491.0,4675.0,3227.0,3238.0,3496.285714285714,1609.88071134538,3808.5714285714284,3983.4285714285716,4020.233333333333,4135.433333333333,4209.422222222222,1067.7617157442864,3683.9664847771214,3786.2249130581345,-0.7818314824680299,-0.7818314824680299,,1067.761715744287,4661.302732902789,,11995.0548143808
2014-12-29,3745,0,29,4310.0,3513.0,4649.0,4387.0,4177.0,3498.0,4192.0,4396.0,3590.0,3367.1428571428573,1536.5903193511965,3826.214285714286,3967.464285714286,3998.5333333333333,4138.016666666666,4209.811111111111,1066.4760447487677,3699.224863582841,3780.728257983717,0.0,0.0,,1066.4760447487681,4655.690149461503,,11995.0548143808
2014-12-30,3548,1,30,3745.0,4121.0,4465.0,4143.0,3851.0,3786.0,3252.0,4675.0,3679.0,3236.1428571428573,1464.8066344028075,3809.214285714286,3978.035714285714,3960.9666666666667,4135.833333333333,4208.622222222222,1061.6642590059068,3661.418647687131,3749.697823585888,0.7818314824680298,0.7818314824680298,,1061.6642590059075,4634.68434853924,,11995.0548143808
2014-12-31,4003,2,31,3548.0,4310.0,3416.0,4303.0,4448.0,3543.0,3348.0,4192.0,6406.0,3320.0,1493.3434523466697,3842.0714285714284,4001.4285714285716,3954.6666666666665,4095.7833333333333,4206.711111111111,1060.8064379756381,3746.813985765348,3783.4714471077696,0.9749279121818236,0.9749279121818236,,1060.8064379756388,4630.939539698678,,11995.0548143808
2015-01-01,3061,3,1,4003.0,3745.0,0.0,2425.0,2241.0,3761.0,3969.0,3252.0,6328.0,3757.285714285714,425.5579530787454,3792.0714285714284,3969.0,3948.3,4041.3333333333335,4187.233333333334,1065.7308047888307,3575.3604893240113,3687.1419208267334,0.43388373911755823,0.43388373911755823,,1065.7308047888312,4652.436812119753,,11995.0548143808
2015-01-02,4513,4,2,3061.0,3548.0,3513.0,3227.0,3544.0,3713.0,4105.0,3348.0,4799.0,3900.1428571428573,492.47146400288227,3849.214285714286,3983.5714285714284,3987.133333333333,4036.5666666666666,4170.111111111111,1064.327008775584,3809.770366993009,3797.2563313831693,-0.433883739117558,-0.433883739117558,,1064.3270087755845,4646.308555134604,,11995.0548143808
2015-01-03,5184,5,3,4513.0,4003.0,4121.0,4396.0,4940.0,5195.0,5404.0,3969.0,3906.0,4052.0,694.4129415076678,3848.4285714285716,3975.714285714286,4027.633333333333,4057.866666666667,4158.855555555556,1086.4989799044085,4153.327775244757,3982.155487198747,-0.9749279121818236,-0.9749279121818236,,1086.498979904409,4743.10006591151,,11995.0548143808
2015-01-04,5488,6,4,5184.0,3061.0,4310.0,4675.0,5491.0,5350.0,5254.0,4105.0,3372.0,4220.285714285715,884.170744122368,3858.285714285714,3984.0714285714284,4073.733333333333,4093.133333333333,4168.022222222222,1118.756234683707,4486.995831433567,4182.934755572247,-0.7818314824680299,-0.7818314824680299,,1118.7562346837074,4883.9187782155705,,11995.0548143808
2015-01-05,4351,0,5,5488.0,4513.0,3745.0,4192.0,3498.0,4649.0,4177.0,5404.0,3853.0,4306.857142857143,859.1929214038445,3837.0,3990.285714285714,4038.633333333333,4101.433333333333,4172.1,1091.7742119527481,4452.996873575175,4205.343454829281,0.0,0.0,,1091.7742119527486,4766.129036889816,,11995.0548143808
2015-01-06,3524,1,6,4351.0,5184.0,3548.0,3252.0,3786.0,4465.0,3851.0,5254.0,4256.0,4303.428571428572,862.7662597990349,3769.785714285714,3978.6071428571427,3980.9666666666667,4089.233333333333,4166.777777777777,1070.8540736843763,4220.747655181382,4114.497660852043,0.7818314824680298,0.7818314824680298,,1070.8540736843768,4674.802389525341,,11995.0548143808
2015-01-07,3305,2,7,3524.0,5488.0,4003.0,3348.0,3543.0,3416.0,4448.0,4177.0,5360.0,4203.714285714285,940.1414280638324,3761.8571428571427,3937.785714285714,3951.9,4054.983333333333,4158.044444444445,1077.165512527809,3991.810741386036,4006.564639405104,0.9749279121818236,0.9749279121818236,,1077.1655125278094,4702.354910556622,,11995.0548143808
2015-01-08,3418,3,8,3305.0,4351.0,3061.0,3969.0,3761.0,0.0,2241.0,3851.0,5929.0,4254.714285714285,875.2656195475187,4006.0,3979.8214285714284,3937.4666666666667,4013.133333333333,4146.733333333334,1081.4565444211114,3848.358056039527,3928.08935415109,0.43388373911755823,0.43388373911755823,,1081.4565444211116,4721.0873659315375,,11995.0548143808
2015-01-09,3895,4,9,3418.0,3524.0,4513.0,4105.0,3713.0,3513.0,3544.0,4448.0,4346.0,4166.428571428572,876.0385944966218,4033.285714285714,3992.3571428571427,3919.0333333333333,4005.616666666667,4129.633333333333,1077.1588581760413,3860.0185420296452,3923.6774402642777,-0.433883739117558,-0.433883739117558,,1077.1588581760418,4702.325861052765,,11995.0548143808
2015-01-10,5543,5,10,3895.0,3305.0,5184.0,5404.0,5195.0,4121.0,4940.0,2241.0,3780.0,4217.714285714285,952.6933249627442,4134.857142857143,4013.8928571428573,4029.1,4035.0,4128.644444444444,1068.4487094978276,4280.763906522234,4139.587114895708,-0.9749279121818236,-0.9749279121818236,,1068.448709497828,4664.3017970325955,,11995.0548143808
2015-01-11,5665,6,11,5543.0,3418.0,5488.0,5254.0,5350.0,4310.0,5491.0,3544.0,3260.0,4243.0,993.502390535623,4231.642857142857,4020.1071428571427,4099.8,4075.0833333333335,4145.0888888888885,1104.7981372802535,4626.822929891675,4342.97549957628,-0.7818314824680299,-0.7818314824680299,,1104.7981372802542,4822.984848282068,,11995.0548143808
2015-01-12,3979,0,12,5665.0,3895.0,4351.0,4177.0,4649.0,3745.0,3498.0,4940.0,3258.0,4189.857142857143,996.706648346012,4248.357142857143,4037.285714285714,4067.766666666667,4087.1,4152.855555555556,1093.4706114756386,4464.8671974187555,4294.4454329661085,0.0,0.0,,1093.4706114756389,4773.534651471748,,11995.0548143808
2015-01-13,3177,1,13,3979.0,5543.0,3524.0,3851.0,4465.0,3548.0,3786.0,5491.0,3938.0,4140.285714285715,1042.9011960688813,4221.857142857143,4015.535714285714,3990.633333333333,4074.4166666666665,4150.133333333333,1070.99771348908,4142.900398064066,4145.452708570627,0.7818314824680298,0.7818314824680298,,1070.9977134890805,4675.429447608007,,11995.0548143808
2015-01-14,3147,2,14,3177.0,5665.0,3305.0,4448.0,3416.0,4003.0,3543.0,3498.0,5155.0,4117.714285714285,1065.4580727376856,4160.714285714285,4001.3928571428573,3978.9333333333334,4040.95,4148.711111111111,1078.4562700623371,3893.92529854805,4012.32568076121,0.9749279121818236,0.9749279121818236,,1078.4562700623376,4707.989699231375,,11995.0548143808
2015-01-15,3399,3,15,3147.0,3979.0,3418.0,2241.0,0.0,3061.0,3761.0,3786.0,5699.0,4115.0,1067.5598343886859,4184.857142857143,3988.464285714286,3966.0333333333333,4002.616666666667,4139.466666666666,1083.1479818449093,3770.1939739110376,3930.548923326382,0.43388373911755823,0.43388373911755823,,1083.1479818449097,4728.471318521173,,11995.0548143808
2015-01-16,3943,4,16,3399.0,3177.0,3895.0,3544.0,3513.0,4513.0,3713.0,3543.0,3841.0,4121.857142857143,1066.0643239772828,4144.142857142857,3996.6785714285716,3979.366666666667,4004.3166666666666,4117.155555555555,1080.2189587535306,3813.3954804332784,3932.209066882864,-0.433883739117558,-0.433883739117558,,1080.218958753531,4715.68469849232,,11995.0548143808
2015-01-17,5048,5,17,3943.0,3147.0,5543.0,4940.0,4121.0,5184.0,5195.0,3761.0,3271.0,4051.1428571428573,967.9918092923832,4134.428571428572,3991.4285714285716,4022.266666666667,4033.9333333333334,4107.488888888889,1096.678336939611,4122.046610324959,4080.9811912984824,-0.9749279121818236,-0.9749279121818236,,1096.6783369396114,4787.537943827284,,11995.0548143808
2015-01-18,5057,6,18,5048.0,3399.0,5665.0,5491.0,4310.0,5488.0,5350.0,3713.0,3116.0,3964.285714285714,814.0898218840704,4103.642857142857,3980.964285714286,4067.0666666666666,4066.2833333333333,4117.7444444444445,1110.9674855831631,4355.784957743719,4211.117032458685,-0.7818314824680299,-0.7818314824680299,,1110.9674855831636,4849.917074527448,,11995.0548143808
2015-01-19,4382,0,19,5057.0,3943.0,3979.0,3498.0,3745.0,4351.0,4649.0,5195.0,3237.0,4021.8571428571427,829.4095145687332,4105.857142857143,3971.4285714285716,4039.9666666666667,4085.366666666667,4128.866666666667,1092.2632461318847,4362.338718307789,4233.90142813086,0.0,0.0,,1092.2632461318851,4768.263910543816,,11995.0548143808
2015-01-20,3210,1,20,4382.0,5048.0,3177.0,3786.0,3548.0,3524.0,4465.0,5350.0,4013.0,4026.5714285714284,823.8824465385123,4083.4285714285716,3926.6071428571427,3968.633333333333,4071.983333333333,4127.933333333333,1073.4754219865413,4074.254038730842,4097.381237713412,0.7818314824680298,0.7818314824680298,,1073.4754219865417,4686.2458584422375,,11995.0548143808
2015-01-21,3210,2,21,3210.0,5057.0,3147.0,3543.0,4003.0,3305.0,3416.0,4649.0,5494.0,4035.5714285714284,812.9442082420444,4076.6428571428573,3919.25,3920.6666666666665,4033.9166666666665,4126.277777777777,1074.1754924153383,3858.1905290481313,3979.0637393516236,0.9749279121818236,0.9749279121818236,,1074.1754924153386,4689.302008662701,,11995.0548143808
2015-01-22,2846,3,22,3210.0,4382.0,3399.0,3761.0,3061.0,3418.0,0.0,4465.0,5148.0,3956.5714285714284,906.5906568278864,4035.785714285714,4020.8928571428573,3866.7,3995.55,4113.055555555556,1086.483957385087,3605.1428967860984,3827.9885741047406,0.43388373911755823,0.43388373911755823,,1086.4839573850875,4743.034485258696,,11995.0548143808
2015-01-23,3961,4,23,2846.0,3210.0,3943.0,3713.0,4513.0,3895.0,3513.0,3416.0,4387.0,3959.1428571428573,906.5712747437323,4040.5,4036.8928571428573,3884.866666666667,3988.45,4094.7444444444445,1083.2396408644843,3694.107172589574,3845.723430890775,-0.433883739117558,-0.433883739117558,,1083.2396408644847,4728.871455023672,,11995.0548143808
2015-01-24,5442,5,24,3961.0,3210.0,5048.0,5195.0,5184.0,5543.0,4121.0,0.0,4143.0,4015.4285714285716,993.5045474049349,4033.285714285714,4084.0714285714284,4066.266666666667,4010.1,4097.722222222223,838.1862986617923,4131.08037944218,4058.5603067720053,-0.9749279121818236,-0.9749279121818236,,838.1862986617929,3659.0936226913445,,11995.0548143808
2015-01-25,5463,6,25,5442.0,2846.0,5057.0,5350.0,5488.0,5665.0,4310.0,3513.0,4303.0,4073.4285714285716,1073.1069932898665,4018.8571428571427,4125.25,4131.266666666666,4029.4333333333334,4113.533333333334,868.8506452078794,4464.060284581635,4245.818932535738,-0.7818314824680299,-0.7818314824680299,,868.8506452078801,3792.958510568806,,11995.0548143808
2015-01-26,3285,0,26,5463.0,3961.0,4382.0,4649.0,4351.0,3979.0,3745.0,4121.0,2425.0,3916.714285714286,1100.290827355161,3969.285714285714,4108.821428571428,4103.4,4043.766666666667,4112.844444444445,882.4907384490011,4169.295213436226,4117.709741530973,0.0,0.0,,882.4907384490017,3852.504196618778,,11995.0548143808
2015-01-27,2910,1,27,3285.0,5442.0,3210.0,4465.0,3524.0,3177.0,3548.0,4310.0,3227.0,3873.8571428571427,1137.615258420208,3950.214285714286,4086.035714285714,4056.733333333333,4038.483333333333,4109.2,907.8412033911547,3854.4714100771694,3956.6817759935093,0.7818314824680298,0.7818314824680298,,907.8412033911553,3963.171389282498,,11995.0548143808
2015-01-28,2984,2,28,2910.0,5463.0,3210.0,3416.0,3305.0,3147.0,4003.0,3745.0,4396.0,3841.5714285714284,1162.5298357666438,3938.5714285714284,4049.6428571428573,4031.366666666667,4014.95,4102.466666666666,927.2757460407284,3636.853557557877,3826.990872527708,0.9749279121818236,0.9749279121818236,,927.275746040729,4048.012684329331,,11995.0548143808
2015-01-29,3140,3,29,2984.0,3285.0,2846.0,0.0,3418.0,3399.0,3061.0,3548.0,4675.0,3883.5714285714284,1125.2811288951837,3920.0714285714284,4052.464285714286,4017.766666666667,3989.366666666667,4096.477777777778,937.5446907355531,3512.640168168408,3735.3920895240135,0.43388373911755823,0.43388373911755823,,937.5446907355537,4092.841656247141,,11995.0548143808
2015-01-30,4057,4,30,3140.0,2910.0,3961.0,3513.0,3895.0,3943.0,4513.0,4003.0,4192.0,3897.285714285714,1126.9657957373438,3928.214285714286,4036.1785714285716,4019.5666666666666,3987.116666666667,4070.3777777777777,937.5671997371579,3648.730126126306,3778.2731442541453,-0.433883739117558,-0.433883739117558,,937.5671997371584,4092.939919060977,,11995.0548143808
2015-01-31,5917,5,31,4057.0,2984.0,5442.0,4121.0,5543.0,5048.0,5184.0,3061.0,3252.0,3965.1428571428573,1243.7297976344414,3990.285714285714,4062.3571428571427,4114.766666666666,4031.5333333333333,4065.811111111111,980.8765848528709,4215.79759459473,4063.436725020259,-0.9749279121818236,-0.9749279121818236,,980.8765848528715,4282.00659210562,,11995.0548143808
2015-02-01,5324,6,1,5917.0,3140.0,5463.0,4310.0,5665.0,5057.0,5488.0,4513.0,3348.0,3945.285714285714,1216.6442528920431,4009.3571428571427,4056.5,4141.8,4064.4666666666667,4071.6444444444446,1003.1532835737594,4492.848195946047,4231.511828350891,-0.7818314824680299,-0.7818314824680299,,1003.1532835737598,4379.2552901031395,,11995.0548143808
2015-02-02,3781,0,2,5324.0,4057.0,3285.0,3745.0,3979.0,4382.0,4351.0,5184.0,3969.0,4016.1428571428573,1185.8335224040268,3966.4285714285716,4036.1428571428573,4095.0333333333333,4061.3333333333335,4070.2555555555555,985.4381305771509,4314.886146959535,4171.443584570772,0.0,0.0,,985.4381305771514,4301.919972813437,,11995.0548143808
2015-02-03,3970,1,3,3781.0,5917.0,2910.0,3548.0,3177.0,3210.0,3524.0,5488.0,4105.0,4167.571428571428,1084.3792167476665,4020.714285714286,4052.0714285714284,4044.4333333333334,4059.0833333333335,4076.9,949.7736094435293,4228.664610219651,4144.584439961336,0.7818314824680298,0.7818314824680298,,949.7736094435298,4146.226874459616,,11995.0548143808
2015-02-04,3586,2,4,3970.0,5324.0,2984.0,4003.0,3147.0,3210.0,3305.0,4351.0,5404.0,4253.571428571428,995.0612807163933,4047.5714285714284,4062.1071428571427,4018.9333333333334,4028.7833333333333,4073.9333333333334,951.5268649452998,4067.998457664738,4070.106514633158,0.9749279121818236,0.9749279121818236,,951.5268649453004,4153.880693229644,,11995.0548143808
2015-02-05,3803,3,5,3586.0,3781.0,3140.0,3061.0,3399.0,2846.0,3418.0,3524.0,5254.0,4348.285714285715,898.2445313472462,4115.928571428572,4075.8571428571427,4028.233333333333,4004.6,4068.9,947.8791456259764,4001.7488432485534,4034.4923126820704,0.43388373911755823,0.43388373911755823,,947.879145625977,4137.956612246676,,11995.0548143808
2015-02-06,3945,4,6,3803.0,3970.0,4057.0,4513.0,3943.0,3961.0,3895.0,3305.0,4177.0,4332.285714285715,905.2678635420019,4114.785714285715,4077.6428571428573,4049.5666666666666,4000.733333333333,4053.177777777778,938.19304253307,3987.561632436415,4022.5600043244613,-0.433883739117558,-0.433883739117558,,938.1930425330705,4095.6720293173553,,11995.0548143808
2015-02-07,6196,5,7,3945.0,3586.0,5917.0,5184.0,5048.0,5442.0,5543.0,3418.0,3851.0,4372.142857142857,988.9431106946807,4168.642857142857,4100.964285714285,4142.166666666667,4039.8166666666666,4056.1444444444446,1008.1912135049052,4539.671224327311,4312.352003747867,-0.9749279121818236,-0.9749279121818236,,1008.1912135049058,4401.248321141768,,11995.0548143808
2015-02-08,5710,6,8,6196.0,3803.0,5324.0,5488.0,5057.0,5463.0,5665.0,3895.0,4448.0,4427.285714285715,1059.1345073983284,4186.285714285715,4102.571428571428,4202.666666666667,4060.85,4071.3,1046.574686638575,4832.253418245483,4498.705069914818,-0.7818314824680299,-0.7818314824680299,,1046.5746866385755,4568.810976346689,,11995.0548143808
2015-02-09,4857,0,9,5710.0,3945.0,3781.0,4351.0,4382.0,3285.0,3979.0,5543.0,2241.0,4581.0,1027.307808465081,4298.571428571428,4133.928571428572,4179.8,4104.45,4083.266666666667,1023.5201394511282,4838.440063684112,4546.477727259509,0.0,0.0,,1023.5201394511287,4468.16658890883,,11995.0548143808
2015-02-10,4058,1,10,4857.0,6196.0,3970.0,3524.0,3210.0,2910.0,3177.0,5665.0,3544.0,4593.571428571428,1019.0902572299209,4380.571428571428,4165.392857142857,4126.233333333334,4113.016666666666,4092.133333333333,984.4155515639254,4643.330047763084,4481.347363624908,0.7818314824680298,0.7818314824680298,,984.4155515639259,4297.455914701338,,11995.0548143808
2015-02-11,3963,2,11,4058.0,5710.0,3586.0,3305.0,3210.0,2984.0,3147.0,3979.0,4940.0,4647.428571428572,965.5210781650217,4450.5,4194.535714285715,4125.7,4096.733333333334,4099.966666666666,984.5024001301656,4473.247535822313,4412.234381808254,0.9749279121818236,0.9749279121818236,,984.502400130166,4297.835051219528,,11995.0548143808
2015-02-12,3759,3,12,3963.0,4857.0,3803.0,3418.0,2846.0,3140.0,3399.0,3177.0,5491.0,4641.142857142857,972.0557989078969,4494.714285714285,4207.392857142857,4145.1,4067.866666666667,4097.977777777778,970.8022047202215,4294.685651866735,4325.136464233819,0.43388373911755823,0.43388373911755823,,970.8022047202221,4238.026989772822,,11995.0548143808
2015-02-13,4093,4,13,3759.0,4058.0,3945.0,3895.0,3961.0,4057.0,3943.0,3147.0,3498.0,4662.285714285715,955.8653521435772,4497.285714285715,4212.75,4176.633333333333,4077.7833333333333,4086.177777777778,952.4547408319837,4244.264238900051,4294.18493566931,-0.433883739117558,-0.433883739117558,,952.4547408319843,4157.931325821747,,11995.0548143808
2015-02-14,4686,5,14,4093.0,3963.0,6196.0,5543.0,5442.0,5917.0,5048.0,3399.0,3786.0,4446.571428571428,683.6940975667507,4409.357142857143,4199.821428571428,4219.533333333334,4092.7833333333333,4074.9222222222224,945.1775871572261,4354.698179175038,4346.426944246736,-0.9749279121818236,-0.9749279121818236,,945.1775871572266,4126.162986676663,,11995.0548143808
2015-02-15,4706,6,15,4686.0,3759.0,5710.0,5665.0,5463.0,5324.0,5057.0,3943.0,3543.0,4303.142857142857,434.29537896513665,4365.214285714285,4187.285714285715,4244.966666666666,4112.166666666667,4084.5333333333333,947.7420165240358,4442.5236343812785,4394.370018347171,-0.7818314824680299,-0.7818314824680299,,947.7420165240363,4137.357976569622,,11995.0548143808
2015-02-16,4182,0,16,4706.0,4093.0,4857.0,3979.0,3285.0,3781.0,4382.0,5048.0,3761.0,4206.714285714285,359.282486021655,4393.857142857143,4180.142857142857,4216.1,4119.183333333333,4094.6555555555556,935.549565579056,4377.392725785959,4366.0540159008815,0.0,0.0,,935.5495655790565,4084.1319579995497,,11995.0548143808
2015-02-17,3316,1,17,4182.0,4686.0,4058.0,3177.0,2910.0,3970.0,3210.0,5057.0,3713.0,4100.714285714285,494.4875172963431,4347.142857142857,4183.928571428572,4158.066666666667,4112.566666666667,4096.877777777778,935.5869974967829,4112.044544339468,4226.046813780764,0.7818314824680298,0.7818314824680298,,935.5869974967835,4084.2953666494627,,11995.0548143808
2015-02-18,2969,2,18,3316.0,4706.0,3963.0,3147.0,2984.0,3586.0,3210.0,4382.0,5195.0,3958.714285714286,656.7307196220042,4303.071428571428,4175.321428571428,4110.966666666666,4075.4666666666667,4093.9,959.194147523673,3826.283408254601,4058.4405719433285,0.9749279121818236,0.9749279121818236,,959.1941475236735,4187.352136070798,,11995.0548143808
2015-02-19,3128,3,19,2969.0,4182.0,3759.0,3399.0,3140.0,3803.0,2846.0,3210.0,5350.0,3868.5714285714284,728.1359436128328,4254.857142857143,4185.392857142857,4108.233333333334,4038.4333333333334,4084.0666666666666,961.9629243458811,3651.7125561909506,3934.381829017551,0.43388373911755823,0.43388373911755823,,961.9629243458817,4199.4392026680125,,11995.0548143808
2015-02-20,4061,4,20,3128.0,3316.0,4093.0,3943.0,4057.0,3945.0,3961.0,3210.0,4649.0,3864.0,726.590898190537,4263.142857142857,4188.964285714285,4136.6,4028.633333333333,4068.1444444444446,946.9929759780226,3754.034417143213,3951.264251815211,-0.433883739117558,-0.433883739117558,,946.9929759780232,4134.088047808642,,11995.0548143808
2015-02-21,4663,5,21,4061.0,2969.0,4686.0,5048.0,5917.0,6196.0,5442.0,2846.0,4465.0,3860.714285714286,722.2935031979055,4153.642857142857,4161.142857142857,4197.166666666667,4031.9333333333334,4062.7555555555555,919.3039752174265,3981.2758128574096,4046.162351573183,-0.9749279121818236,-0.9749279121818236,,919.303975217427,4013.212001202356,,11995.0548143808
2015-02-22,5299,6,22,4663.0,3128.0,4706.0,5057.0,5324.0,5710.0,5463.0,3961.0,3416.0,3945.4285714285716,859.6675437134306,4124.285714285715,4155.285714285715,4241.766666666666,4063.3166666666666,4072.8888888888887,939.6819228291785,4310.706859643057,4213.207371363425,-0.7818314824680299,-0.7818314824680299,,939.681922829179,4102.171720859843,,11995.0548143808
2015-02-23,3462,0,23,5299.0,4061.0,4182.0,4382.0,3781.0,4857.0,3285.0,5442.0,0.0,3842.5714285714284,869.6598678301096,4024.6428571428573,4161.607142857143,4175.766666666666,4121.016666666666,4065.322222222222,921.8395657908478,4098.530144732293,4113.046388514968,0.0,0.0,,921.8395657908484,4024.2810956408775,,11995.0548143808
2015-02-24,2914,1,24,3462.0,4663.0,3316.0,3210.0,3970.0,4058.0,2910.0,5463.0,3513.0,3785.1428571428573,921.9301182069828,3942.9285714285716,4161.75,4090.8,4111.033333333334,4049.8888888888887,916.559586640201,3802.3976085492195,3953.1735367129727,0.7818314824680298,0.7818314824680298,,916.5595866402016,4001.231401236519,,11995.0548143808
2015-02-25,3024,2,25,2914.0,5299.0,2969.0,3210.0,3586.0,3963.0,2984.0,3285.0,4121.0,3793.0,914.0156818494227,3875.8571428571427,4163.178571428572,4082.1,4092.75,4056.5444444444443,925.66547729839,3607.7982064119146,3829.2837318179095,0.9749279121818236,0.9749279121818236,,925.6654772983906,4040.9830727795875,,11995.0548143808
2015-02-26,2932,3,26,3024.0,3462.0,3128.0,2846.0,3803.0,3759.0,3140.0,2910.0,4310.0,3765.0,940.4038139721317,3816.785714285714,4155.75,4082.8333333333335,4069.7833333333333,4053.266666666667,924.7131179856268,3438.848654808936,3709.6459009088553,0.43388373911755823,0.43388373911755823,,924.7131179856274,4036.825558044013,,11995.0548143808
2015-02-27,4019,4,27,2932.0,2914.0,4061.0,3961.0,3945.0,4093.0,4057.0,2984.0,3745.0,3759.0,938.3322084066665,3811.5,4154.392857142857,4117.333333333333,4074.35,4049.0777777777776,901.3145317021459,3583.886491106702,3750.893114121008,-0.433883739117558,-0.433883739117558,,901.3145317021465,3934.6792714886606,,11995.0548143808
2015-02-28,5447,5,28,4019.0,3024.0,4663.0,5442.0,6196.0,4686.0,5917.0,3140.0,3548.0,3871.0,1097.5065679378254,3865.8571428571427,4137.607142857143,4194.233333333334,4106.0,4057.6555555555556,913.3887899515645,4049.664868330027,3977.0406989048734,-0.9749279121818236,-0.9749279121818236,,913.3887899515651,3987.389321067988,,11995.0548143808
2015-03-01,5630,6,1,5447.0,2932.0,5299.0,5463.0,5710.0,4706.0,5324.0,4057.0,4003.0,3918.285714285714,1173.766688100849,3931.8571428571427,4148.535714285715,4246.666666666667,4133.116666666667,4073.633333333333,949.6679758567224,4444.74865124752,4197.435272384223,-0.7818314824680299,-0.7818314824680299,,949.6679758567229,4145.765732128318,,11995.0548143808
2015-03-02,3907,0,2,5630.0,4019.0,3462.0,3285.0,4857.0,4182.0,3781.0,5917.0,3061.0,3981.8571428571427,1156.864358020049,3912.214285714286,4153.035714285715,4179.666666666667,4147.216666666666,4080.911111111111,897.2159749732024,4310.311488435639,4158.71056939966,0.0,0.0,,897.215974973203,3916.7870644541867,,11995.0548143808
2015-03-03,3737,1,3,3907.0,5447.0,2914.0,2910.0,4058.0,3316.0,3970.0,5324.0,4513.0,4099.428571428572,1068.7130667525382,3942.285714285714,4144.714285714285,4126.766666666666,4134.283333333334,4085.233333333333,873.9013075870104,4166.983616326729,4102.482493479705,0.7818314824680298,0.7818314824680298,,873.9013075870109,3815.0071249775006,,11995.0548143808
2015-03-04,3515,2,4,3737.0,5630.0,3024.0,2984.0,3963.0,2969.0,3586.0,3781.0,5184.0,4169.571428571428,1000.2879347372677,3981.285714285714,4142.178571428572,4117.9,4106.466666666666,4080.188888888889,878.8657796391194,4003.9877122450466,4024.151494349078,0.9749279121818236,0.9749279121818236,,878.86577963912,3836.679476404509,,11995.0548143808
2015-03-05,3589,3,5,3515.0,3907.0,2932.0,3140.0,3759.0,3128.0,3803.0,3970.0,5488.0,4263.428571428572,889.500956930878,4014.214285714286,4134.535714285715,4105.2,4074.8166666666666,4074.4555555555557,883.8155682158338,3900.240784183785,3966.131295102534,0.43388373911755823,0.43388373911755823,,883.8155682158343,3858.2877272714604,,11995.0548143808
2015-03-06,4217,4,6,3589.0,3737.0,4019.0,4057.0,4093.0,4061.0,3945.0,3586.0,4351.0,4291.714285714285,883.5611116924699,4025.3571428571427,4144.25,4126.233333333334,4072.5833333333335,4061.266666666667,878.5259473856606,3979.4305881378386,3999.5804557555293,-0.433883739117558,-0.433883739117558,,878.5259473856613,3835.1959422147934,,11995.0548143808
2015-03-07,5110,5,7,4217.0,3515.0,5447.0,5917.0,4686.0,4663.0,6196.0,3803.0,3524.0,4243.571428571428,816.7786026300403,4057.285714285714,4105.464285714285,4169.8,4099.016666666666,4059.6666666666665,894.2113227057462,4262.072941103379,4147.636394988125,-0.9749279121818236,-0.9749279121818236,,894.2113227057467,3903.6702860389264,,11995.0548143808
2015-03-08,5839,6,8,5110.0,3589.0,5630.0,5324.0,4706.0,5299.0,5710.0,3945.0,3305.0,4273.428571428572,877.4709600404341,4095.8571428571427,4110.071428571428,4232.933333333333,4141.25,4078.133333333333,943.3053015614887,4656.304705827534,4373.151542323042,-0.7818314824680299,-0.7818314824680299,,943.3053015614892,4117.989543261807,,11995.0548143808
2015-03-09,3932,0,9,5839.0,4217.0,3907.0,3781.0,4182.0,3462.0,4857.0,6196.0,3418.0,4277.0,875.7802235720989,4129.428571428572,4077.035714285714,4157.466666666666,4149.816666666667,4079.0333333333333,868.4309169250322,4475.228529370651,4314.331336679969,0.0,0.0,,868.4309169250328,3791.1261910886597,,11995.0548143808
2015-03-10,3579,1,10,3932.0,5110.0,3737.0,3970.0,3316.0,2914.0,4058.0,5710.0,3895.0,4254.428571428572,893.8664809211057,4176.928571428572,4059.9285714285716,4086.4333333333334,4144.55,4069.3777777777777,823.0282051283352,4251.171397027988,4216.287158455973,0.7818314824680298,0.7818314824680298,,823.0282051283357,3592.9211220563607,,11995.0548143808
2015-03-11,3378,2,11,3579.0,5839.0,3515.0,3586.0,2969.0,3024.0,3963.0,4857.0,5543.0,4234.857142857143,914.0272476922148,4202.214285714285,4039.035714285714,4037.133333333333,4108.466666666666,4082.011111111111,819.5683781337399,4032.8785477709907,4104.515537328511,0.9749279121818236,0.9749279121818236,,819.5683781337405,3577.8172830747994,,11995.0548143808
2015-03-12,3436,3,12,3378.0,3932.0,3589.0,3803.0,3128.0,2932.0,3759.0,4058.0,5665.0,4213.0,933.6641080531385,4238.214285714285,4027.5,4016.4,4071.3166666666666,4080.811111111111,826.8575159748655,3883.6589108282433,4015.380132351376,0.43388373911755823,0.43388373911755823,,826.857515974866,3609.6379389742856,,11995.0548143808
2015-03-13,4085,4,13,3436.0,3579.0,4217.0,3945.0,4061.0,4019.0,4093.0,3963.0,3979.0,4194.142857142857,934.9020320460351,4242.928571428572,4027.214285714286,4020.4666666666667,4073.0833333333335,4071.311111111111,826.8858376497533,3933.9941831211827,4024.662781371192,-0.433883739117558,-0.433883739117558,,826.8858376497539,3609.7615769532545,,11995.0548143808
2015-03-14,4886,5,14,4085.0,3378.0,5110.0,6196.0,4663.0,5447.0,4686.0,3759.0,3177.0,4162.142857142857,901.5685273587392,4202.857142857143,4034.3571428571427,4058.0333333333333,4101.566666666667,4064.588888888889,840.0925845254794,4171.995637340887,4139.507743855033,-0.9749279121818236,-0.9749279121818236,,840.09258452548,3667.4154939244827,,11995.0548143808
2015-03-15,5678,6,15,4886.0,3436.0,5839.0,5710.0,5299.0,5630.0,4706.0,4093.0,3147.0,4139.142857142857,852.3716772573291,4206.285714285715,4069.0714285714284,4110.866666666667,4143.75,4088.811111111111,890.6843449274485,4548.496728005665,4344.640044674362,-0.7818314824680299,-0.7818314824680299,,890.6843449274492,3888.273301005233,,11995.0548143808
2015-03-16,3916,0,16,5678.0,4085.0,3932.0,4857.0,3462.0,3907.0,4182.0,4686.0,3399.0,4136.857142857143,853.0409190207735,4206.928571428572,4059.5714285714284,4085.2,4152.366666666667,4090.2555555555555,884.6131201908439,4390.372546004249,4287.48803871778,0.0,0.0,,884.6131201908446,3861.769432174278,,11995.0548143808
2015-03-17,3346,1,17,3916.0,4886.0,3579.0,4058.0,2914.0,3737.0,3316.0,4706.0,3943.0,4103.571428571428,882.4745241162955,4179.0,4060.6428571428573,4039.866666666667,4142.416666666667,4088.0666666666666,886.5477692298504,4129.279409503187,4161.956300222076,0.7818314824680298,0.7818314824680298,,886.5477692298509,3870.215122556089,,11995.0548143808
2015-03-18,3352,2,18,3346.0,5678.0,3378.0,3963.0,3024.0,3515.0,2969.0,4182.0,5048.0,4099.857142857143,886.0847266808854,4167.357142857143,4074.3214285714284,4012.2,4114.15,4083.5222222222224,894.8711484978048,3934.95955712739,4053.9621268591322,0.9749279121818236,0.9749279121818236,,894.8711484978054,3906.550748713709,,11995.0548143808
2015-03-19,3132,3,19,3352.0,3916.0,3436.0,3759.0,2932.0,3589.0,3128.0,3316.0,5057.0,4056.4285714285716,930.3866323815506,4134.714285714285,4074.464285714286,4006.0666666666666,4082.0666666666666,4077.0666666666666,900.4207037147402,3734.2196678455425,3931.033843277915,0.43388373911755823,0.43388373911755823,,900.4207037147407,3930.7772746489113,,11995.0548143808
2015-03-20,4002,4,20,3132.0,3346.0,4085.0,4093.0,4019.0,4217.0,4061.0,2969.0,4382.0,4044.5714285714284,930.4907051555912,4119.357142857143,4072.3571428571427,4040.5,4075.733333333333,4063.811111111111,878.8885124072145,3801.164750884157,3940.495997507526,-0.433883739117558,-0.433883739117558,,878.8885124072152,3836.7787160686457,,11995.0548143808
2015-03-21,5388,5,21,4002.0,3352.0,4886.0,4686.0,5447.0,5110.0,4663.0,3128.0,3210.0,4116.285714285715,1021.0840178107618,4139.214285714285,4098.25,4115.833333333333,4112.033333333334,4064.233333333333,894.6922446538059,4197.873563163118,4133.496531173189,-0.9749279121818236,-0.9749279121818236,,894.6922446538065,3905.7697458320145,,11995.0548143808
2015-03-22,5408,6,22,5388.0,3132.0,5678.0,4706.0,5630.0,5839.0,5299.0,4061.0,3210.0,4077.714285714286,955.234301848802,4108.428571428572,4102.142857142857,4160.733333333334,4148.666666666667,4072.6666666666665,925.1273885565485,4500.405172372338,4303.430327016764,-0.7818314824680299,-0.7818314824680299,,925.127388556549,4038.6340519391633,,11995.0548143808
2015-03-23,3726,0,23,5408.0,4002.0,3916.0,4182.0,3907.0,3932.0,3462.0,4663.0,2846.0,4050.5714285714284,963.2609298874402,4093.714285714286,4111.571428571428,4129.5,4163.333333333333,4064.4555555555557,923.4010504650662,4306.803879279253,4226.439616747862,0.0,0.0,,923.4010504650668,4031.0977408455115,,11995.0548143808
2015-03-24,3318,1,24,3726.0,5388.0,3346.0,3316.0,3737.0,3579.0,2914.0,5299.0,3961.0,4046.5714285714284,966.7262379017216,4075.0714285714284,4126.0,4063.4666666666667,4152.616666666667,4063.366666666667,907.5812012054881,4059.6029094594396,4105.314334514814,0.7818314824680298,0.7818314824680298,,907.5812012054887,3962.0363524285463,,11995.0548143808
2015-03-25,3114,2,25,3318.0,5408.0,3352.0,2969.0,3515.0,3378.0,3024.0,3462.0,5442.0,4012.5714285714284,998.8765117442109,4056.214285714286,4129.214285714285,4051.866666666667,4113.816666666667,4097.966666666666,917.7012786204434,3823.2021820945797,3973.1390899128387,0.9749279121818236,0.9749279121818236,,917.701278620444,4006.2154457748898,,11995.0548143808
2015-03-26,3298,3,26,3114.0,3726.0,3132.0,3128.0,3589.0,3436.0,2932.0,2914.0,5463.0,4036.285714285714,976.1997258562931,4046.3571428571427,4142.285714285715,4064.6666666666665,4077.733333333333,4095.5777777777776,903.8567300771371,3691.901636570935,3883.120544591127,0.43388373911755823,0.43388373911755823,,903.8567300771376,3945.777212216632,,11995.0548143808
2015-03-27,3936,4,27,3298.0,3318.0,4002.0,4061.0,4217.0,4085.0,4019.0,3024.0,3285.0,4026.8571428571427,976.9045379106768,4035.714285714286,4139.321428571428,4095.0666666666666,4088.5833333333335,4093.5222222222224,882.7386043887219,3752.9262274282014,3890.171138645643,-0.433883739117558,-0.433883739117558,,882.7386043887225,3853.5862528165026,,11995.0548143808
2015-03-28,4717,5,28,3936.0,3114.0,5388.0,4663.0,5110.0,4886.0,5447.0,2932.0,2910.0,3931.0,845.1155739502916,4023.6428571428573,4113.25,4154.566666666667,4118.7,4098.044444444445,861.5436300250668,3993.944670571151,4000.4149868262243,-0.9749279121818236,-0.9749279121818236,,861.5436300250675,3761.0598113189785,,11995.0548143808
2015-03-29,5289,6,29,4717.0,3298.0,5408.0,5299.0,5839.0,5678.0,5630.0,4019.0,2984.0,3914.0,810.9597195093381,3995.8571428571427,4101.071428571428,4196.9,4157.116666666667,4115.2,885.5207449039013,4317.7085029283635,4172.226321916061,-0.7818314824680299,-0.7818314824680299,,885.5207449039018,3865.7316584772448,,11995.0548143808
2015-03-30,4079,0,30,5289.0,3936.0,3726.0,3462.0,3932.0,3916.0,3907.0,5447.0,3140.0,3964.4285714285716,808.2917907832644,4007.5,4107.214285714285,4151.3,4172.766666666666,4121.1,853.5732661521464,4258.031377196273,4159.796145660586,0.0,0.0,,853.573266152147,3726.2652702193504,,11995.0548143808
2015-03-31,3754,1,31,4079.0,4717.0,3318.0,2914.0,3579.0,3346.0,3737.0,5630.0,4057.0,4026.714285714286,765.8619793595766,4036.6428571428573,4107.821428571428,4088.766666666667,4167.716666666666,4118.333333333333,809.0653050379058,4132.023532897204,4105.689992905841,0.7818314824680298,0.7818314824680298,,809.0653050379063,3531.9662260425075,,11995.0548143808
2015-04-01,4328,2,1,3754.0,5289.0,3114.0,3024.0,3378.0,3352.0,3515.0,3907.0,5917.0,4200.142857142857,654.0197317541772,4106.357142857143,4136.857142857143,4102.8,4141.233333333334,4132.4111111111115,809.4548782977267,4181.017649672903,4135.331327185062,0.9749279121818236,0.9749279121818236,,809.4548782977273,3533.6669040813367,,11995.0548143808
2015-04-02,4230,3,2,4328.0,4079.0,3298.0,2932.0,3436.0,3132.0,3589.0,3737.0,5324.0,4333.285714285715,521.1192167779209,4184.785714285715,4159.75,4119.233333333334,4123.0,4129.266666666666,806.772355335333,4193.263237254677,4147.953816893721,0.43388373911755823,0.43388373911755823,,806.7723553353337,3521.9563778175593,,11995.0548143808
2015-04-03,5487,4,3,4230.0,3754.0,3936.0,4019.0,4085.0,4002.0,4217.0,3515.0,3781.0,4554.857142857143,640.176389383273,4290.857142857143,4205.107142857143,4184.966666666666,4151.433333333333,4132.633333333333,835.6626312892787,4516.697427941007,4326.493307974558,-0.433883739117558,-0.433883739117558,,835.6626312892793,3648.076578863139,,11995.0548143808
2015-04-04,6497,5,4,5487.0,4328.0,4717.0,5447.0,4886.0,5388.0,5110.0,3589.0,3970.0,4809.142857142857,979.1114047222287,4370.071428571428,4254.642857142857,4281.9,4193.55,4143.844444444445,927.7348889299781,5011.773070955755,4615.8942002446165,-0.9749279121818236,-0.9749279121818236,,927.7348889299786,4050.0170678663076,,11995.0548143808
2015-04-05,4750,6,5,6497.0,4230.0,5289.0,5630.0,5678.0,5408.0,5839.0,4217.0,3586.0,4732.142857142857,956.0061765092331,4323.071428571428,4215.75,4299.666666666667,4212.95,4148.277777777777,931.5449656288705,4946.329803216816,4633.774973545334,-0.7818314824680299,-0.7818314824680299,,931.5449656288711,4066.6499183115375,,11995.0548143808
2015-04-06,3996,0,6,4750.0,5487.0,4079.0,3907.0,3916.0,3726.0,3932.0,5110.0,3803.0,4720.285714285715,965.9204098139927,4342.357142857143,4218.035714285715,4262.533333333334,4216.166666666667,4153.522222222222,920.2644197722948,4708.747352412612,4548.738310405956,0.0,0.0,,920.2644197722954,4017.4048119787644,,11995.0548143808
2015-04-07,3681,1,7,3996.0,6497.0,3754.0,3737.0,3346.0,3318.0,3579.0,5839.0,3945.0,4709.857142857143,978.4050675412867,4368.285714285715,4221.678571428572,4190.6,4211.766666666666,4157.7,876.0690651407224,4451.810514309459,4433.039869018496,0.7818314824680298,0.7818314824680298,,876.0690651407231,3824.470448170677,,11995.0548143808
2015-04-08,3704,2,8,3681.0,4750.0,4328.0,3515.0,3352.0,3114.0,3378.0,3932.0,6196.0,4620.714285714285,1045.1449204593107,4410.428571428572,4233.321428571428,4183.0,4170.233333333334,4160.877777777778,879.3725427630231,4264.8578857320945,4335.834553149363,0.9749279121818236,0.9749279121818236,,879.3725427630237,3838.89174558363,,11995.0548143808
2015-04-09,3619,3,9,3704.0,3996.0,4230.0,3589.0,3132.0,3298.0,3436.0,3579.0,5710.0,4533.428571428572,1106.9033166365286,4433.357142857143,4239.857142857143,4184.333333333333,4135.383333333333,4157.811111111111,878.4550047681932,4103.39341429907,4240.256612729448,0.43388373911755823,0.43388373911755823,,878.4550047681938,3834.8862429515552,,11995.0548143808
2015-04-10,4455,4,10,3619.0,3681.0,5487.0,4217.0,4002.0,3936.0,4085.0,3378.0,4857.0,4386.0,1024.37916157381,4470.428571428572,4253.071428571428,4220.233333333334,4128.683333333333,4145.722222222223,866.2888617280096,4191.295060724303,4268.889064365521,-0.433883739117558,-0.433883739117558,,866.2888617280101,3781.775071267932,,11995.0548143808
2015-04-11,5365,5,11,4455.0,3704.0,6497.0,5110.0,5388.0,4717.0,4886.0,3436.0,4058.0,4224.285714285715,660.198887781983,4516.714285714285,4270.178571428572,4284.533333333334,4150.466666666666,4142.388888888889,877.5881813766304,4484.721295543227,4415.037189116785,-0.9749279121818236,-0.9749279121818236,,877.5881813766309,3831.102134395818,,11995.0548143808
2015-04-12,5907,6,12,5365.0,3619.0,4750.0,5839.0,5408.0,5289.0,5678.0,4085.0,3963.0,4389.571428571428,910.9602730347871,4560.857142857143,4278.357142857143,4345.266666666666,4182.866666666667,4163.811111111111,925.0647296394864,4840.29097165742,4613.9655639012135,-0.7818314824680299,-0.7818314824680299,,925.0647296394869,4038.360515084418,,11995.0548143808
2015-04-13,4071,0,13,5907.0,4455.0,3996.0,3932.0,3726.0,4079.0,3916.0,4886.0,3759.0,4400.285714285715,905.9872541939535,4560.285714285715,4283.892857142857,4318.1,4188.066666666667,4173.7444444444445,920.5936371861222,4647.968228743065,4541.570155381051,0.0,0.0,,920.5936371861228,4018.842007195792,,11995.0548143808
2015-04-14,3606,1,14,4071.0,5365.0,3681.0,3579.0,3318.0,3754.0,3346.0,5678.0,4093.0,4389.571428571428,916.2961415653859,4549.714285714285,4293.178571428572,4249.033333333334,4179.95,4178.844444444445,892.3417268464206,4387.476171557299,4416.827467996911,0.7818314824680298,0.7818314824680298,,892.3417268464211,3895.5085846405727,,11995.0548143808
2015-04-15,3575,2,15,3606.0,5907.0,3704.0,3378.0,3114.0,4328.0,3352.0,3916.0,4686.0,4371.142857142857,933.5177963973001,4495.928571428572,4301.142857142857,4237.666666666667,4161.433333333333,4180.8,898.878087446758,4184.3571286679735,4304.583805597323,0.9749279121818236,0.9749279121818236,,898.8780874467585,3924.0429992766635,,11995.0548143808
2015-04-16,3627,3,16,3575.0,4071.0,3619.0,3436.0,3298.0,4230.0,3132.0,3346.0,4706.0,4372.285714285715,932.4478027009875,4452.857142857143,4318.821428571428,4247.033333333334,4143.45,4177.288888888889,890.6929686304948,4045.01784650098,4214.239298184347,0.43388373911755823,0.43388373911755823,,890.6929686304953,3888.31094769174,,11995.0548143808
2015-04-17,4115,4,17,3627.0,3606.0,4455.0,4085.0,3936.0,5487.0,4002.0,3352.0,4182.0,4323.714285714285,936.2686071645786,4354.857142857143,4322.857142857143,4272.466666666666,4142.333333333333,4166.922222222222,875.0099007649966,4062.513384875735,4201.007391759767,-0.433883739117558,-0.433883739117558,,875.0099007649972,3819.846677036756,,11995.0548143808
2015-04-18,5534,5,18,4115.0,3575.0,5365.0,4886.0,4717.0,6497.0,5388.0,3132.0,3316.0,4347.857142857143,969.194584620208,4286.071428571428,4328.071428571428,4352.533333333334,4179.3,4172.222222222223,876.9482638509822,4430.385038656802,4378.739739525133,-0.9749279121818236,-0.9749279121818236,,876.9482638509828,3828.308581052265,,11995.0548143808
2015-04-19,5732,6,19,5534.0,3627.0,5907.0,5678.0,5289.0,4750.0,5408.0,4002.0,2969.0,4322.857142857143,923.4517544826789,4356.214285714285,4339.642857142857,4410.2,4225.35,4187.222222222223,909.3840431473504,4755.788778992602,4559.174440921782,-0.7818314824680299,-0.7818314824680299,,909.384043147351,3969.9066402902317,,11995.0548143808
2015-04-20,4040,0,20,5732.0,4115.0,4071.0,3916.0,4079.0,3996.0,3726.0,5388.0,3128.0,4318.428571428572,924.934025961283,4359.357142857143,4350.857142857143,4365.266666666666,4240.55,4196.444444444444,892.5512806028204,4576.841584244451,4489.951182132211,0.0,0.0,,892.551280602821,3896.423389398033,,11995.0548143808
2015-04-21,3475,1,21,4040.0,5534.0,3606.0,3346.0,3754.0,3681.0,3318.0,5408.0,4061.0,4299.714285714285,942.9018531967682,4344.642857142857,4356.464285714285,4300.833333333333,4230.783333333334,4199.388888888889,884.4152201365504,4301.381188183338,4354.624357847916,0.7818314824680298,0.7818314824680298,,884.4152201365509,3860.905501532901,,11995.0548143808
2015-04-22,3374,2,22,3475.0,5732.0,3575.0,3352.0,4328.0,3704.0,3114.0,3726.0,4663.0,4271.0,971.2833434859926,4321.071428571428,4365.75,4289.1,4209.3,4205.2555555555555,894.5809016825475,4069.5358911375033,4223.874443468194,0.9749279121818236,0.9749279121818236,,894.5809016825481,3905.2836792419093,,11995.0548143808
2015-04-23,3716,3,23,3374.0,4040.0,3627.0,3132.0,4230.0,3619.0,3298.0,3318.0,5299.0,4283.714285714285,961.9862636381907,4328.0,4380.678571428572,4302.366666666667,4182.916666666667,4202.533333333334,882.553172505112,3981.1519183531277,4156.157851005768,0.43388373911755823,0.43388373911755823,,882.5531725051126,3852.7767518453657,,11995.0548143808
2015-04-24,4223,4,24,3716.0,3475.0,4115.0,4002.0,5487.0,4455.0,3936.0,3114.0,3462.0,4299.142857142857,959.6927335648311,4311.428571428572,4390.928571428572,4339.333333333333,4195.6,4188.988888888889,853.8188184343509,4041.613938764846,4165.070137538332,-0.433883739117558,-0.433883739117558,,853.8188184343514,3727.3372261691034,,11995.0548143808
2015-04-25,5913,5,25,4223.0,3374.0,5534.0,5388.0,6497.0,5365.0,4717.0,3298.0,2914.0,4353.285714285715,1047.632523722846,4350.571428571428,4433.642857142857,4426.5,4245.583333333333,4193.988888888889,877.0110190791187,4509.4604540736345,4398.127452533221,-0.9749279121818236,-0.9749279121818236,,877.0110190791193,3828.582538352009,,11995.0548143808
2015-04-26,5674,6,26,5913.0,3716.0,5732.0,5408.0,4750.0,5907.0,5289.0,3936.0,3024.0,4345.0,1035.0648932957433,4333.928571428572,4447.392857142857,4484.433333333333,4289.75,4220.533333333334,900.5798776854508,4800.595340555225,4568.243792195458,-0.7818314824680299,-0.7818314824680299,5522.2114,900.5798776854514,3931.472146972708,42586.95261572271,11995.0548143808
2015-04-27,3921,0,27,5674.0,4223.0,4040.0,3726.0,3996.0,4071.0,4079.0,4717.0,2932.0,4328.0,1041.8640346353557,4323.214285714285,4441.75,4457.9,4306.233333333334,4231.766666666666,905.2058005665328,4580.696505416418,4481.944619902731,0.0,0.0,3965.4097,905.2058005665335,3951.666565493095,31709.533752993095,11995.0548143808
2015-04-28,3442,1,28,3921.0,5913.0,3475.0,3318.0,3681.0,3606.0,3754.0,5289.0,4019.0,4323.285714285715,1046.4316690999144,4311.5,4430.607142857143,4396.333333333333,4296.616666666667,4236.855555555556,909.5307745673286,4296.022379062314,4343.285337249034,0.7818314824680298,0.7818314824680298,3556.7053,909.5307745673292,3970.547194787421,28867.48469478742,11995.0548143808
2015-04-29,3482,2,29,3442.0,5674.0,3374.0,3114.0,3704.0,3575.0,4328.0,4079.0,5447.0,4338.714285714285,1030.7818576669038,4304.857142857143,4400.392857142857,4376.433333333333,4263.866666666667,4240.655555555555,923.1424100296712,4092.5167842967353,4228.447292282496,0.9749279121818236,0.9749279121818236,3392.5103,923.1424100296717,4029.968648698294,27777.540914323294,11995.0548143808
2015-04-30,3385,3,30,3482.0,3921.0,3716.0,3298.0,3619.0,3627.0,4230.0,3754.0,5630.0,4291.428571428572,1070.9196759705872,4287.571428571428,4370.214285714285,4364.133333333333,4226.45,4233.188888888889,934.1148025632627,3915.6375882225516,4115.987653311497,0.43388373911755823,0.43388373911755823,3651.9402,934.1148025632633,4077.8685148848817,29641.45054613488,11995.0548143808
2015-05-01,5011,4,1,3385.0,3442.0,4223.0,3936.0,4455.0,4115.0,5487.0,4328.0,3907.0,4404.0,1103.4497420967245,4351.571428571428,4353.214285714285,4386.9,4244.85,4223.122222222222,941.497792404972,4189.478191166913,4235.322632869964,-0.433883739117558,-0.433883739117558,4658.633,941.4977924049724,4110.098880722791,36720.52856822279,11995.0548143808
2015-05-02,5681,5,2,5011.0,3482.0,5913.0,4717.0,5365.0,5534.0,6497.0,4230.0,3737.0,4370.857142857143,1052.8981319151778,4362.071428571428,4324.071428571428,4435.266666666666,4277.25,4227.0888888888885,969.9986112088582,4562.358643375185,4428.079615153969,-0.9749279121818236,-0.9749279121818236,5910.5884,969.9986112088587,4234.518910605505,45608.636098105504,11995.0548143808
2015-05-03,6385,6,3,5681.0,3385.0,5674.0,5289.0,5907.0,5732.0,4750.0,5487.0,3515.0,4472.428571428572,1220.5148991501962,4408.714285714285,4382.464285714285,4465.2,4325.083333333333,4256.022222222222,1016.3229665877773,5018.018982531389,4689.00233313344,-0.7818314824680299,-0.7818314824680299,6412.8086,1016.3229665877778,4436.747405169201,49326.4075614192,11995.0548143808
2015-05-04,4701,0,4,6385.0,5011.0,3921.0,4079.0,4071.0,4040.0,3996.0,6497.0,3589.0,4583.857142857143,1197.16309506703,4455.928571428572,4407.642857142857,4405.333333333333,4343.616666666667,4264.144444444444,942.74596473439,4938.764236898542,4690.602022048981,0.0,0.0,4281.3555,942.7459647343906,4115.547764124829,34085.03604537483,11995.0548143808
2015-05-05,4081,1,5,4701.0,5681.0,3442.0,3754.0,3606.0,3475.0,3681.0,4750.0,4217.0,4675.142857142857,1117.2803928246797,4499.214285714285,4421.928571428572,4383.033333333334,4341.35,4269.644444444444,942.2242021548926,4724.323177673906,4609.32175244245,0.7818314824680298,0.7818314824680298,3950.1562,942.2242021548932,4113.270014977359,31764.36376497736,11995.0548143808
2015-05-06,3965,2,6,4081.0,6385.0,3482.0,4328.0,3575.0,3374.0,3704.0,3996.0,5110.0,4744.142857142857,1043.8134297806628,4541.428571428572,4431.25,4382.0,4322.266666666666,4271.444444444444,942.6801849166396,4534.49238325543,4523.412185450124,0.9749279121818236,0.9749279121818236,3871.0706,942.6801849166402,4115.260603010389,31212.75474363539,11995.0548143808
2015-05-07,4094,3,7,3965.0,4701.0,3385.0,4230.0,3627.0,3716.0,3619.0,3681.0,5839.0,4845.428571428572,916.5954864138703,4568.428571428572,4448.214285714285,4395.766666666666,4293.183333333333,4273.1,935.074943827873,4424.369287441572,4466.1572273901065,0.43388373911755823,0.43388373911755823,3967.8257,935.0749438278735,4082.060001650804,31856.839298525803,11995.0548143808
2015-05-08,4586,4,8,4094.0,4081.0,5011.0,5487.0,4115.0,4223.0,4455.0,3704.0,3932.0,4784.714285714285,917.8752119770414,4594.357142857143,4452.892857142857,4425.166666666667,4304.083333333333,4255.211111111111,926.4002666358509,4464.776965581179,4482.136263738092,-0.433883739117558,-0.433883739117558,4475.428,926.4002666358515,4044.190788036944,35372.18883491195,11995.0548143808
2015-05-09,5732,5,9,4586.0,3965.0,5681.0,6497.0,5534.0,5913.0,5365.0,3619.0,3579.0,4792.0,926.3386709693855,4581.428571428572,4466.0,4495.6,4339.966666666666,4255.455555555555,943.1676122660137,4781.582724185884,4648.784761906346,-0.9749279121818236,-0.9749279121818236,5853.3306,943.1676122660142,4117.38846206567,45090.70096206567,11995.0548143808
2015-05-10,4906,6,10,5732.0,4094.0,6385.0,4750.0,5732.0,5674.0,5907.0,4455.0,3378.0,4580.714285714285,620.6818063725561,4526.571428571428,4430.25,4510.633333333333,4365.433333333333,4256.0,946.0879336303296,4812.687043139414,4683.0801269855,-0.7818314824680299,-0.7818314824680299,5478.9434,946.0879336303302,4130.137094794978,42482.738657294976,11995.0548143808
2015-05-11,4501,0,11,4906.0,4586.0,4701.0,3996.0,4040.0,3921.0,4071.0,5365.0,3436.0,4552.142857142857,618.8223839334978,4568.0,4445.607142857143,4481.833333333333,4383.183333333333,4260.922222222222,932.2323257618724,4734.76528235456,4658.802776720768,0.0,0.0,4281.955,932.232325761873,4069.650581867092,34043.33612874209,11995.0548143808
2015-05-12,3731,1,12,4501.0,5732.0,4081.0,3681.0,3475.0,3442.0,3606.0,5907.0,4085.0,4502.142857142857,674.8390989886435,4588.642857142857,4450.071428571428,4409.3,4377.283333333334,4258.344444444445,901.6741956895522,4483.82396176592,4535.095739824665,0.7818314824680298,0.7818314824680298,3799.0254,901.6741956895528,3936.2493809079288,30529.427115282928,11995.0548143808
2015-05-13,3853,2,13,3731.0,4906.0,3965.0,3704.0,3374.0,3482.0,3575.0,4071.0,4886.0,4486.142857142857,690.8351054029736,4615.142857142857,4460.0,4402.033333333334,4360.066666666667,4259.388888888889,905.365480909768,4326.11797132444,4444.149641181376,0.9749279121818236,0.9749279121818236,3771.3127,905.3654809097686,3952.3636483809128,30351.553101505913,11995.0548143808
2015-05-14,3390,3,14,3853.0,4501.0,4094.0,3619.0,3716.0,3385.0,3627.0,3606.0,5678.0,4385.571428571428,800.0489270752637,4615.5,4451.535714285715,4394.833333333333,4321.933333333333,4251.577777777778,912.743121446069,4092.08847849333,4303.596355690525,0.43388373911755823,0.43388373911755823,3640.6934,912.7431214460696,3984.570661881357,29469.424177506357,11995.0548143808
2015-05-15,4263,4,15,3390.0,3731.0,4586.0,4455.0,4223.0,5011.0,4115.0,3575.0,3916.0,4339.428571428572,795.8661648675281,4562.071428571428,4456.821428571428,4417.766666666666,4327.716666666666,4246.877777777778,899.9880337646315,4134.816358869998,4298.183508265121,-0.433883739117558,-0.433883739117558,4328.3813,899.988033764632,3928.8884584541097,34227.55838032911,11995.0548143808
2015-05-16,5467,5,16,4263.0,3853.0,5732.0,5365.0,5913.0,5681.0,5534.0,3627.0,3346.0,4301.571428571428,721.4046153495374,4546.785714285715,4454.428571428572,4479.1,4363.066666666667,4255.333333333333,906.9102662526598,4467.862269152499,4454.025707163106,-0.9749279121818236,-0.9749279121818236,5265.181,906.9102662526603,3959.1073928272563,40815.37692407725,11995.0548143808
2015-05-17,5427,6,17,5467.0,3390.0,4906.0,5907.0,5674.0,6385.0,5732.0,4115.0,3352.0,4376.0,814.9668704922885,4478.357142857143,4443.535714285715,4522.833333333333,4397.65,4269.166666666667,920.2823436065752,4707.646701864373,4583.755612874691,-0.7818314824680299,-0.7818314824680299,5393.791,920.2823436065758,4017.4830582920413,41774.02212079204,11995.0548143808
2015-05-18,4076,0,18,5427.0,4263.0,4501.0,4071.0,3921.0,4701.0,4040.0,5534.0,3132.0,4315.285714285715,819.9184338062128,4433.714285714285,4444.821428571428,4474.233333333334,4413.383333333333,4277.611111111111,903.384657955775,4549.73502639828,4516.054864491399,0.0,0.0,4040.027,903.3846579557755,3943.7163862505145,32223.905839375515,11995.0548143808
2015-05-19,3491,1,19,4076.0,5467.0,3731.0,3606.0,3442.0,4081.0,3475.0,5732.0,4002.0,4281.0,852.7823090722871,4391.571428571428,4445.392857142857,4399.533333333334,4404.866666666667,4283.4111111111115,888.3223138778629,4285.05126979871,4379.380882559213,0.7818314824680298,0.7818314824680298,3568.4949,888.3223138778636,3877.961878873976,28857.426722623975,11995.0548143808
2015-05-20,3498,2,20,3491.0,5427.0,3853.0,3575.0,3482.0,3965.0,3374.0,4040.0,5388.0,4230.285714285715,892.1254983251517,4358.214285714285,4449.821428571428,4381.466666666666,4373.366666666667,4287.522222222222,901.3033755138338,4088.288452349032,4261.863431551318,0.9749279121818236,0.9749279121818236,3454.3728,901.3033755138343,3934.630569263903,28115.239944263903,11995.0548143808
2015-05-21,3556,3,21,3498.0,4076.0,3390.0,3627.0,3385.0,4094.0,3716.0,3475.0,5408.0,4254.0,867.9450827481321,4319.785714285715,4444.107142857143,4384.166666666667,4342.5,4281.9111111111115,898.611575914646,3955.216339261774,4167.7483073444755,0.43388373911755823,0.43388373911755823,3503.3774,898.6115759146464,3922.8795459380894,28446.52212406309,11995.0548143808
2015-05-22,4461,4,22,3556.0,3491.0,4263.0,4115.0,5011.0,4586.0,4223.0,3374.0,3726.0,4282.285714285715,871.5063041052733,4310.857142857143,4452.607142857143,4420.4,4354.75,4279.666666666667,878.1575775647957,4081.6622544463307,4206.848533031879,-0.433883739117558,-0.433883739117558,4429.9785,878.1575775647963,3833.5878275695513,34843.43743694455,11995.0548143808
2015-05-23,5296,5,23,4461.0,3498.0,5467.0,5534.0,5681.0,5732.0,5913.0,3716.0,3318.0,4257.857142857143,834.3691086826051,4279.714285714285,4430.571428571428,4473.066666666667,4387.716666666666,4279.633333333333,881.8269410848004,4385.246690834748,4352.068728627628,-0.9749279121818236,-0.9749279121818236,5204.791,881.826941084801,3849.606396086863,40283.14545858686,11995.0548143808
2015-05-24,5251,6,24,5296.0,3556.0,5427.0,5732.0,6385.0,4906.0,5674.0,4223.0,3114.0,4232.714285714285,794.9888289122266,4304.357142857143,4415.464285714285,4507.333333333333,4423.333333333333,4299.511111111111,891.6927850938873,4601.685018126061,4471.926231477279,-0.7818314824680299,-0.7818314824680299,5378.1997,891.6927850938879,3892.675636127834,41540.07407362783,11995.0548143808
2015-05-25,4754,0,25,5251.0,4461.0,4076.0,4040.0,4701.0,4501.0,3921.0,5913.0,3298.0,4329.571428571428,813.7929419581783,4322.428571428572,4445.214285714285,4468.7,4447.6,4319.955555555555,852.9570127018296,4639.763763594546,4509.536067280308,0.0,0.0,4153.293,852.9570127018302,3723.5750221520466,32796.62580340204,11995.0548143808
2015-05-26,3518,1,26,4754.0,5296.0,3491.0,3475.0,4081.0,3731.0,3442.0,5674.0,3936.0,4333.428571428572,809.2069898245733,4307.214285714285,4447.928571428572,4396.833333333333,4440.633333333333,4325.444444444444,838.6087034316135,4359.322822695909,4377.3312583096,0.7818314824680298,0.7818314824680298,3669.0989,838.6087034316141,3660.9376263477097,29344.62903259771,11995.0548143808
2015-05-27,3614,2,27,3518.0,5251.0,3498.0,3374.0,3965.0,3853.0,3482.0,3921.0,4717.0,4350.0,790.2119968717221,4290.142857142857,4452.642857142857,4386.6,4422.25,4333.022222222222,846.4518480306309,4172.992117021932,4275.553757201654,0.9749279121818236,0.9749279121818236,3644.438,846.4518480306315,3695.1767930221463,29206.243199272147,11995.0548143808
2015-05-28,3294,3,28,3614.0,4754.0,3556.0,3716.0,4094.0,3390.0,3385.0,3442.0,5289.0,4312.571428571428,838.799113245208,4283.285714285715,4449.392857142857,4381.666666666667,4389.0,4324.966666666666,852.5563317755386,3953.244087766449,4144.6799229081,0.43388373911755823,0.43388373911755823,3486.1467,852.5563317755392,3721.825853710059,28124.85319746006,11995.0548143808
2015-05-29,3709,4,29,3294.0,3518.0,4461.0,4223.0,4586.0,4263.0,5011.0,3482.0,4079.0,4205.142857142857,864.3865702665323,4243.714285714285,4402.892857142857,4389.233333333334,4382.833333333333,4305.655555555555,845.2724385677593,3892.183065824837,4086.589266520353,-0.433883739117558,-0.433883739117558,4059.4456,845.2724385677599,3690.0280932032333,32106.147233828233,11995.0548143808
2015-05-30,5205,5,30,3709.0,3614.0,5296.0,5913.0,5732.0,5467.0,5681.0,3385.0,3754.0,4192.142857142857,845.7291584921296,4225.0,4385.892857142857,4449.9,4407.016666666666,4300.933333333333,835.9726257686135,4220.387299368628,4235.710697650972,-0.9749279121818236,-0.9749279121818236,5185.3755,835.9726257686142,3649.4298565583417,39947.058762808345,11995.0548143808
2015-05-31,5842,6,31,5205.0,3294.0,5251.0,5674.0,4906.0,5427.0,6385.0,5011.0,4328.0,4276.571428571428,986.7876936712111,4254.642857142857,4366.5,4477.6,4432.25,4322.433333333333,868.3465699346253,4625.7904745264705,4449.882604630843,-0.7818314824680299,-0.7818314824680299,5710.349,868.3465699346259,3790.7579751739113,43763.20328767391,11995.0548143808
2015-06-01,4575,0,1,5842.0,3709.0,4754.0,3921.0,4501.0,4076.0,4701.0,5681.0,4230.0,4251.0,974.5976947780363,4290.285714285715,4362.0,4440.733333333334,4438.0,4331.7444444444445,838.4568721387935,4613.092855894853,4466.564924013398,0.0,0.0,4471.163,838.4568721387942,3660.2748084083455,34958.41543340834,11995.0548143808
2015-06-02,4131,1,2,4575.0,5205.0,3518.0,3442.0,3731.0,3491.0,4081.0,6385.0,5487.0,4338.571428571428,923.9835599444472,4336.0,4363.785714285715,4365.6,4415.4,4338.5888888888885,755.0679165616011,4492.569641921139,4421.822934144945,0.7818314824680298,0.7818314824680298,4007.7988,755.0679165616018,3296.2411848063502,31350.83298168135,11995.0548143808
2015-06-03,3905,2,3,4131.0,5842.0,3614.0,3482.0,3853.0,3498.0,3965.0,4701.0,6497.0,4380.142857142857,891.94140849636,4365.071428571428,4361.642857142857,4339.066666666667,4372.2,4342.1,756.8591602839556,4345.6772314408545,4352.913209592286,0.9749279121818236,0.9749279121818236,4019.7158,756.8591602839563,3304.060840760662,31442.072559510663,11995.0548143808
2015-06-04,3728,3,4,3905.0,4575.0,3294.0,3385.0,3390.0,3556.0,4094.0,4081.0,4750.0,4442.142857142857,815.6830325094444,4377.357142857143,4348.571428571428,4327.3,4355.166666666667,4336.666666666667,763.722469451315,4191.257923580641,4269.591448313315,0.43388373911755823,0.43388373911755823,3897.327,763.7224694513156,3334.0225459865032,30615.311608486503,11995.0548143808
2015-06-05,4507,4,5,3728.0,4131.0,3709.0,5011.0,4263.0,4461.0,4586.0,3965.0,3996.0,4556.142857142857,749.1961088552197,4380.642857142857,4345.75,4345.366666666667,4363.683333333333,4329.966666666666,761.2631736398505,4270.1934426854805,4301.245921871539,-0.433883739117558,-0.433883739117558,4633.3687,761.2631736398512,3323.2865155426653,35756.86659366766,11995.0548143808
2015-06-06,5555,5,6,4507.0,3905.0,5205.0,5681.0,5467.0,5296.0,5732.0,4094.0,3681.0,4606.142857142857,809.0085348893432,4399.142857142857,4339.428571428572,4394.066666666667,4394.916666666667,4326.811111111111,790.787557387904,4591.39508201411,4468.413132288668,-0.9749279121818236,-0.9749279121818236,5437.6436,790.7875573879046,3452.1749076088126,41515.678813858816,11995.0548143808
2015-06-07,5651,6,7,5555.0,3728.0,5842.0,6385.0,5427.0,5251.0,4906.0,4586.0,3704.0,4578.857142857143,762.2489594551564,4427.714285714285,4366.035714285715,4429.566666666667,4427.366666666667,4345.9111111111115,822.9517806854303,4856.296311510582,4626.091381316846,-0.7818314824680299,-0.7818314824680299,5761.245,822.951780685431,3592.58749194084,43921.30233569084,11995.0548143808
2015-06-08,4360,0,8,5651.0,4507.0,4575.0,4701.0,4076.0,4754.0,4501.0,5732.0,3619.0,4548.142857142857,766.7486395100215,4399.571428571428,4361.0,4383.833333333333,4439.716666666666,4354.5888888888885,785.3398158993142,4732.222233632937,4590.6125304746,0.0,0.0,4597.615,785.3398158993149,3428.3928484522803,35611.69948907728,11995.0548143808
2015-06-09,3996,1,9,4360.0,5555.0,4131.0,4081.0,3491.0,3518.0,3731.0,4906.0,4455.0,4528.857142857143,780.5629226337036,4433.714285714285,4370.464285714285,4353.5,4432.066666666667,4361.455555555555,782.0431573768722,4548.166675224703,4511.330859744654,0.7818314824680298,0.7818314824680298,3957.262,782.0431573768727,3414.0013197492726,31114.835304124274,11995.0548143808
2015-06-10,4111,2,10,3996.0,5651.0,3905.0,3965.0,3498.0,3614.0,3853.0,4501.0,5365.0,4558.285714285715,756.6389967669945,4469.214285714285,4379.678571428572,4340.5,4411.166666666667,4368.955555555555,782.7478895664151,4438.875006418527,4457.9534117787,0.9749279121818236,0.9749279121818236,3977.4243,782.7478895664158,3417.077820838087,31259.048523963087,11995.0548143808
2015-06-11,3728,3,11,4111.0,4360.0,3728.0,4094.0,3556.0,3294.0,3390.0,3731.0,5907.0,4558.285714285715,756.6389967669945,4500.214285714285,4391.75,4340.4,4374.85,4364.988888888889,782.8286288000413,4261.1562548138945,4360.626290208206,0.43388373911755823,0.43388373911755823,3795.024,782.828628800042,3417.430287127901,29982.5982558779,11995.0548143808
2015-06-12,4518,4,12,3728.0,3996.0,4507.0,4586.0,4461.0,3709.0,4263.0,3853.0,4071.0,4559.857142857143,756.5261459617917,4558.0,4400.857142857143,4362.566666666667,4382.3,4360.9,777.9513628682021,4325.36719111042,4381.609451513778,-0.433883739117558,-0.433883739117558,4406.4404,777.9513628682028,3396.1386331175036,34241.2206643675,11995.0548143808
2015-06-13,5369,5,13,4518.0,4111.0,5555.0,5732.0,5296.0,5205.0,5467.0,3390.0,3606.0,4533.285714285715,718.0356802382671,4569.714285714285,4397.357142857143,4428.533333333334,4411.683333333333,4357.466666666666,776.5421911993134,4586.275393332815,4513.261524645274,-0.9749279121818236,-0.9749279121818236,5331.523,776.5421911993141,3389.986908763216,40710.64706501322,11995.0548143808
2015-06-14,5688,6,14,5369.0,3728.0,5651.0,4906.0,5251.0,5842.0,5427.0,4263.0,3575.0,4538.571428571428,727.7059518658242,4558.714285714285,4406.678571428572,4476.033333333334,4446.9,4377.155555555555,808.9730178925304,4861.706544999611,4669.893321359237,-0.7818314824680299,-0.7818314824680299,5684.1357,808.9730178925311,3531.5633474633205,43320.51256621332,11995.0548143808
2015-06-15,4330,0,15,5688.0,4518.0,4360.0,4501.0,4754.0,4575.0,4076.0,5467.0,3627.0,4534.285714285715,729.0200532874463,4541.214285714285,4415.75,4438.133333333333,4458.616666666667,4388.0888888888885,787.2891390751778,4728.779908749708,4624.574211844672,0.0,0.0,4397.7524,787.2891390751784,3436.902598626859,34221.17017675186,11995.0548143808
2015-06-16,3656,1,16,4330.0,5369.0,3996.0,3731.0,3518.0,4131.0,3491.0,5427.0,4115.0,4485.714285714285,780.3782660320772,4507.285714285715,4421.642857142857,4379.1,4450.966666666666,4391.466666666666,776.9131824750019,4460.584931562281,4495.430983598716,0.7818314824680298,0.7818314824680298,3744.2585,776.9131824750026,3391.6064673423925,29601.417014217393,11995.0548143808
2015-06-17,3785,2,17,3656.0,5688.0,4111.0,3853.0,3614.0,3905.0,3498.0,4076.0,5534.0,4439.142857142857,815.4087785831533,4498.714285714285,4431.892857142857,4369.4,4421.816666666667,4398.722222222223,782.6235982589022,4291.68869867171,4400.706852452221,0.9749279121818236,0.9749279121818236,3694.8003,782.6235982589029,3416.5352284199066,29280.136790919907,11995.0548143808
2015-06-18,3911,3,18,3785.0,4330.0,3728.0,3390.0,3294.0,3728.0,3556.0,3491.0,5732.0,4465.285714285715,791.3885927671047,4511.785714285715,4444.571428571428,4383.4,4391.466666666666,4397.711111111111,770.0236270445758,4196.516524003782,4335.412605458591,0.43388373911755823,0.43388373911755823,3792.3176,770.0236270445765,3361.530184326434,29907.752840576435,11995.0548143808
2015-06-19,4686,4,19,3911.0,3656.0,4518.0,4263.0,3709.0,4507.0,4461.0,3498.0,4040.0,4489.285714285715,795.7888568972917,4524.571428571428,4452.607142857143,4423.0,4402.233333333334,4389.9111111111115,753.2857680029869,4318.887393002837,4382.157591397446,-0.433883739117558,-0.433883739117558,4511.2354,753.2857680029875,3288.4612336953323,34867.10967119533,11995.0548143808
2015-06-20,5386,5,20,4686.0,3785.0,5369.0,5467.0,5205.0,5555.0,5296.0,3556.0,3475.0,4491.714285714285,798.940697483381,4512.5,4455.821428571428,4484.0,4434.083333333333,4389.666666666667,754.7503355186435,4585.665544752127,4516.003245877787,-0.9749279121818236,-0.9749279121818236,5392.218,754.7503355186442,3294.8547880460724,41040.378225546076,11995.0548143808
2015-06-21,4715,6,21,5386.0,3911.0,5688.0,5427.0,5842.0,5651.0,5251.0,4461.0,3374.0,4352.714285714285,620.9330920170863,4445.642857142857,4436.678571428572,4492.466666666666,4456.433333333333,4400.655555555555,755.9072071009207,4617.9991585640955,4542.536146427416,-0.7818314824680299,-0.7818314824680299,5211.645,755.9072071009214,3299.905098980219,39781.42072398022,11995.0548143808
2015-06-22,4083,0,22,4715.0,4686.0,4330.0,4076.0,4575.0,4360.0,4754.0,5296.0,3716.0,4317.428571428572,629.399411381687,4425.857142857143,4412.714285714285,4452.033333333334,4462.55,4409.155555555555,743.7886928020738,4484.249368923071,4481.264660237093,0.0,0.0,4217.3706,743.7886928020745,3247.001850074576,32768.59560007458,11995.0548143808
2015-06-23,4084,1,23,4083.0,5386.0,3656.0,3491.0,4131.0,3996.0,3518.0,5251.0,4223.0,4378.571428571428,572.6682742923226,4432.142857142857,4432.928571428572,4413.133333333333,4460.233333333334,4419.933333333333,730.9684522336838,4384.187026692303,4428.296038872148,0.7818314824680298,0.7818314824680298,3802.666,730.9684522336845,3191.0352223928066,29809.697331767806,11995.0548143808
2015-06-24,3739,2,24,4084.0,4715.0,3785.0,3498.0,3905.0,4111.0,3614.0,4754.0,5913.0,4372.0,580.8206837455612,4405.571428571428,4437.392857142857,4379.3,4424.0,4424.833333333333,738.1023267999999,4222.8902700192275,4336.389900355861,0.9749279121818236,0.9749279121818236,3647.4478,738.1023268000007,3222.178078071029,28754.31284369603,11995.0548143808
2015-06-25,3756,3,25,3739.0,4083.0,3911.0,3556.0,3728.0,3728.0,3294.0,3518.0,5674.0,4349.857142857143,603.8237680458907,4407.571428571428,4453.892857142857,4387.233333333334,4392.033333333334,4422.833333333333,729.757479003064,4106.167702514421,4259.004580308412,0.43388373911755823,0.43388373911755823,3730.177,729.7574790030646,3185.7487312720555,29296.987012522055,11995.0548143808
2015-06-26,4215,4,26,3756.0,4084.0,4686.0,4461.0,4507.0,4518.0,3709.0,3614.0,3921.0,4282.571428571428,586.1060362377112,4385.928571428572,4471.964285714285,4407.266666666666,4396.933333333333,4417.2555555555555,715.9167709926157,4133.375776885815,4253.1373029339575,-0.433883739117558,-0.433883739117558,4277.995,715.9167709926165,3125.3272635202916,33071.29210727029,11995.0548143808
2015-06-27,5178,5,27,4215.0,3739.0,5386.0,5296.0,5555.0,5369.0,5205.0,3294.0,3442.0,4252.857142857143,522.6820029334013,4372.285714285715,4471.0,4470.066666666667,4425.866666666667,4416.022222222222,697.2833952800834,4394.531832664361,4376.45232920943,-0.9749279121818236,-0.9749279121818236,4995.1846,697.2833952800842,3043.9834544556556,38010.27642320566,11995.0548143808
2015-06-28,5559,6,28,5178.0,3756.0,4715.0,5251.0,5651.0,5688.0,5842.0,3709.0,3482.0,4373.428571428572,710.6158965157947,4363.071428571428,4460.892857142857,4531.733333333334,4460.483333333334,4432.466666666666,709.3559455388049,4685.648874498271,4534.125351981505,-0.7818314824680299,-0.7818314824680299,5392.4116,709.3559455388057,3096.68604781925,40843.56886031925,11995.0548143808
2015-06-29,3814,0,29,5559.0,4215.0,4083.0,4754.0,4360.0,4330.0,4575.0,5205.0,3385.0,4335.0,735.7676263603847,4326.214285714285,4433.714285714285,4485.366666666667,4467.633333333333,4433.133333333333,709.2917051456992,4467.736655873703,4438.108638383972,0.0,0.0,4062.3699,709.2917051456999,3096.405607047183,31532.99545079718,11995.0548143808
2015-06-30,3926,1,30,3814.0,5178.0,4084.0,3518.0,3996.0,3656.0,4131.0,5842.0,5011.0,4312.428571428572,747.0874239656388,4345.5,4426.392857142857,4421.5,4449.55,4428.666666666667,667.9824357591644,4332.302491905278,4369.827486599443,0.7818314824680298,0.7818314824680298,3805.0354,667.9824357591652,2916.0704185435848,29551.318465418586,11995.0548143808
2015-07-01,4446,2,1,3926.0,5559.0,3739.0,3614.0,4111.0,3785.0,3905.0,4575.0,5681.0,4413.428571428572,703.1419622292591,4392.714285714285,4445.714285714285,4417.2,4428.966666666666,4431.066666666667,667.3751671983991,4360.7268689289585,4379.9838217195165,0.9749279121818236,0.9749279121818236,4197.6826,667.3751671983999,2913.419393918743,32297.196737668743,11995.0548143808
2015-07-02,4772,3,2,4446.0,3814.0,3756.0,3294.0,3728.0,3911.0,3728.0,4131.0,6385.0,4558.571428571428,647.4755740934255,4454.214285714285,4483.0,4438.566666666667,4402.083333333333,4423.122222222222,668.1568927529828,4463.545151696719,4432.252645490247,0.43388373911755823,0.43388373911755823,4698.243,668.1568927529836,2916.832008746782,35804.53513374678,11995.0548143808
2015-07-03,6209,4,3,4772.0,3926.0,4215.0,3709.0,4518.0,4686.0,4507.0,3905.0,4701.0,4843.428571428572,871.131038199348,4563.0,4543.785714285715,4515.366666666667,4427.216666666666,4419.922222222222,733.8929962092874,4899.908863772539,4669.152292758215,-0.433883739117558,-0.433883739117558,5191.3267,733.8929962092882,3203.8022888880437,39543.087445138044,11995.0548143808
2015-07-04,4316,5,4,6209.0,4446.0,5178.0,5205.0,5369.0,5386.0,5555.0,3728.0,4081.0,4720.285714285715,876.860824054704,4486.571428571428,4499.535714285715,4534.966666666666,4431.133333333333,4415.1,719.8573845026361,4753.931647829404,4622.065320390453,-0.9749279121818236,-0.9749279121818236,5199.2583,719.8573845026369,3142.529971065175,39537.338564815174,11995.0548143808
2015-07-05,5024,6,5,4316.0,4772.0,5559.0,5842.0,5688.0,4715.0,5651.0,4507.0,3965.0,4643.857142857143,812.5290617513118,4508.642857142857,4477.142857142857,4552.2,4448.783333333334,4426.522222222222,725.3324279490546,4821.4487358720535,4675.656611005059,-0.7818314824680299,-0.7818314824680299,5681.936,725.3324279490553,3166.4312166363948,42939.981997886396,11995.0548143808
2015-07-06,4808,0,6,5024.0,6209.0,3814.0,4575.0,4330.0,4083.0,4360.0,5555.0,4094.0,4785.857142857143,725.52887113962,4560.428571428572,4493.142857142857,4527.3,4460.683333333333,4439.044444444445,702.172301774499,4818.08655190404,4693.302396204384,0.0,0.0,4585.5933,702.1723017744997,3065.325925221655,35164.47826897165,11995.0548143808
2015-07-07,4319,1,7,4808.0,4316.0,3926.0,4131.0,3656.0,4084.0,3996.0,5651.0,4586.0,4842.0,660.1628586947222,4577.214285714285,4504.678571428572,4482.9,4456.233333333334,4445.877777777778,670.0457704386666,4693.3149139280295,4643.3954100437995,0.7818314824680298,0.7818314824680298,4101.683,670.0457704386674,2925.0778847587903,31636.85913475879,11995.0548143808
2015-07-08,3953,2,8,4319.0,5024.0,4446.0,3905.0,3785.0,3739.0,4111.0,4360.0,5732.0,4771.571428571428,731.8553721291349,4592.5,4499.035714285715,4469.333333333333,4426.583333333333,4449.5888888888885,676.7072067579513,4508.236185446022,4551.342688704626,0.9749279121818236,0.9749279121818236,4052.421,676.7072067579521,2954.1583161530693,31321.10362865307,11995.0548143808
2015-07-09,4154,3,9,3953.0,4808.0,4772.0,3728.0,3911.0,3756.0,3728.0,3996.0,4906.0,4683.285714285715,768.1696241251417,4620.928571428572,4514.25,4474.6,4414.05,4446.2444444444445,673.5035826646038,4419.677139084516,4498.36366354401,0.43388373911755823,0.43388373911755823,4003.6191,673.5035826646046,2940.1729282886013,30965.5069126636,11995.0548143808
2015-07-10,5014,4,10,4154.0,4319.0,6209.0,4507.0,4686.0,4215.0,4518.0,4111.0,4501.0,4512.571428571428,431.6772934893358,4678.0,4531.964285714285,4504.7,4422.6,4442.344444444445,676.8632597606262,4568.257854313387,4567.115175071475,-0.433883739117558,-0.433883739117558,4530.318,676.8632597606269,2954.839563923166,34667.06417329817,11995.0548143808
2015-07-11,5533,5,11,5014.0,3953.0,4316.0,5555.0,5386.0,5178.0,5369.0,3728.0,3731.0,4686.428571428572,564.0806257805194,4703.357142857143,4537.821428571428,4564.866666666667,4452.633333333333,4438.188888888889,685.6084503026669,4809.44339073504,4695.899818395279,-0.9749279121818236,-0.9749279121818236,5458.4287,685.6084503026677,2993.016602837655,41202.016602837655,11995.0548143808
2015-07-12,5816,6,12,5533.0,4154.0,5024.0,5651.0,4715.0,5559.0,5688.0,4518.0,3853.0,4799.571428571428,704.9219477225411,4721.714285714285,4542.392857142857,4608.133333333333,4485.35,4457.577777777778,722.5120800008219,5061.0825430512805,4845.2465092759085,-0.7818314824680299,-0.7818314824680299,5880.07,722.5120800008227,3154.1190168215985,44314.6072980716,11995.0548143808
2015-07-13,4330,0,13,5816.0,5014.0,4808.0,4360.0,4083.0,3814.0,4330.0,5369.0,3390.0,4731.285714285715,726.7823411645063,4758.571428571428,4542.392857142857,4573.5,4501.016666666666,4465.622222222222,709.5686766596589,4878.31190728846,4776.546974705787,0.0,0.0,4395.9336,709.5686766596596,3097.61472332839,33869.14987957839,11995.0548143808
2015-07-14,3696,1,14,4330.0,5533.0,4319.0,3996.0,4084.0,3926.0,3656.0,5688.0,4263.0,4642.285714285715,818.0938646809192,4742.142857142857,4543.821428571428,4507.1,4491.566666666667,4466.966666666666,694.7281954241021,4582.733930466345,4632.474044745015,0.7818314824680298,0.7818314824680298,3816.5918,694.7281954241028,3032.828755896814,29748.971334021815,11995.0548143808
2015-07-15,3886,2,15,3696.0,5816.0,3953.0,4111.0,3739.0,4446.0,3785.0,4330.0,5467.0,4632.714285714285,827.8362789597322,4702.142857142857,4547.428571428572,4492.3,4465.216666666666,4469.844444444445,703.3074645239878,4408.550447849758,4532.944172112347,0.9749279121818236,0.9749279121818236,3733.599,703.3074645239886,3070.2814664706625,29205.474825845664,11995.0548143808
2015-07-16,3970,3,16,3886.0,4330.0,4154.0,3728.0,3756.0,4772.0,3911.0,3656.0,5427.0,4606.428571428572,848.2397179144646,4644.857142857143,4549.535714285715,4502.766666666666,4440.933333333333,4468.233333333334,692.688748500247,4298.912835887318,4457.884949164034,0.43388373911755823,0.43388373911755823,3837.562,692.6887485002478,3023.9255714319647,29886.859165181966,11995.0548143808
2015-07-17,4483,4,17,3970.0,3696.0,5014.0,4518.0,4215.0,6209.0,4686.0,3785.0,4076.0,4530.571428571428,829.247019317894,4521.571428571428,4542.285714285715,4526.033333333334,4447.716666666666,4456.555555555556,679.3423535547605,4344.934626915488,4461.233622608829,-0.433883739117558,-0.433883739117558,4460.8413,679.3423535547612,2965.6620222557035,34191.5506941307,11995.0548143808
2015-07-18,5030,5,18,4483.0,3886.0,5533.0,5369.0,5178.0,4316.0,5386.0,3911.0,3491.0,4458.714285714285,745.4669038675684,4572.571428571428,4529.571428571428,4563.333333333333,4473.366666666667,4448.7555555555555,675.1156393069037,4516.200970186615,4537.069139594319,-0.9749279121818236,-0.9749279121818236,5184.784,675.1156393069045,2947.210344897145,39240.69862614715,11995.0548143808
2015-07-19,5536,6,19,5030.0,3970.0,5816.0,5688.0,5559.0,5024.0,4715.0,4686.0,3498.0,4418.714285714285,663.5065220191125,4609.142857142857,4558.892857142857,4591.666666666667,4507.333333333333,4465.377777777778,697.8934477180624,4771.150727639962,4670.259920981743,-0.7818314824680299,-0.7818314824680299,5586.1523,697.8934477180632,3046.646632067697,42149.7130383177,11995.0548143808
2015-07-20,4289,0,20,5536.0,4483.0,4330.0,4330.0,3814.0,4808.0,4083.0,5386.0,3556.0,4412.857142857143,664.6002378802391,4572.071428571428,4566.25,4555.1,4519.55,4474.422222222222,683.427737521518,4650.6130457299705,4619.425264850844,0.0,0.0,4120.5415,683.4277375215188,2983.4967237330175,31827.287739358017,11995.0548143808
2015-07-21,3698,1,21,4289.0,5030.0,3696.0,3656.0,3926.0,4319.0,4084.0,4715.0,4461.0,4413.142857142857,664.2410276828263,4527.714285714285,4552.464285714285,4521.2,4506.833333333333,4478.022222222222,700.2390429284611,4412.459784297477,4496.5685628707315,0.7818314824680298,0.7818314824680298,3805.7776,700.2390429284618,3056.8863037128767,29697.329663087876,11995.0548143808
2015-07-22,4036,2,22,3698.0,5536.0,3886.0,3785.0,4446.0,3953.0,3739.0,4083.0,5296.0,4434.571428571428,646.5858687864124,4533.642857142857,4563.071428571428,4519.633333333333,4485.833333333333,4481.577777777778,701.3050142331035,4318.344838223108,4435.159421154634,0.9749279121818236,0.9749279121818236,3761.7566,701.3050142331042,3061.539790424621,29393.83666542462,11995.0548143808
2015-07-23,3764,3,23,4036.0,4289.0,3970.0,3911.0,4772.0,4154.0,3756.0,4084.0,5251.0,4405.142857142857,675.3044815911837,4505.785714285715,4563.357142857143,4508.966666666666,4461.05,4476.477777777778,710.5322183640382,4179.758628667331,4345.671498334016,0.43388373911755823,0.43388373911755823,3729.7117,710.5322183640388,3101.8210546789746,29209.803476553974,11995.0548143808
2015-07-24,4301,4,24,3764.0,3698.0,4483.0,4686.0,6209.0,5014.0,4215.0,3739.0,4754.0,4379.142857142857,675.3108984192426,4454.857142857143,4566.428571428572,4527.7,4453.5,4458.566666666667,696.8079510809581,4210.068971500498,4339.715298556147,-0.433883739117558,-0.433883739117558,4494.135,696.8079510809589,3041.9079077189185,34500.851267093916,11995.0548143808
2015-07-25,4503,5,25,4301.0,4036.0,5030.0,5386.0,4316.0,5533.0,5178.0,3756.0,3518.0,4303.857142857143,617.564957061581,4381.285714285715,4542.321428571428,4552.6,4469.916666666667,4445.555555555556,681.4585574466206,4283.3017286253735,4361.486592081994,-0.9749279121818236,-0.9749279121818236,4913.018,681.4585574466213,2974.900288470962,37366.02528847096,11995.0548143808
2015-07-26,5153,6,26,4503.0,3764.0,5536.0,4715.0,5024.0,5816.0,5559.0,4215.0,3614.0,4249.142857142857,495.0136121264478,4333.928571428572,4527.821428571428,4583.866666666667,4495.566666666667,4459.2444444444445,686.9313439233614,4500.72629646903,4467.0217131377285,-0.7818314824680299,-0.7818314824680299,5034.0713,686.9313439233622,2998.7916812643844,38237.29168126438,11995.0548143808
2015-07-27,4639,0,27,5153.0,4301.0,4289.0,4083.0,4808.0,4330.0,3814.0,5178.0,3294.0,4299.142857142857,516.9027724731919,4356.0,4557.285714285715,4565.9,4517.983333333334,4472.544444444445,677.8446241453466,4535.294722351772,4489.952151386031,0.0,0.0,4023.6243,677.8446241453474,2959.123700000552,31124.492840625553,11995.0548143808
2015-07-28,3867,1,28,4639.0,4503.0,3698.0,4084.0,4319.0,3696.0,3926.0,5559.0,3709.0,4323.285714285715,487.2414576934458,4368.214285714285,4555.178571428572,4509.5,4520.616666666667,4476.822222222222,662.5840610300116,4368.221041763829,4406.89186453456,0.7818314824680298,0.7818314824680298,3787.4312,662.5840610300124,2892.503869465083,29404.521447590083,11995.0548143808
2015-07-29,3550,2,29,3867.0,5153.0,4036.0,3739.0,3953.0,3886.0,4446.0,3814.0,5205.0,4253.857142857143,563.6371257500758,4344.214285714285,4523.178571428572,4500.7,4493.033333333334,4478.655555555555,673.7979923409882,4163.665781322871,4292.639615929952,0.9749279121818236,0.9749279121818236,3750.4343,673.7979923409889,2941.4581706876197,29194.49918631262,11995.0548143808
2015-07-30,3965,3,30,3550.0,4639.0,3764.0,3756.0,4154.0,3970.0,4772.0,3926.0,5842.0,4282.571428571428,539.1084792330289,4343.857142857143,4494.357142857143,4502.0,4461.75,4467.033333333334,672.6876612924902,4113.999335992153,4248.954333805958,0.43388373911755823,0.43388373911755823,3813.4587,672.687661292491,2936.611031972609,29630.82196947261,11995.0548143808
2015-07-31,4752,4,31,3965.0,3867.0,4301.0,4215.0,5014.0,4483.0,6209.0,4446.0,4575.0,4347.0,567.8606049609905,4363.071428571428,4442.321428571428,4512.2,4464.7,4456.711111111111,674.1276559760116,4273.499501994114,4316.027089298497,-0.433883739117558,-0.433883739117558,4554.3164,674.1276559760124,2942.8973138786664,34823.11215762867,11995.0548143808
2015-08-01,5776,5,1,4752.0,3550.0,4503.0,5178.0,5533.0,5030.0,4316.0,4772.0,4131.0,4528.857142857143,787.5060695155313,4416.357142857143,4494.464285714285,4545.666666666667,4492.116666666667,4449.944444444444,711.3631563623976,4649.124626495585,4510.690144058698,-0.9749279121818236,-0.9749279121818236,5661.3755,711.3631563623983,3105.44850592162,42735.07741217162,11995.0548143808
2015-08-02,6590,6,2,5776.0,3965.0,5153.0,5559.0,5816.0,5536.0,5024.0,6209.0,3905.0,4734.142857142857,1101.8737720464158,4491.642857142857,4550.392857142857,4558.366666666667,4536.866666666667,4470.933333333333,744.7024623775943,5134.343469871689,4787.931458184205,-0.7818314824680299,-0.7818314824680299,6187.5205,744.7024623775951,3250.9909017111095,46563.635432961106,11995.0548143808
2015-08-03,5173,0,3,6590.0,4752.0,4639.0,3814.0,4330.0,4289.0,4808.0,4316.0,3728.0,4810.428571428572,1112.621657339519,4554.785714285715,4563.428571428572,4586.933333333333,4560.95,4483.066666666667,751.4909747012663,5144.007602403767,4839.273930426311,0.0,0.0,5051.9326,751.490974701267,3280.626082088989,38644.15342583899,11995.0548143808
2015-08-04,4271,1,4,5173.0,5776.0,3867.0,3926.0,3696.0,3698.0,4319.0,5024.0,4507.0,4868.142857142857,1064.9859824697821,4595.714285714285,4561.714285714285,4561.833333333333,4557.016666666666,4486.466666666666,748.9603867492114,4925.755701802825,4763.504073036137,0.7818314824680298,0.7818314824680298,4219.4526,748.960386749212,3269.5788265423316,32805.74679529233,11995.0548143808
2015-08-05,4110,2,5,4271.0,6590.0,3550.0,4446.0,3886.0,4036.0,3953.0,4808.0,5555.0,4948.142857142857,965.8891290017672,4601.0,4567.321428571428,4538.566666666667,4532.933333333333,4486.644444444444,751.8855233543687,4721.816776352119,4676.370196631318,0.9749279121818236,0.9749279121818236,4028.6077,751.8855233543694,3282.3484801557593,31482.60238640576,11995.0548143808
2015-08-06,4146,3,6,4110.0,5173.0,3965.0,4772.0,3970.0,3764.0,4154.0,4319.0,5651.0,4974.0,937.1796341505983,4628.285714285715,4567.035714285715,4532.8,4507.85,4481.7555555555555,754.2871674862769,4577.862582264089,4605.654170413809,0.43388373911755823,0.43388373911755823,4181.976,754.2871674862776,3292.832832788425,32566.664864038426,11995.0548143808
2015-08-07,4663,4,7,4146.0,4271.0,4752.0,6209.0,4483.0,4301.0,5014.0,3953.0,4360.0,4961.285714285715,941.2880739153243,4654.142857142857,4554.5,4556.466666666666,4512.9,4469.877777777778,746.5669812356105,4599.146936698066,4613.300281025301,-0.433883739117558,-0.433883739117558,4571.9272,746.5669812356111,3259.1304395127254,35262.62067388772,11995.0548143808
2015-08-08,5893,5,8,4663.0,4110.0,5776.0,4316.0,5030.0,4503.0,5533.0,4154.0,3996.0,4978.0,959.0373645831788,4753.428571428572,4567.357142857143,4614.433333333333,4544.516666666666,4480.844444444445,780.9596962240913,4922.61020252355,4783.926910221928,-0.9749279121818236,-0.9749279121818236,5811.3945,780.959696224092,3409.271481286268,44089.03320003627,11995.0548143808
2015-08-09,6067,6,9,5893.0,4146.0,6590.0,5024.0,5536.0,5153.0,5816.0,5014.0,4111.0,4903.285714285715,823.2878626348676,4818.714285714285,4576.321428571428,4649.533333333334,4577.116666666667,4498.2444444444445,822.116265514177,5208.7076518926615,4955.003322192338,-0.7818314824680299,-0.7818314824680299,5762.712,822.1162655141776,3588.9400590972396,43927.92443409724,11995.0548143808
2015-08-10,4569,0,10,6067.0,4663.0,5173.0,4808.0,4289.0,4639.0,4330.0,5533.0,3728.0,4817.0,821.959244731748,4813.714285714285,4584.857142857143,4617.4,4591.133333333333,4507.555555555556,805.0567596181556,5048.780738919496,4903.5362125666925,0.0,0.0,4955.05,805.0567596181562,3514.4669624478934,38199.81461869789,11995.0548143808
2015-08-11,4027,1,11,4569.0,5893.0,4271.0,4319.0,3698.0,3867.0,3696.0,5816.0,4518.0,4782.142857142857,853.5397722760954,4825.142857142857,4596.678571428572,4557.766666666666,4582.95,4509.488888888889,779.0494067521697,4793.335554189622,4786.6647175578,0.7818314824680298,0.7818314824680298,4010.9282,779.0494067521704,3400.932132342766,31477.430179217765,11995.0548143808
2015-08-12,3984,2,12,4027.0,6067.0,4110.0,3953.0,4036.0,3550.0,3886.0,4330.0,5369.0,4764.142857142857,871.2222121004086,4856.142857142857,4600.178571428572,4546.233333333334,4559.866666666667,4516.0888888888885,785.0754711505683,4591.001665642217,4679.642755216761,0.9749279121818236,0.9749279121818236,3835.4888,785.075471150569,3427.238854184094,30275.660729184096,11995.0548143808
2015-08-13,3584,3,13,3984.0,4569.0,4146.0,4154.0,3764.0,3965.0,3970.0,3696.0,5688.0,4683.857142857143,959.1389243433216,4828.928571428572,4586.392857142857,4542.5,4524.8,4508.544444444445,789.5118417578359,4339.251249231663,4533.557054521192,0.43388373911755823,0.43388373911755823,3819.7466,789.5118417578366,3446.6057842124956,30184.832346712494,11995.0548143808
2015-08-14,4320,4,14,3584.0,4027.0,4663.0,5014.0,4301.0,4752.0,4483.0,3886.0,4330.0,4634.857142857143,969.0919166194359,4798.071428571428,4580.571428571428,4556.966666666666,4524.633333333333,4495.8,780.9979241145603,4334.438436923747,4505.082780585033,-0.433883739117558,-0.433883739117558,4402.1826,780.997924114561,3409.4383647469585,34224.71570849696,11995.0548143808
2015-08-15,5273,5,15,4320.0,3984.0,5893.0,5533.0,4503.0,5776.0,5030.0,3970.0,3656.0,4546.285714285715,856.7597318357281,4762.142857142857,4589.25,4600.4,4551.583333333333,4494.0888888888885,783.4573068930598,4569.07882769281,4607.471743173696,-0.9749279121818236,-0.9749279121818236,5364.086,783.4573068930604,3420.174774844489,40968.77633734449,11995.0548143808
2015-08-16,5956,6,16,5273.0,3584.0,6067.0,5816.0,5153.0,6590.0,5536.0,4483.0,3785.0,4530.428571428572,824.3366741695672,4716.857142857143,4604.25,4649.5,4587.766666666666,4514.977777777778,821.0989167173897,4915.809120769607,4787.275510750537,-0.7818314824680299,-0.7818314824680299,5776.066,821.0989167173904,3584.498833440938,44016.959770940935,11995.0548143808
2015-08-17,4614,0,17,5956.0,4320.0,4569.0,4330.0,4639.0,5173.0,4289.0,5030.0,3911.0,4536.857142857143,824.8629034717226,4676.928571428572,4615.857142857143,4635.633333333333,4599.483333333334,4527.455555555555,817.9581594279141,4840.356840577205,4764.172109317132,0.0,0.0,4535.232,817.9581594279148,3570.787889958935,35317.410936833934,11995.0548143808
2015-08-18,3689,1,18,4614.0,5273.0,4027.0,3696.0,3867.0,4271.0,3698.0,5536.0,4686.0,4488.571428571428,868.4257514112979,4635.357142857143,4615.535714285715,4574.066666666667,4582.866666666667,4529.577777777778,817.3622812746885,4552.517630432903,4620.815828074848,0.7818314824680298,0.7818314824680298,3812.8584,817.3622812746892,3568.186590040468,30258.194402540466,11995.0548143808
2015-08-19,3768,2,19,3689.0,5956.0,3984.0,3886.0,3550.0,4110.0,4036.0,4289.0,5386.0,4457.714285714285,892.8368111970763,4610.928571428572,4605.964285714285,4556.7,4555.9,4531.933333333333,829.0789301470527,4356.3882228246775,4507.107050998201,0.9749279121818236,0.9749279121818236,3720.5327,829.0789301470534,3619.3354995807813,29663.064015205782,11995.0548143808
2015-08-20,3739,3,20,3768.0,4614.0,3584.0,3970.0,3965.0,4146.0,3764.0,3698.0,4715.0,4479.857142857143,869.165007075067,4581.857142857143,4605.071428571428,4558.066666666667,4539.633333333333,4523.9111111111115,827.6471817575729,4202.0411671185075,4404.6927775317745,0.43388373911755823,0.43388373911755823,3741.7437,827.6471817575734,3613.085216786122,29805.290294911123,11995.0548143808
2015-08-21,4076,4,21,3739.0,3689.0,4320.0,4483.0,4752.0,4663.0,4301.0,4036.0,4083.0,4445.0,881.4503200218711,4539.928571428572,4597.035714285715,4559.4,4539.516666666666,4510.355555555556,826.8089301020764,4170.530875338881,4360.867073860872,-0.433883739117558,-0.433883739117558,4330.834,826.8089301020769,3609.4258378488444,33925.263728473845,11995.0548143808
2015-08-22,5014,5,22,4076.0,3768.0,5273.0,5030.0,5776.0,5893.0,4503.0,3764.0,4084.0,4408.0,845.6084594341874,4477.142857142857,4615.285714285715,4601.066666666667,4555.016666666666,4507.722222222223,816.7786571113572,4381.39815650416,4447.951464012755,-0.9749279121818236,-0.9749279121818236,5188.887,816.7786571113579,3565.638784788219,39887.84972228822,11995.0548143808
2015-08-23,6076,6,23,5014.0,3739.0,5956.0,5536.0,6590.0,6067.0,5153.0,4301.0,3739.0,4425.142857142857,882.6272200220217,4477.785714285715,4648.25,4660.233333333334,4593.966666666666,4522.4111111111115,857.5639388380267,4805.04861737812,4665.024602144389,-0.7818314824680299,-0.7818314824680299,5798.268,857.5639388380273,3743.686510579001,44331.561510579,11995.0548143808
2015-08-24,3765,0,24,6076.0,4076.0,4614.0,4289.0,5173.0,4569.0,4639.0,4503.0,3756.0,4303.857142857143,910.2504103398167,4420.357142857143,4617.035714285715,4635.633333333333,4594.116666666667,4525.155555555555,872.6816966558594,4545.03646303359,4545.02132185847,0.0,0.0,4137.0806,872.68169665586,3809.6829260643663,32769.247379189364,11995.0548143808
2015-08-25,3293,1,25,3765.0,5014.0,3689.0,3698.0,4271.0,4027.0,3867.0,5153.0,4215.0,4247.285714285715,965.4632246208212,4367.928571428572,4596.535714285715,4573.633333333333,4578.75,4521.5888888888885,900.2931125504268,4232.027347275192,4378.085145610674,0.7818314824680298,0.7818314824680298,3456.958,900.2931125504275,3930.2202767399795,28128.92730798998,11995.0548143808
2015-08-26,3458,2,26,3293.0,6076.0,3768.0,4036.0,4110.0,3984.0,3550.0,4639.0,5178.0,4203.0,997.6843188103124,4330.357142857143,4593.25,4534.266666666666,4550.083333333333,4523.4111111111115,922.8736205679618,4038.5205104563943,4255.407126195917,0.9749279121818236,0.9749279121818236,3282.6216,922.8736205679623,4028.7952510816094,27007.14681358161,11995.0548143808
2015-08-27,3477,3,27,3458.0,3765.0,3739.0,3764.0,4146.0,3584.0,3965.0,3867.0,5559.0,4165.571428571428,1022.5961824596013,4322.714285714285,4575.821428571428,4521.266666666666,4515.383333333333,4520.833333333333,935.2608683966263,3898.140382842296,4151.619509369794,0.43388373911755823,0.43388373911755823,3384.9707,935.2608683966268,4082.871653433842,27777.666575308842,11995.0548143808
2015-08-28,3883,4,28,3477.0,3293.0,4076.0,4301.0,4663.0,4320.0,4752.0,3550.0,3814.0,4138.0,1028.0012970160421,4291.5,4544.785714285715,4532.366666666667,4516.533333333334,4506.144444444444,925.2586398271033,3894.355287131722,4115.803574787155,-0.433883739117558,-0.433883739117558,4086.131,925.2586398271038,4039.2070280040593,32642.12499675406,11995.0548143808
2015-08-29,5234,5,29,3883.0,3458.0,5014.0,4503.0,5893.0,5273.0,5776.0,3965.0,3926.0,4169.428571428572,1062.0456451494683,4288.714285714285,4525.428571428572,4574.666666666667,4538.333333333333,4499.388888888889,927.4307979884319,4229.266465348791,4264.8964314822015,-0.9749279121818236,-0.9749279121818236,5336.659,927.4307979884325,4048.689562004298,41405.3028432543,11995.0548143808
2015-08-30,5718,6,30,5234.0,3477.0,6076.0,5153.0,6067.0,5956.0,6590.0,4752.0,4446.0,4118.285714285715,958.50538414167,4271.714285714285,4494.285714285715,4606.866666666667,4559.533333333334,4512.0888888888885,950.2879321673915,4601.449849011593,4458.643573951242,-0.7818314824680299,-0.7818314824680299,5542.209,950.287932167392,4148.472144994214,42943.933082494215,11995.0548143808
2015-08-31,4038,0,31,5718.0,3883.0,3765.0,4639.0,4569.0,4614.0,5173.0,5776.0,4772.0,4157.285714285715,947.2225564399157,4230.571428571428,4453.75,4548.933333333333,4547.3,4511.055555555556,929.3011068143765,4460.587386758695,4402.557764091075,0.0,0.0,4194.6465,929.301106814377,4056.854375851057,33419.37976647606,11995.0548143808
2015-09-01,3886,1,1,4038.0,5234.0,3293.0,3867.0,4027.0,3689.0,4271.0,6590.0,6209.0,4242.0,881.263676016811,4244.642857142857,4440.0,4458.8,4508.583333333333,4510.844444444445,852.4654467666259,4316.940540069021,4333.683395545599,0.7818314824680298,0.7818314824680298,3847.526,852.4654467666265,3721.429096143106,30654.110736768107,11995.0548143808
2015-09-02,3705,2,2,3886.0,5718.0,3458.0,3550.0,3984.0,3768.0,4110.0,5173.0,4316.0,4277.285714285715,848.9946435413477,4240.142857142857,4425.535714285715,4409.866666666667,4498.4,4510.5888888888885,852.1882879744994,4163.955405051766,4249.858942806185,0.9749279121818236,0.9749279121818236,3888.6406,852.1882879745,3720.2191623009962,30940.703537300997,11995.0548143808
2015-09-03,4230,3,3,3705.0,4038.0,3477.0,3965.0,3584.0,3739.0,4146.0,4271.0,5024.0,4384.857142857143,775.1912513634741,4275.214285714285,4428.535714285715,4408.5,4485.166666666667,4507.511111111111,852.4515053453223,4180.466553788824,4247.211083765361,0.43388373911755823,0.43388373911755823,4179.818,852.4515053453229,3721.368235012513,32980.09284438752,11995.0548143808
2015-09-04,4616,4,4,4230.0,3886.0,3883.0,4752.0,4320.0,4076.0,4663.0,4110.0,4808.0,4489.571428571428,745.0212205350995,4313.785714285715,4426.857142857143,4425.366666666667,4481.966666666666,4497.077777777778,851.3468632755889,4289.349915341618,4296.382939263313,-0.433883739117558,-0.433883739117558,4467.66,851.3468632755895,3716.545931475494,34990.16702522549,11995.0548143808
2015-09-05,5587,5,5,4616.0,3705.0,5234.0,5776.0,5273.0,5014.0,5893.0,4146.0,4319.0,4540.0,812.682184702804,4354.714285714285,4415.928571428572,4473.4,4503.1,4496.366666666667,875.35378463559,4613.762436506214,4468.465214028205,-0.9749279121818236,-0.9749279121818236,5454.5454,875.3537846355906,3821.3478985191923,42003.16430476919,11995.0548143808
2015-09-06,5336,6,6,5587.0,4230.0,5718.0,6590.0,5956.0,6076.0,6067.0,4663.0,3953.0,4485.428571428572,728.9032531008095,4301.857142857143,4389.821428571428,4495.833333333333,4526.15,4507.211111111111,888.8992838233125,4794.32182737966,4584.1365188244445,-0.7818314824680299,-0.7818314824680299,5583.193,888.8992838233131,3880.480635206845,42962.83219770685,11995.0548143808
2015-09-07,5487,0,7,5336.0,4616.0,4038.0,5173.0,4614.0,3765.0,4569.0,5893.0,4154.0,4692.428571428572,784.3053948437035,4424.857142857143,4422.607142857143,4482.3,4548.366666666667,4523.777777777777,869.7791693575241,4967.491370534745,4704.518316314518,0.0,0.0,4733.708,869.7791693575247,3797.0119731461637,36932.96900439616,11995.0548143808
2015-09-08,3988,1,8,5487.0,5587.0,3886.0,4271.0,3689.0,3293.0,4027.0,6067.0,5014.0,4707.0,767.5953795240379,4474.5,4421.214285714285,4413.0,4531.266666666666,4522.4111111111115,820.5957045615194,4722.618527901059,4608.982540805916,0.7818314824680298,0.7818314824680298,4101.406,820.5957045615199,3582.302065976061,32292.141909726062,11995.0548143808
2015-09-09,3696,2,9,3988.0,5336.0,3705.0,4110.0,3768.0,3458.0,3984.0,4569.0,5533.0,4705.714285714285,769.5584695753944,4491.5,4410.928571428572,4383.9,4500.65,4522.055555555556,830.2947274809995,4465.9638959257945,4487.251535365128,0.9749279121818236,0.9749279121818236,3870.051,830.2947274810001,3624.6430502747403,30715.00047214974,11995.0548143808
2015-09-10,3749,3,10,3696.0,5487.0,4230.0,4146.0,3739.0,3477.0,3584.0,4027.0,5816.0,4637.0,837.5826327393934,4510.928571428572,4416.821428571428,4374.633333333333,4466.2,4513.511111111111,835.9474279515664,4286.722921944346,4388.817997316444,0.43388373911755823,0.43388373911755823,3839.0723,835.9474279515671,3649.3198557484857,30522.825715123487,11995.0548143808
2015-09-11,4263,4,11,3749.0,3988.0,4616.0,4663.0,4076.0,3883.0,4320.0,3984.0,4330.0,4586.571428571428,849.5981122748218,4538.071428571428,4414.785714285715,4383.933333333333,4465.083333333333,4501.222222222223,832.998486289686,4280.792191458259,4372.042264340918,-0.433883739117558,-0.433883739117558,4358.8257,832.9984862896866,3636.4462814060003,34148.225578281,11995.0548143808
2015-09-12,5299,5,12,4263.0,3696.0,5587.0,5893.0,5014.0,5234.0,5273.0,3584.0,3696.0,4545.428571428572,798.5142155158802,4542.714285714285,4415.714285714285,4441.1,4491.8,4496.9,835.0535952240074,4535.344143593694,4495.636629095463,-0.9749279121818236,-0.9749279121818236,5319.461,835.0535952240081,3645.4178382156465,40881.644400715646,11995.0548143808
2015-09-13,5865,6,13,5299.0,3749.0,5336.0,6067.0,6076.0,5718.0,5956.0,4320.0,3886.0,4621.0,903.884026484217,4553.214285714285,4412.464285714285,4492.6,4524.783333333334,4513.955555555555,874.0586897362425,4867.75810769527,4678.2184118827345,-0.7818314824680299,-0.7818314824680299,5821.6772,874.058689736243,3815.6941751231543,44567.43636262316,11995.0548143808
2015-09-14,3982,0,14,5865.0,4263.0,5487.0,4569.0,3765.0,4038.0,4614.0,5273.0,3970.0,4406.0,840.3201770753768,4549.214285714285,4389.892857142857,4449.566666666667,4524.983333333334,4517.577777777778,866.0554925014579,4646.318580771453,4585.38929029837,0.0,0.0,4172.888,866.0554925014585,3780.7563003216987,32990.9730971967,11995.0548143808
2015-09-15,3802,1,15,3982.0,5299.0,3988.0,4027.0,3293.0,3886.0,3689.0,5956.0,4483.0,4379.428571428572,858.4848779764726,4543.214285714285,4393.928571428572,4377.766666666666,4513.633333333333,4517.766666666666,825.1824326331878,4435.23893557859,4480.937384925253,0.7818314824680298,0.7818314824680298,3693.8748,825.1824326331883,3602.3253799610984,29459.448426836097,11995.0548143808
2015-09-16,3299,2,16,3802.0,5865.0,3696.0,3984.0,3458.0,3705.0,3768.0,4614.0,5030.0,4322.714285714285,921.9285428357412,4514.214285714285,4377.178571428572,4333.933333333333,4484.783333333334,4510.966666666666,846.842937574335,4151.179201683942,4323.345733601886,0.9749279121818236,0.9749279121818236,3310.7158,846.8429375743356,3696.884090382595,26871.895809132595,11995.0548143808
2015-09-17,3699,3,17,3299.0,3982.0,3749.0,3584.0,3477.0,4230.0,3739.0,3689.0,5536.0,4315.571428571428,927.2924488608115,4476.285714285715,4375.75,4334.266666666666,4454.166666666667,4500.0,846.5822539149204,4038.134401262956,4240.099635788301,0.43388373911755823,0.43388373911755823,3441.1963,846.582253914921,3695.74607856204,27784.12107856204,11995.0548143808
2015-09-18,4549,4,18,3699.0,3802.0,4263.0,4320.0,3883.0,4616.0,4076.0,3768.0,4289.0,4356.428571428572,930.8837838568319,4471.5,4392.642857142857,4360.3,4458.5,4490.7,840.5553234166842,4165.850800947217,4281.286351016528,-0.433883739117558,-0.433883739117558,4232.4595,840.5553234166848,3669.4355757708245,33296.652372645825,11995.0548143808
2015-09-19,5494,5,19,4549.0,3299.0,5299.0,5273.0,5234.0,5587.0,5014.0,3739.0,3698.0,4384.285714285715,966.0454982876831,4464.857142857143,4409.785714285715,4418.8,4488.433333333333,4499.355555555556,856.7391829408737,4497.888100710413,4442.981504214325,-0.9749279121818236,-0.9749279121818236,5599.975,856.7391829408742,3740.0860472352697,42939.91026598527,11995.0548143808
2015-09-20,5989,6,20,5494.0,3699.0,5865.0,5956.0,5718.0,5336.0,6076.0,4076.0,4036.0,4402.0,998.3202558965365,4511.5,4406.678571428572,4482.566666666667,4520.983333333334,4520.533333333334,900.423068506599,4870.666075532809,4649.117303652415,-0.7818314824680299,-0.7818314824680299,6021.7324,900.4230685065995,3930.787598123327,46082.91259812333,11995.0548143808
2015-09-21,4293,0,21,5989.0,4549.0,3982.0,4614.0,4038.0,5487.0,3765.0,5014.0,3764.0,4446.428571428572,983.3212186501472,4426.214285714285,4425.535714285715,4458.533333333334,4529.8,4522.855555555556,895.3572869331865,4726.249556649606,4601.63499649876,0.0,0.0,4115.9785,895.3572869331872,3908.6729810282795,32720.522590403278,11995.0548143808
2015-09-22,3798,1,22,4293.0,5494.0,3802.0,3689.0,3886.0,3988.0,3293.0,6076.0,4301.0,4445.857142857143,983.759189465153,4412.642857142857,4443.571428571428,4382.6,4521.416666666667,4523.511111111111,848.8411004381752,4494.1871674872045,4494.48366363226,0.7818314824680298,0.7818314824680298,3681.3425,848.8411004381758,3705.607049710192,29475.00548721019,11995.0548143808
2015-09-23,3552,2,23,3798.0,5989.0,3299.0,3768.0,3705.0,3696.0,3458.0,3765.0,4503.0,4482.0,938.1940097868835,4402.357142857143,4446.928571428572,4375.5,4505.566666666667,4521.2444444444445,855.0531239797765,4258.640375615403,4368.819175147958,0.9749279121818236,0.9749279121818236,3528.6057,855.0531239797771,3732.7255742689595,28432.96580864396,11995.0548143808
2015-09-24,3364,3,24,3552.0,4293.0,3699.0,3739.0,4230.0,3749.0,3477.0,3293.0,5153.0,4434.142857142857,991.8039840901704,4374.857142857143,4442.892857142857,4377.866666666667,4475.75,4511.788888888889,852.0465720367222,4034.9802817115524,4234.8432851282305,0.43388373911755823,0.43388373911755823,3495.972,852.0465720367228,3719.6005028395116,28191.403237214512,11995.0548143808
2015-09-25,4399,4,25,3364.0,3798.0,4549.0,4076.0,4616.0,4263.0,3883.0,3458.0,4639.0,4412.714285714285,990.5284303989281,4384.571428571428,4461.321428571428,4409.233333333334,4471.75,4503.133333333333,834.1481999862007,4125.985211283664,4256.730847111133,-0.433883739117558,-0.433883739117558,4280.72,834.1481999862013,3641.46534466384,33606.50636028884,11995.0548143808
2015-09-26,5286,5,26,4399.0,3552.0,5494.0,5014.0,5587.0,5299.0,5234.0,3477.0,3867.0,4383.0,955.1743296383092,4383.642857142857,4463.178571428572,4469.533333333334,4495.4,4500.1,829.8082758762004,4415.9889084627475,4393.966734162983,-0.9749279121818236,-0.9749279121818236,5341.1733,829.808275876201,3622.519450822316,41010.734294572314,11995.0548143808
2015-09-27,5645,6,27,5286.0,3364.0,5989.0,6076.0,5336.0,5865.0,5718.0,3883.0,3550.0,4333.857142857143,863.1966613642983,4367.928571428572,4460.571428571428,4528.266666666666,4530.316666666667,4520.444444444444,848.9970526464078,4723.24168134706,4560.771169607918,-0.7818314824680299,-0.7818314824680299,5713.4004,848.9970526464084,3706.2878574631936,43700.09254496319,11995.0548143808
2015-09-28,3933,0,28,5645.0,4399.0,4293.0,3765.0,5487.0,3982.0,4038.0,5234.0,3965.0,4282.428571428572,876.6559296825722,4364.428571428572,4456.821428571428,4484.9,4529.783333333334,4520.522222222222,844.9229040528444,4525.681261010294,4477.068346993528,0.0,0.0,4013.4104,844.922904052845,3688.5022038914212,31782.37525076642,11995.0548143808
2015-09-29,3220,1,29,3933.0,5286.0,3798.0,3293.0,3988.0,3802.0,3886.0,5718.0,4752.0,4199.857142857143,953.7217324026651,4322.857142857143,4433.035714285715,4401.633333333333,4504.25,4506.9,842.2953648270803,4199.260945757721,4309.459234061058,0.7818314824680298,0.7818314824680298,3402.4668,842.2953648270809,3677.031708561547,27494.299286686546,11995.0548143808
2015-09-30,3289,2,30,3220.0,5645.0,3552.0,3458.0,3696.0,3299.0,3705.0,4038.0,5776.0,4162.285714285715,988.0596666001013,4322.142857142857,4418.178571428572,4376.666666666667,4462.8,4490.422222222222,864.2598321519133,3971.6957093182905,4173.398002852917,0.9749279121818236,0.9749279121818236,3359.906,864.2598321519139,3772.917363627042,27292.259160502043,11995.0548143808
2015-10-01,3861,3,1,3289.0,3933.0,3364.0,3477.0,3749.0,3699.0,4230.0,3886.0,6590.0,4233.285714285715,937.7097479649917,4333.714285714285,4405.0,4375.833333333333,4417.316666666667,4464.333333333333,864.7611622963192,3944.021781988718,4131.744935805861,0.43388373911755823,0.43388373911755823,4054.7258,864.7611622963198,3775.105915190325,32158.185993315325,11995.0548143808
2015-10-02,5022,4,2,3861.0,3220.0,4399.0,3883.0,4263.0,4549.0,4616.0,3705.0,5173.0,4322.285714285715,984.4591940562593,4367.5,4419.5,4419.733333333334,4414.8,4472.177777777778,862.9588607820698,4213.516336491538,4250.445611031746,-0.433883739117558,-0.433883739117558,4666.358,862.9588607820705,3767.2379865597977,36431.7438459348,11995.0548143808
2015-10-03,6271,5,3,5022.0,3289.0,5286.0,5234.0,5299.0,5494.0,5587.0,4230.0,4271.0,4463.0,1193.3913859249997,4423.0,4443.928571428572,4487.766666666666,4448.133333333333,4486.033333333334,925.6605352054125,4727.887252368653,4519.85286289418,-0.9749279121818236,-0.9749279121818236,6221.174,925.6605352054131,4040.9614981237796,47589.18024812378,11995.0548143808
2015-10-04,6474,6,4,6271.0,3861.0,5645.0,5718.0,5865.0,5989.0,5336.0,4616.0,4110.0,4581.428571428572,1359.7743510282412,4457.642857142857,4484.571428571428,4549.7,4487.533333333334,4504.544444444445,994.1584953080131,5164.415439276489,4780.405814508289,-0.7818314824680299,-0.7818314824680299,6348.462,994.1584953080137,4339.988634905843,48779.22300990584,11995.0548143808
2015-10-05,4720,0,5,6474.0,5022.0,3933.0,4038.0,3982.0,4293.0,5487.0,5587.0,4146.0,4693.857142857143,1329.422108608522,4488.142857142857,4457.178571428572,4520.8,4497.1,4509.0,975.3891672487429,5053.311579457367,4772.351705907184,0.0,0.0,4694.7334,975.3891672487434,4258.051327276828,37121.18413977683,11995.0548143808
2015-10-06,4032,1,6,4720.0,6271.0,3220.0,3886.0,3802.0,3798.0,3988.0,5336.0,4663.0,4809.857142857143,1209.3928819275918,4504.857142857143,4458.75,4477.333333333333,4486.583333333333,4509.877777777778,966.8261382529873,4797.983684593025,4673.638145119559,0.7818314824680298,0.7818314824680298,3961.9482,966.8261382529878,4220.66951270969,31954.30623145969,11995.0548143808
2015-10-07,3880,2,7,4032.0,6474.0,3289.0,3705.0,3299.0,3552.0,3696.0,5487.0,5893.0,4894.285714285715,1101.326278370108,4528.285714285715,4465.321428571428,4423.766666666666,4453.033333333334,4506.833333333333,953.3810861362249,4568.4877634447685,4567.819725770285,0.9749279121818236,0.9749279121818236,3763.9143,953.3810861362255,4161.9752766720185,30509.37566729702,11995.0548143808
2015-10-08,3896,3,8,3880.0,4720.0,3861.0,4230.0,3699.0,3364.0,3749.0,3988.0,6067.0,4899.285714285715,1095.9195095574091,4566.285714285715,4470.571428571428,4420.7,4416.85,4494.4111111111115,954.977744821018,4400.365822583576,4478.243762334247,0.43388373911755823,0.43388373911755823,3865.9287,954.9777448210185,4168.945473656231,31230.445473656233,11995.0548143808
2015-10-09,4632,4,9,3896.0,4032.0,5022.0,4616.0,4549.0,4399.0,4263.0,3696.0,4569.0,4843.571428571428,1098.5514488244362,4582.928571428572,4483.75,4451.9,4417.9,4484.4,945.7299078598915,4458.274366937682,4498.7445940230145,-0.433883739117558,-0.433883739117558,4640.9824,945.729907859892,4128.574136994951,36615.451090119954,11995.0548143808
2015-10-10,5770,5,10,4632.0,3880.0,6271.0,5587.0,5494.0,5286.0,5299.0,3749.0,4027.0,4772.0,1002.1437022702801,4617.5,4500.571428571428,4519.266666666666,4446.95,4483.888888888889,965.7035646163023,4786.2057752032615,4668.2453148199465,-0.9749279121818236,-0.9749279121818236,5977.7256,965.7035646163027,4215.768929102497,46059.847054102494,11995.0548143808
2015-10-11,5922,6,11,5770.0,3896.0,6474.0,5336.0,5989.0,5645.0,5865.0,4263.0,3984.0,4693.142857142857,857.1190949087114,4637.285714285715,4502.607142857143,4574.566666666667,4479.25,4501.577777777778,997.4996908938481,5070.154331402447,4835.412606177288,-0.7818314824680299,-0.7818314824680299,5791.515,997.4996908938485,4354.574589698724,44895.18005844872,11995.0548143808
2015-10-12,4761,0,12,5922.0,4632.0,4720.0,5487.0,4293.0,3933.0,3982.0,5299.0,3584.0,4699.0,857.473226015436,4696.428571428572,4530.428571428572,4556.633333333333,4498.866666666667,4513.4111111111115,988.8249551634567,4992.865748551835,4825.49092535365,0.0,0.0,4631.088,988.8249551634572,4316.705120536218,36734.320354911215,11995.0548143808
2015-10-13,3893,1,13,4761.0,5770.0,4032.0,3988.0,3798.0,3220.0,3802.0,5865.0,4320.0,4679.142857142857,876.8835780899285,4744.5,4533.678571428572,4490.9,4491.75,4513.488888888889,964.0866447683417,4717.899311413877,4701.1588019731635,0.7818314824680298,0.7818314824680298,3892.549,964.0866447683422,4208.71028221991,31456.55403221991,11995.0548143808
2015-10-14,3596,2,14,3893.0,5922.0,3880.0,3696.0,3552.0,3289.0,3299.0,3982.0,5273.0,4638.571428571428,925.2563351386863,4766.428571428572,4544.285714285715,4478.033333333334,4463.8,4509.333333333333,973.641032886109,4437.424483560407,4553.804295043408,0.9749279121818236,0.9749279121818236,3646.3853,973.6410328861095,4250.419864786765,29775.117130411767,11995.0548143808
2015-10-15,3504,3,15,3596.0,4761.0,3896.0,3749.0,3364.0,3861.0,3699.0,3802.0,5956.0,4582.571428571428,987.4617051043589,4740.928571428572,4537.321428571428,4468.1,4422.933333333333,4498.455555555555,982.2579319239805,4204.068362670305,4413.83038903762,0.43388373911755823,0.43388373911755823,3694.2202,982.2579319239811,4288.036848465919,30147.57786409092,11995.0548143808
2015-10-16,4007,4,16,3504.0,3893.0,4632.0,4263.0,4399.0,5022.0,4549.0,3299.0,4614.0,4493.285714285715,1010.240848228066,4668.428571428572,4517.964285714285,4491.7,4412.816666666667,4487.0888888888885,961.4858885043984,4154.801272002728,4359.586337165938,-0.433883739117558,-0.433883739117558,4424.1025,961.485888504399,4197.356707633017,35166.075457633015,11995.0548143808
2015-10-17,5456,5,17,4007.0,3596.0,5770.0,5299.0,5286.0,6271.0,5494.0,3699.0,3689.0,4448.428571428572,949.2324719025776,4610.214285714285,4516.607142857143,4550.266666666666,4442.266666666666,4486.2,965.0406078049945,4480.100954002046,4505.774825543813,-0.9749279121818236,-0.9749279121818236,5458.017,965.0406078049949,4212.874797995547,42418.995891745544,11995.0548143808
2015-10-18,6071,6,18,5456.0,3504.0,5922.0,5865.0,5645.0,6474.0,5989.0,4549.0,3768.0,4469.714285714285,988.636049360547,4581.428571428572,4519.535714285715,4601.0,4480.65,4506.0,1004.1845207550888,4877.825715501534,4714.471515471305,-0.7818314824680299,-0.7818314824680299,6005.324,1004.1845207550894,4383.7571453586,46421.0266766086,11995.0548143808
2015-10-19,3977,0,19,6071.0,4007.0,4761.0,3982.0,3933.0,4720.0,4293.0,5494.0,3739.0,4357.714285714285,994.5283160516676,4528.357142857143,4508.25,4550.433333333333,4484.616666666667,4509.1,995.826244480126,4652.619286626151,4616.14198007513,0.0,0.0,4053.1436,995.8262444801264,4347.269176677606,32719.273082927604,11995.0548143808
2015-10-20,3621,1,20,3977.0,5456.0,3893.0,3802.0,3220.0,4032.0,3798.0,5989.0,4076.0,4318.857142857143,1020.68105180992,4499.0,4501.928571428572,4471.5,4477.033333333334,4504.488888888889,971.4171216001497,4394.714464969613,4483.45638273178,0.7818314824680298,0.7818314824680298,3596.9407,971.4171216001502,4240.7114030559105,29419.29538743091,11995.0548143808
2015-10-21,3610,2,21,3621.0,6071.0,3596.0,3299.0,3289.0,3880.0,3552.0,4293.0,5014.0,4320.857142857143,1019.040959034754,4479.714285714285,4504.0,4448.733333333334,4453.633333333333,4502.777777777777,983.6710949237529,4198.53584872721,4366.995531700875,0.9749279121818236,0.9749279121818236,3456.1477,983.6710949237533,4294.205996933922,28487.23920005892,11995.0548143808
2015-10-22,3151,3,22,3610.0,3977.0,3504.0,3699.0,3861.0,3896.0,3364.0,3798.0,6076.0,4270.428571428572,1073.4815410837837,4426.5,4496.392857142857,4427.166666666667,4404.883333333333,4490.0,1005.2853457783866,3936.6518865454073,4204.8627941407585,0.43388373911755823,0.43388373911755823,3326.2654,1005.2853457783872,4388.56278561886,27672.42020749386,11995.0548143808
2015-10-23,3965,4,23,3151.0,3621.0,4007.0,4549.0,5022.0,4632.0,4399.0,3552.0,3765.0,4264.428571428572,1075.3151254621202,4378.857142857143,4480.892857142857,4440.933333333333,4408.216666666666,4484.022222222222,995.6691713870445,3943.7389149090554,4172.881088255324,-0.433883739117558,-0.433883739117558,4175.424,995.6691713870449,4346.5834757133825,33574.550272588385,11995.0548143808
2015-10-24,5063,5,24,3965.0,3610.0,5456.0,5494.0,6271.0,5770.0,5286.0,3364.0,3293.0,4208.285714285715,1011.0741341572843,4328.357142857143,4472.928571428572,4497.566666666667,4437.716666666666,4483.022222222222,980.5051014772832,4223.554186181792,4291.563609821281,-0.9749279121818236,-0.9749279121818236,5336.257,980.5051014772837,4280.38488526942,41634.18176026942,11995.0548143808
2015-10-25,5853,6,25,5063.0,3151.0,6071.0,5989.0,6474.0,5922.0,5645.0,4399.0,3458.0,4177.142857142857,945.3585613532082,4323.428571428572,4480.357142857143,4546.033333333334,4477.633333333333,4496.511111111111,1010.9287461958169,4630.915639636344,4499.755128511777,-0.7818314824680299,-0.7818314824680299,5529.029,1010.9287461958174,4413.19899180677,43116.40211680677,11995.0548143808
2015-10-26,3864,0,26,5853.0,3965.0,3977.0,4293.0,4720.0,4761.0,3933.0,5286.0,3477.0,4161.0,950.2976726619218,4259.357142857143,4477.892857142857,4498.633333333333,4484.083333333333,4496.477777777778,1008.3709458169672,4439.186729727257,4414.98777804354,0.0,0.0,3819.7485,1008.3709458169677,4402.032940692227,31140.27317506723,11995.0548143808
2015-10-27,3569,1,27,3864.0,5063.0,3621.0,3798.0,4032.0,3893.0,3220.0,5645.0,3883.0,4153.571428571428,955.4119281131834,4236.214285714285,4490.357142857143,4429.433333333333,4478.85,4496.688888888889,998.1698661095637,4221.640047295443,4302.189407637735,0.7818314824680298,0.7818314824680298,3458.7134,998.1698661095642,4357.500232675501,28568.494373300502,11995.0548143808
2015-10-28,3302,2,28,3569.0,5853.0,3610.0,3552.0,3880.0,3596.0,3289.0,3933.0,5234.0,4109.571428571428,991.045215440556,4215.214285714285,4490.821428571428,4408.4,4446.65,4489.322222222222,1015.4893028180651,3991.730035471582,4168.830819952704,0.9749279121818236,0.9749279121818236,3259.8022,1015.4893028180655,4433.10805459989,27251.723288974892,11995.0548143808
2015-10-29,3299,3,29,3302.0,3864.0,3151.0,3364.0,3896.0,3504.0,3861.0,3220.0,5718.0,4130.714285714285,968.5092865301999,4200.571428571428,4470.75,4411.033333333334,4406.333333333333,4473.177777777778,1012.3990450591953,3818.5475266036865,4052.853377292343,0.43388373911755823,0.43388373911755823,3196.5723,1012.3990450591957,4419.617566296746,26795.623425671747,11995.0548143808
2015-10-30,4418,4,30,3299.0,3569.0,3965.0,4399.0,4632.0,4007.0,5022.0,3289.0,4038.0,4195.428571428572,970.7229019555219,4229.928571428572,4449.178571428572,4448.666666666667,4412.666666666667,4458.0888888888885,989.9878903241668,3968.410644952765,4101.539593653364,-0.433883739117558,-0.433883739117558,4152.7915,989.9878903241673,4321.781901959336,33391.32291758434,11995.0548143808
2015-10-31,5104,5,31,4418.0,3302.0,5063.0,5286.0,5770.0,5456.0,6271.0,3861.0,3886.0,4201.285714285715,976.9339306022194,4204.785714285715,4407.5,4490.1,4432.966666666666,4441.577777777778,990.5556208164301,4252.307983714573,4235.200981166248,-0.9749279121818236,-0.9749279121818236,5292.681,990.5556208164306,4324.260323554827,41373.02985480483,11995.0548143808
2015-11-01,5110,6,1,5104.0,3299.0,5853.0,5645.0,5922.0,6071.0,6474.0,5022.0,3705.0,4095.1428571428573,790.0566284706911,4136.142857142857,4358.785714285715,4493.033333333334,4456.383333333333,4440.877777777778,992.313788084685,4466.73098778593,4351.840850344082,-0.7818314824680299,-0.7818314824680299,5516.395,992.3137880846856,4331.93558459067,42946.70120959067,11995.0548143808
2015-11-02,4078,0,2,5110.0,4418.0,3864.0,3933.0,4761.0,3977.0,4720.0,6271.0,4230.0,4125.714285714285,783.7369274371154,4143.357142857143,4335.857142857143,4419.933333333333,4453.85,4438.733333333334,935.9983028769309,4369.548240839447,4315.3287369648715,0.0,0.0,4351.9844,935.9983028769313,4086.09091603494,34549.98154103494,11995.0548143808
2015-11-03,3995,1,3,4078.0,5104.0,3569.0,3220.0,3893.0,3621.0,4032.0,6474.0,4616.0,4186.571428571428,749.076288314003,4170.071428571428,4334.535714285715,4337.3,4443.5,4437.455555555555,854.26359293071,4275.911180629585,4272.618238702888,0.7818314824680298,0.7818314824680298,3968.3057,854.2635929307106,3729.278884635439,31507.419509635438,11995.0548143808
2015-11-04,3518,2,4,3995.0,5110.0,3302.0,3289.0,3596.0,3610.0,3880.0,4720.0,5587.0,4217.428571428572,709.9938631525505,4163.5,4321.607142857143,4297.233333333334,4409.016666666666,4430.477777777778,863.8297917966199,4086.4333854721885,4172.002473542503,0.9749279121818236,0.9749279121818236,3584.3518,863.8297917966205,3771.0400269012257,28861.502917526224,11995.0548143808
2015-11-05,3456,3,5,3518.0,4078.0,3299.0,3861.0,3504.0,3151.0,3896.0,4032.0,5336.0,4239.857142857143,677.8998029629006,4185.285714285715,4305.892857142857,4278.033333333334,4377.683333333333,4417.066666666667,876.240420611052,3928.8250391041415,4076.5354770701692,0.43388373911755823,0.43388373911755823,3666.0593,876.2404206110525,3825.218498705143,29487.634514330144,11995.0548143808
2015-11-06,4182,4,6,3456.0,3995.0,4418.0,5022.0,4007.0,3965.0,4632.0,3880.0,5487.0,4206.142857142857,673.4172625674269,4200.785714285715,4289.821428571428,4288.1,4355.933333333333,4398.055555555556,873.2395630540042,3992.118779328106,4090.597413460813,-0.433883739117558,-0.433883739117558,4232.2734,873.2395630540047,3812.118286058945,33438.03234855895,11995.0548143808
2015-11-07,5278,5,7,4182.0,3518.0,5104.0,6271.0,5456.0,5063.0,5770.0,3896.0,3988.0,4231.0,714.0669903214008,4216.142857142857,4272.25,4334.166666666667,4377.433333333333,4389.288888888889,888.1668095629248,4313.5890844960795,4248.917758332705,-0.9749279121818236,-0.9749279121818236,5165.378,888.1668095629253,3877.283026394521,40034.92755764452,11995.0548143808
2015-11-08,5432,6,8,5278.0,3456.0,5110.0,6474.0,6071.0,5853.0,5922.0,4632.0,3696.0,4277.0,786.7970937075598,4186.071428571428,4254.75,4360.833333333333,4406.366666666667,4398.877777777778,909.1786396801037,4593.19181337206,4406.662057221678,-0.7818314824680299,-0.7818314824680299,5470.5234,909.1786396801043,3969.0099535771687,42262.674016077166,11995.0548143808
2015-11-09,3709,0,9,5432.0,4182.0,4078.0,4720.0,3977.0,3864.0,4761.0,5770.0,3749.0,4224.285714285715,814.2347561331652,4175.0,4217.178571428572,4292.133333333333,4405.7,4395.344444444445,876.29930067746,4372.143860029045,4313.640449592121,0.0,0.0,4076.948,876.2993006774607,3825.4755390264195,32364.112257776418,11995.0548143808
2015-11-10,3814,1,10,3709.0,5278.0,3995.0,4032.0,3621.0,3569.0,3893.0,5922.0,4263.0,4198.428571428572,825.5252584754446,4192.5,4214.357142857143,4221.866666666667,4398.216666666666,4393.455555555555,824.0592853351731,4232.607895021783,4247.021722979838,0.7818314824680298,0.7818314824680298,3632.9387,824.0592853351736,3597.4222920413004,29027.9926045413,11995.0548143808
2015-11-11,3615,2,11,3814.0,5432.0,3518.0,3880.0,3610.0,3302.0,3596.0,4761.0,5299.0,4212.285714285715,812.9179364662638,4214.857142857143,4215.035714285715,4183.666666666667,4370.15,4393.8,824.7671074971316,4078.2059212663376,4162.75215991586,0.9749279121818236,0.9749279121818236,3435.9626,824.7671074971323,3600.512282372755,27652.250563622754,11995.0548143808
2015-11-12,2905,3,12,3615.0,3709.0,3456.0,3896.0,3151.0,3299.0,3504.0,3893.0,5865.0,4133.571428571428,918.21109721437,4186.714285714285,4193.642857142857,4150.733333333334,4320.816666666667,4378.077777777778,855.9114091013595,3784.9044409497533,3995.0518719270785,0.43388373911755823,0.43388373911755823,3156.9397,855.9114091013602,3736.472409095357,25835.050534095357,11995.0548143808
2015-11-13,3587,4,13,2905.0,3814.0,4182.0,4632.0,3965.0,4418.0,4007.0,3596.0,3982.0,4048.5714285714284,940.2561454452817,4127.357142857143,4178.642857142857,4150.433333333333,4314.233333333334,4359.344444444445,856.1141030676075,3735.428330712315,3940.6449556701346,-0.433883739117558,-0.433883739117558,3849.596,856.1141030676081,3737.3572675098167,30684.52914250982,11995.0548143808
2015-11-14,4830,5,14,3587.0,3615.0,5278.0,5770.0,5063.0,5104.0,5456.0,3504.0,3802.0,3984.5714285714284,853.9080467948252,4107.785714285715,4156.285714285715,4194.633333333333,4331.366666666667,4346.833333333333,855.8185226309083,4009.0712480342363,4059.22562824745,-0.9749279121818236,-0.9749279121818236,4761.1216,855.818522630909,3736.0669141687463,37063.91847666875,11995.0548143808
2015-11-15,5681,6,15,4830.0,2905.0,5432.0,5922.0,5853.0,5110.0,6071.0,4007.0,3299.0,4020.1428571428573,926.3653758230656,4148.571428571428,4142.357142857143,4250.433333333333,4371.066666666667,4358.688888888889,896.7567110708256,4427.053436025678,4275.46221114779,-0.7818314824680299,-0.7818314824680299,5325.1313,896.7567110708262,3914.7821526356543,41190.70012138566,11995.0548143808
2015-11-16,3508,0,16,5681.0,3587.0,3709.0,4761.0,3864.0,4078.0,3977.0,5456.0,3699.0,3991.4285714285716,940.622640797548,4107.857142857143,4125.607142857143,4185.5,4367.883333333333,4356.677777777778,876.7560015231638,4197.290077019258,4173.1339163280845,0.0,0.0,3692.1301,876.7560015231644,3827.469261847539,29672.37941809754,11995.0548143808
2015-11-17,3438,1,17,3508.0,4830.0,3814.0,3893.0,3569.0,3995.0,3621.0,6071.0,4549.0,3937.714285714286,962.9149692964793,4068.0714285714284,4119.071428571428,4097.733333333334,4349.366666666667,4353.011111111111,810.808193370523,4007.4675577644434,4075.1160608176733,0.7818314824680298,0.7818314824680298,3228.6406,810.8081933705236,3539.5747870427585,26140.05916204276,11995.0548143808
2015-11-18,3373,2,18,3438.0,5681.0,3615.0,3596.0,3302.0,3518.0,3610.0,3977.0,5494.0,3903.1428571428573,980.613996190046,4057.714285714286,4110.607142857143,4077.6,4314.016666666666,4348.944444444444,821.3401412242049,3848.8506683233327,3981.5005860419838,0.9749279121818236,0.9749279121818236,3117.173,821.3401412242055,3585.551896531964,25405.762834031964,11995.0548143808
2015-11-19,3275,3,19,3373.0,3508.0,2905.0,3504.0,3299.0,3456.0,3151.0,3621.0,5989.0,3956.0,926.3134818551805,4044.785714285714,4115.035714285715,4066.0666666666666,4268.783333333334,4340.044444444445,830.3526850737494,3705.3880012424997,3887.3005079030527,0.43388373911755823,0.43388373911755823,3170.967,830.35268507375,3624.896063546797,25821.665594796796,11995.0548143808
2015-11-20,3927,4,20,3275.0,3438.0,3587.0,4007.0,4418.0,4182.0,3965.0,3610.0,4293.0,4004.5714285714284,912.551890240195,4026.5714285714284,4113.678571428572,4076.633333333333,4262.683333333333,4327.966666666666,826.3562512760332,3760.791000931875,3892.5937735159787,-0.433883739117558,-0.433883739117558,3773.4724,826.3562512760337,3607.449673112978,30021.756313737977,11995.0548143808
2015-11-21,4998,5,21,3927.0,3373.0,4830.0,5456.0,5104.0,5278.0,5063.0,3151.0,3798.0,4028.5714285714284,939.6844961905844,4006.5714285714284,4111.357142857143,4138.2,4282.683333333333,4315.988888888889,823.8153626414888,4070.093250698906,4039.981270380515,-0.9749279121818236,-0.9749279121818236,5122.854,823.8153626414894,3596.3574500433883,39456.33401254339,11995.0548143808
2015-11-22,5486,6,22,4998.0,3275.0,5681.0,6071.0,5110.0,5432.0,5853.0,3965.0,3552.0,4000.714285714286,883.7597173979127,4010.4285714285716,4098.25,4188.9,4314.916666666667,4335.111111111111,858.8471161769753,4424.0699380241795,4232.783767663113,-0.7818314824680299,-0.7818314824680299,5310.147,858.8471161769759,3749.288207988306,40920.315551738306,11995.0548143808
2015-11-23,4510,0,23,5486.0,3927.0,3508.0,3977.0,4078.0,3709.0,3864.0,5063.0,3364.0,4143.857142857143,871.7188821654648,4067.6428571428573,4121.321428571428,4170.466666666666,4334.016666666666,4348.633333333333,845.2666069244656,4445.552453518135,4269.745931974698,0.0,0.0,3918.7405,845.266606924466,3690.002635224714,31121.186228974715,11995.0548143808
2015-11-24,3849,1,24,4510.0,4998.0,3438.0,3621.0,3995.0,3814.0,3569.0,5853.0,4399.0,4202.571428571428,829.0494269830655,4070.1428571428573,4131.321428571428,4103.666666666667,4324.85,4352.977777777778,784.7325190386666,4296.414340138601,4213.646474378072,0.7818314824680298,0.7818314824680298,3733.6804,784.7325190386673,3425.741700284595,29561.505372159594,11995.0548143808
2015-11-25,4332,2,25,3849.0,5486.0,3373.0,3610.0,3518.0,3615.0,3302.0,3864.0,5286.0,4339.571428571428,743.9889912139919,4121.357142857143,4168.107142857143,4119.266666666666,4308.95,4362.477777777778,784.4555297535414,4305.310755103951,4229.426944460995,0.9749279121818236,0.9749279121818236,3943.9807,784.455529753542,3424.532506423548,31032.397740798548,11995.0548143808
2015-11-26,2129,3,26,4332.0,4510.0,3275.0,3151.0,3456.0,2905.0,3299.0,3569.0,5645.0,4175.857142857143,1071.3554387739268,4065.9285714285716,4126.321428571428,4071.266666666667,4250.35,4342.988888888889,859.7311501712047,3761.233066327963,3949.3700185328626,0.43388373911755823,0.43388373911755823,2635.27,859.7311501712053,3753.1474492520824,22200.038074252083,11995.0548143808
2015-11-27,2654,4,27,2129.0,3849.0,3927.0,3965.0,4182.0,3587.0,4418.0,3302.0,3933.0,3994.0,1218.5667810998298,3999.285714285714,4063.3214285714284,4049.6666666666665,4229.033333333334,4314.322222222222,887.419130199292,3484.4247997459725,3776.654016061814,-0.433883739117558,-0.433883739117558,3396.9058,887.4191301992927,3874.0190398611526,27652.358883611152,11995.0548143808
2015-11-28,3715,5,28,2654.0,4332.0,4998.0,5063.0,5278.0,4830.0,5104.0,3299.0,3220.0,3810.714285714286,1136.0824081444275,3919.6428571428573,4013.714285714286,4063.5333333333333,4237.283333333334,4292.066666666667,878.4901127280314,3542.0685998094796,3768.4334805869057,-0.9749279121818236,-0.9749279121818236,4057.6003,878.4901127280319,3835.039506387326,32238.242631387326,11995.0548143808
2015-11-29,4496,6,29,3715.0,2129.0,5486.0,5853.0,5432.0,5681.0,5110.0,4418.0,3289.0,3669.285714285714,936.9382253357178,3835.0,3991.785714285714,4066.133333333333,4257.4,4297.155555555555,879.6899819639905,3780.5514498571097,3865.442349841985,-0.7818314824680299,-0.7818314824680299,4387.932,879.689981963991,3840.2775231341657,34555.802913759166,11995.0548143808
2015-11-30,3719,0,30,4496.0,2654.0,4510.0,3864.0,3709.0,3508.0,4078.0,5104.0,3861.0,3556.285714285714,863.4627408069863,3850.0714285714284,3978.964285714286,4019.9666666666667,4255.033333333334,4295.3,859.4539759531043,3765.163587392832,3845.916703196387,0.0,0.0,3466.7817,859.4539759531049,3751.937448068044,28019.410104318045,11995.0548143808
2015-12-01,3806,1,1,3719.0,3715.0,3849.0,3569.0,3814.0,3438.0,3995.0,5110.0,5022.0,3550.1428571428573,861.1831838758143,3876.3571428571427,3972.214285714286,3976.5,4234.766666666666,4296.422222222222,835.0531988008765,3775.372690544624,3840.5944761035353,0.7818314824680298,0.7818314824680298,3598.216,835.0531988008771,3645.4161076345663,28832.927826384566,11995.0548143808
2015-12-02,3593,2,2,3806.0,4496.0,4332.0,3302.0,3615.0,3373.0,3518.0,4078.0,6271.0,3444.5714285714284,791.8688563861417,3892.0714285714284,3974.8928571428573,3960.3333333333335,4190.133333333333,4289.344444444445,837.7109753136278,3729.7795179084683,3807.5818792897308,0.9749279121818236,0.9749279121818236,3787.051,837.7109753136284,3657.018603528228,30166.376025403228,11995.0548143808
2015-12-03,3621,3,3,3593.0,3719.0,2129.0,3299.0,2905.0,3275.0,3456.0,3995.0,6474.0,3657.714285714286,539.2475357031416,3916.785714285714,3980.785714285714,3947.866666666667,4142.583333333333,4278.288888888889,839.9571718693178,3702.5846384313513,3782.7042953844334,0.43388373911755823,0.43388373911755823,3600.4055,839.9571718693185,3666.8243513737357,28869.662241998736,11995.0548143808
2015-12-04,3986,4,4,3621.0,3806.0,2654.0,4418.0,3587.0,3927.0,4182.0,3518.0,4720.0,3848.0,314.0053078107695,3921.0,3973.785714285714,3963.4666666666667,4130.35,4260.5,836.0350072415168,3773.4384788235134,3809.8103893331754,-0.433883739117558,-0.433883739117558,4026.7988,836.0350072415175,3649.70218223348,31837.29397910848,11995.0548143808
2015-12-05,5163,5,5,3986.0,3593.0,3715.0,5104.0,4830.0,4998.0,5278.0,3456.0,4032.0,4054.8571428571427,577.8700628374934,3932.785714285714,3969.6785714285716,4020.366666666667,4149.2,4258.577777777778,858.1035820174941,4120.828859117635,3990.235670755419,-0.9749279121818236,-0.9749279121818236,4902.7964,858.1035820174947,3746.042317300813,38065.61653605082,11995.0548143808
2015-12-06,5196,6,6,5163.0,3621.0,4496.0,5110.0,5681.0,5486.0,5432.0,4182.0,3880.0,4154.857142857143,711.9460252414787,3912.0714285714284,3961.25,4054.1666666666665,4171.133333333333,4255.344444444445,884.2613548482997,4389.621644338226,4151.00424798803,-0.7818314824680299,-0.7818314824680299,5273.3594,884.2613548483002,3860.233804207509,40773.749429207506,11995.0548143808
2015-12-07,3919,0,7,5196.0,3986.0,3719.0,4078.0,3508.0,4510.0,3709.0,5278.0,3896.0,4183.428571428572,695.3591055809095,3869.8571428571427,3968.75,4008.866666666667,4171.516666666666,4254.577777777778,853.6850236124678,4271.966233253669,4120.070348256293,0.0,0.0,4095.6768,853.6850236124684,3726.753146257175,32396.491427507175,11995.0548143808
2015-12-08,3464,1,8,3919.0,5163.0,3806.0,3995.0,3438.0,3849.0,3814.0,5432.0,4632.0,4134.571428571428,737.0619280048884,3842.3571428571427,3956.25,3943.266666666667,4152.05,4252.0,815.3069205597568,4069.9746749402516,4032.5943018221205,0.7818314824680298,0.7818314824680298,3649.8657,815.3069205597574,3559.21393408517,29108.27448096017,11995.0548143808
2015-12-09,3333,2,9,3464.0,5196.0,3593.0,3518.0,3373.0,4332.0,3615.0,3709.0,5770.0,4097.428571428572,774.5021749792683,3771.0,3946.1785714285716,3930.733333333333,4111.433333333333,4247.377777777778,821.895787224549,3885.731006205189,3939.315061579171,0.9749279121818236,0.9749279121818236,3445.3635,821.8957872245496,3587.9775634028965,27705.522485277896,11995.0548143808
2015-12-10,3286,3,10,3333.0,3919.0,3621.0,3456.0,3275.0,2129.0,2905.0,3814.0,5922.0,4049.5714285714284,817.9773544426222,3853.6428571428573,3959.785714285714,3913.133333333333,4067.5,4236.522222222222,830.0940841288636,3735.7982546538915,3852.2063867019483,0.43388373911755823,0.43388373911755823,3142.7388,830.0940841288642,3623.76714379499,25622.93901879499,11995.0548143808
2015-12-11,3651,4,11,3286.0,3464.0,3986.0,4182.0,3927.0,2654.0,3587.0,3615.0,4761.0,4001.714285714286,831.9963369882732,3924.8571428571427,3962.0714285714284,3914.3333333333335,4049.0,4218.211111111111,829.6741501350326,3714.5986909904186,3825.3788684750216,-0.433883739117558,-0.433883739117558,3686.691,829.6741501350332,3621.9339262856706,29428.76986378567,11995.0548143808
2015-12-12,5033,5,12,3651.0,3333.0,5163.0,5278.0,4998.0,3715.0,4830.0,2905.0,3893.0,3983.1428571428573,802.6891113773808,4019.0,3969.3214285714284,3985.266666666667,4068.0,4208.966666666666,831.3705316641491,4044.199018242814,3986.395019345019,-0.9749279121818236,-0.9749279121818236,4828.278,831.3705316641497,3629.339462315968,37427.28477481597,11995.0548143808
2015-12-13,4955,6,13,5033.0,3286.0,5196.0,5432.0,5486.0,4496.0,5681.0,3587.0,3596.0,3948.714285714286,745.1001530634915,4051.785714285714,3943.3928571428573,4030.866666666667,4090.65,4219.777777777777,846.1579999737223,4271.89926368211,4115.542350099016,-0.7818314824680299,-0.7818314824680299,5059.323,846.157999973723,3693.894002367145,39109.155721117146,11995.0548143808
2015-12-14,3925,0,14,4955.0,3651.0,3919.0,3709.0,4510.0,3719.0,3508.0,4830.0,3504.0,3949.5714285714284,745.0637237048604,4066.5,3958.285714285714,4000.7,4097.666666666667,4221.144444444444,832.7107851614074,4185.174447761582,4090.1367034191476,0.0,0.0,3677.0828,832.7107851614081,3635.190325104393,29374.77040322939,11995.0548143808
2015-12-15,3500,1,15,3925.0,5033.0,3464.0,3814.0,3849.0,3806.0,3438.0,5681.0,4007.0,3954.714285714286,741.2679934377568,4044.6428571428573,3960.5,3928.0,4089.2166666666667,4223.377777777778,774.0966704310281,4013.8808358211863,4011.451809629928,0.7818314824680298,0.7818314824680298,3366.056,774.0966704310288,3379.3110131279877,26941.701638127986,11995.0548143808
2015-12-16,3447,2,16,3500.0,4955.0,3333.0,3615.0,4332.0,3593.0,3373.0,3508.0,5456.0,3971.0,726.4362784626513,4034.214285714286,3963.1428571428573,3925.9666666666667,4055.733333333333,4220.577777777778,775.3170867828601,3872.1606268658898,3936.1915683459374,0.9749279121818236,0.9749279121818236,3280.141,775.3170867828608,3384.638728096779,26345.62700934678,11995.0548143808
2015-12-17,3698,3,17,3447.0,3925.0,3286.0,2905.0,2129.0,3621.0,3275.0,3438.0,6071.0,4029.8571428571427,676.6723551250452,4039.714285714286,3978.25,3934.633333333333,4016.1833333333334,4211.122222222222,771.1161853212249,3828.6204701494175,3904.432692566479,0.43388373911755823,0.43388373911755823,3448.2844,771.1161853212255,3366.299736189651,27504.289970564652,11995.0548143808
2015-12-18,3753,4,18,3698.0,3500.0,3651.0,3587.0,2654.0,3986.0,3927.0,3373.0,3977.0,4044.4285714285716,668.1995353542368,4023.0714285714284,3972.035714285714,3947.3,4012.45,4191.777777777777,764.6664880397364,3809.7153526120633,3884.2416668909486,-0.433883739117558,-0.433883739117558,3845.3757,764.666488039737,3338.143649376179,30255.77450875118,11995.0548143808
2015-12-19,5207,5,19,3753.0,3447.0,5033.0,4830.0,3715.0,5163.0,4998.0,3275.0,3621.0,4069.285714285714,712.848444454993,4026.214285714286,3979.5,4011.7,4038.883333333333,4183.0888888888885,787.1197231810922,4159.036514459048,4060.6094446388224,-0.9749279121818236,-0.9749279121818236,4994.886,787.1197231810929,3436.163015292437,38400.36614029243,11995.0548143808
2015-12-20,4978,6,20,5207.0,3698.0,4955.0,5681.0,4496.0,5196.0,5486.0,3927.0,3610.0,4072.5714285714284,717.6482093483901,4010.6428571428573,3961.3571428571427,4046.733333333333,4061.6833333333334,4190.7,806.3734880927324,4363.777385844286,4182.928185353646,-0.7818314824680299,-0.7818314824680299,5073.935,806.373488092733,3520.2151269929745,39037.762001992975,11995.0548143808
2015-12-21,4329,0,21,4978.0,3753.0,3925.0,3508.0,3719.0,3919.0,4510.0,4998.0,3151.0,4130.285714285715,720.0434510698427,4039.9285714285716,3954.8928571428573,4024.4333333333334,4081.3166666666666,4196.6,788.2051931044169,4355.083039383214,4202.404427306493,0.0,0.0,4205.413,788.2051931044176,3440.901623022487,32878.79224802249,11995.0548143808
2015-12-22,4137,1,22,4329.0,5207.0,3500.0,3438.0,3806.0,3464.0,3849.0,5486.0,3965.0,4221.285714285715,665.2810720003245,4088.0,3965.1785714285716,3979.4666666666667,4084.1833333333334,4203.1,738.885214982361,4300.56227953741,4193.68383699896,0.7818314824680298,0.7818314824680298,3820.083,738.8852149823617,3225.595768338612,29966.17779958861,11995.0548143808
2015-12-23,4194,2,23,4137.0,4978.0,3447.0,3373.0,3593.0,3333.0,4332.0,4510.0,5063.0,4328.0,574.0360035166154,4149.5,3960.25,3968.9333333333334,4069.7,4212.322222222222,733.2925244653537,4273.921709653057,4193.725992065765,0.9749279121818236,0.9749279121818236,3882.6665,733.2925244653544,3201.1809356968233,30379.846951321822,11995.0548143808
2015-12-24,3720,3,24,4194.0,4329.0,3698.0,3275.0,3621.0,3286.0,2129.0,3849.0,5853.0,4331.142857142857,570.0583094653305,4180.5,4017.0714285714284,3964.633333333333,4034.15,4204.777777777777,734.3974533862571,4135.441282239793,4130.562526456996,0.43388373911755823,0.43388373911755823,3733.4182,734.3974533862578,3206.0044914796604,29339.93222585466,11995.0548143808
2015-12-25,0,4,25,3720.0,4137.0,3753.0,3927.0,3986.0,3651.0,2654.0,4332.0,3864.0,3795.0,1749.3905605476828,3919.714285714286,3922.285714285714,3820.233333333333,3969.75,4146.044444444445,1027.1934875764791,3101.580961679844,3579.8208562627296,-0.433883739117558,-0.433883739117558,1976.0682,1027.1934875764796,4484.202552179592,18316.68009124209,11995.0548143808
2015-12-26,4053,5,26,0.0,4194.0,5207.0,4998.0,5163.0,5033.0,3715.0,2129.0,3569.0,3630.1428571428573,1645.437067425293,3849.714285714286,3934.3571428571427,3884.366666666667,3977.8166666666666,4128.355555555556,976.7854556844976,3339.4357212598834,3642.9114087610324,-0.9749279121818236,-0.9749279121818236,3638.417,976.7854556844981,4264.146810010039,29733.06477876004,11995.0548143808
2015-12-27,3931,6,27,4053.0,3720.0,4978.0,5486.0,5196.0,4955.0,4496.0,2654.0,3302.0,3480.5714285714284,1547.1464978192248,3776.5714285714284,3914.1785714285716,3926.9333333333334,3988.3,4128.333333333333,948.7414506755119,3487.326790944913,3681.3232209262283,-0.7818314824680299,-0.7818314824680299,4310.1455,948.7414506755125,4141.720996026997,34312.740527277,11995.0548143808
2015-12-28,3777,0,28,3931.0,0.0,4329.0,4510.0,3919.0,3925.0,3719.0,3715.0,3299.0,3401.714285714286,1510.3246576245056,3766.0,3916.25,3929.0,3996.266666666667,4134.522222222222,948.3313112315014,3559.745093208685,3694.080124802731,0.0,0.0,3497.593,948.3313112315019,4139.930536523675,28623.080927148676,11995.0548143808
2015-12-29,3786,1,29,3777.0,4053.0,4137.0,3849.0,3464.0,3500.0,3806.0,4496.0,4418.0,3351.5714285714284,1487.498667466393,3786.4285714285716,3915.535714285714,3905.3333333333335,3985.733333333333,4140.044444444445,942.5349653564743,3616.3088199065137,3706.336108162367,0.7818314824680298,0.7818314824680298,3340.6467,942.5349653564748,4114.626648521585,27499.153992271586,11995.0548143808
2015-12-30,3550,2,30,3786.0,3931.0,4194.0,4332.0,3333.0,3447.0,3593.0,3719.0,5104.0,3259.5714285714284,1446.0494294390367,3793.785714285714,3914.0,3899.7,3959.8333333333335,4136.5888888888885,944.1906276696991,3599.7316149298854,3685.4912937407184,0.9749279121818236,0.9749279121818236,3533.5176,944.1906276696997,4121.854425235811,28856.47747211081,11995.0548143808
2015-12-31,3839,3,31,3550.0,3777.0,3720.0,2129.0,3286.0,3698.0,3621.0,3806.0,5110.0,3276.5714285714284,1453.0470119881288,3803.8571428571427,3921.785714285714,3900.8,3938.65,4123.444444444444,944.0969193379663,3659.548711197414,3705.959121241956,0.43388373911755823,0.43388373911755823,3646.5857,944.0969193379668,4121.4453424822705,29647.54495185727,11995.0548143808
2016-01-01,3330,4,1,3839.0,3786.0,0.0,2654.0,3651.0,3753.0,3986.0,3593.0,4078.0,3752.285714285714,241.82618708880162,3773.6428571428573,3898.3571428571427,3892.0333333333333,3926.1833333333334,4090.766666666667,948.2655121901173,3577.1615333980603,3655.8312384096953,-0.433883739117558,-0.433883739117558,3615.71,948.2655121901179,4139.643291488661,29449.61204148866,11995.0548143808
2016-01-02,4972,5,2,3330.0,3550.0,4053.0,3715.0,5033.0,5207.0,5163.0,3621.0,3995.0,3883.5714285714284,520.8169406944123,3756.8571428571427,3891.535714285714,3937.0666666666666,3942.4666666666667,4074.0777777777776,966.8478086324969,3925.8711500485456,3831.320406621736,-0.9749279121818236,-0.9749279121818236,4922.919,966.8478086324975,4220.764114527438,38681.19770827744,11995.0548143808
2016-01-03,4873,6,3,4972.0,3839.0,3931.0,4496.0,4955.0,4978.0,5196.0,3986.0,3518.0,4018.1428571428573,642.5800672734426,3749.3571428571427,3880.0,3966.633333333333,3965.05,4075.777777777778,981.8419875447053,4162.653362536409,3970.211019072171,-0.7818314824680299,-0.7818314824680299,4874.1934,981.8419875447057,4286.221047577703,38405.5726100777,11995.0548143808
2016-01-04,4110,0,4,4873.0,3330.0,3777.0,3719.0,3925.0,4329.0,3919.0,5163.0,3456.0,4065.714285714286,634.0217436559806,3733.714285714286,3886.8214285714284,3931.5333333333333,3975.95,4076.6444444444446,956.082117860147,4149.490021902307,3988.8495498625484,0.0,0.0,3809.3813,956.0821178601476,4173.766602742929,30839.43652461793,11995.0548143808
2016-01-05,3409,1,5,4110.0,4972.0,3786.0,3806.0,3500.0,4137.0,3464.0,5196.0,4182.0,4011.8571428571427,676.3419816856525,3681.714285714286,3884.8571428571427,3871.9666666666667,3963.0666666666666,4071.411111111111,929.894635608424,3964.3675164267297,3911.536276547542,0.7818314824680298,0.7818314824680298,3547.2773,929.8946356084246,4059.4454196663164,28890.386825916317,11995.0548143808
2016-01-06,3135,2,6,3409.0,4873.0,3550.0,3593.0,3447.0,4194.0,3333.0,3919.0,5278.0,3952.5714285714284,738.8723067718033,3606.0714285714284,3877.785714285714,3845.8333333333335,3927.35,4062.9555555555557,939.4942910888262,3757.0256373200473,3807.9981063412033,0.9749279121818236,0.9749279121818236,3376.7383,939.4942910888268,4101.352616436837,27738.520585186838,11995.0548143808
2016-01-07,3779,3,7,3135.0,4110.0,3839.0,3621.0,3698.0,3720.0,3286.0,3464.0,5432.0,3944.0,740.7550202327354,3610.285714285714,3895.3928571428573,3856.3333333333335,3899.8,4053.4777777777776,936.8361772415154,3762.5192279900357,3804.131692162376,0.43388373911755823,0.43388373911755823,3539.8809,936.836177241516,4089.748647912642,28868.914663537642,11995.0548143808
2016-01-08,4289,4,8,3779.0,3409.0,3330.0,3986.0,3753.0,0.0,3651.0,3333.0,3709.0,4081.0,695.5757806786152,3916.6428571428573,3918.1785714285716,3888.2,3909.4666666666667,4037.0222222222224,934.6778312744196,3894.139420992527,3868.7807998740595,-0.433883739117558,-0.433883739117558,4009.544,934.6778312744202,4080.326410903554,32147.135004653555,11995.0548143808
2016-01-09,5902,5,9,4289.0,3135.0,4972.0,5163.0,5207.0,4053.0,5033.0,3286.0,3814.0,4213.857142857143,939.9961752708389,4048.714285714286,3949.214285714286,3975.4,3944.266666666667,4036.8,996.5403464330763,4396.104565744395,4139.876693224185,-0.9749279121818236,-0.9749279121818236,5500.599,996.5403464330768,4350.386581371723,42854.58189387172,11995.0548143808
2016-01-10,5517,6,10,5902.0,3779.0,4873.0,5196.0,4978.0,3931.0,4955.0,3651.0,3615.0,4305.857142857143,1041.3149425240206,4162.0,3969.285714285714,4037.6,3975.9666666666667,4045.2,1033.155814933558,4676.328424308295,4323.493134127627,-0.7818314824680299,-0.7818314824680299,5119.475,1033.1558149335585,4510.231030625872,40346.55524937587,11995.0548143808
2016-01-11,3906,0,11,5517.0,4289.0,4110.0,3919.0,4329.0,3777.0,3925.0,5033.0,2905.0,4276.714285714285,1050.5237922556696,4171.214285714285,3968.6071428571427,4000.0333333333333,3992.65,4045.3444444444444,1016.06198844746,4483.746318231221,4267.82738291061,0.0,0.0,3994.487,1016.0619884474604,4435.6081077953095,32397.01826404531,11995.0548143808
2016-01-12,3307,1,12,3906.0,5902.0,3409.0,3464.0,4137.0,3786.0,3500.0,4955.0,3587.0,4262.142857142857,1065.1707888990406,4137.0,3961.714285714286,3945.1,3987.983333333333,4042.133333333333,1007.1619515012044,4189.559738673416,4139.717065189196,0.7818314824680298,0.7818314824680298,3476.293,1007.161951501205,4396.75508850383,28730.80586975383,11995.0548143808
2016-01-13,3170,2,13,3307.0,5517.0,3135.0,3333.0,4194.0,3550.0,3447.0,3925.0,4830.0,4267.142857142857,1059.0627033012752,4109.857142857143,3951.8214285714284,3919.9333333333334,3960.3166666666666,4038.4222222222224,1017.0656891725059,3934.669804005062,4010.4214564973026,0.9749279121818236,0.9749279121818236,3197.8118,1017.0656891725064,4439.9897529355,26824.6713935605,11995.0548143808
2016-01-14,3326,3,14,3170.0,3906.0,3779.0,3286.0,3720.0,3839.0,3698.0,3500.0,5681.0,4202.428571428572,1106.634064350519,4073.214285714286,3938.535714285714,3914.133333333333,3921.0666666666666,4030.8555555555554,1020.0348112157469,3782.5023530037965,3919.165262297662,0.43388373911755823,0.43388373911755823,3254.0928,1020.0348112157474,4452.951424524216,27231.599862024217,11995.0548143808
2016-01-15,3943,4,15,3326.0,3307.0,4289.0,3651.0,0.0,3330.0,3753.0,3447.0,3508.0,4153.0,1109.8453345699409,4117.0,3945.3214285714284,3930.6666666666665,3928.3166666666666,4014.0444444444443,1016.2147252505655,3822.6267647528475,3922.343227324641,-0.433883739117558,-0.433883739117558,3907.0977,1016.2147252505661,4436.274878730466,31785.958472480466,11995.0548143808
2016-01-16,5625,5,16,3943.0,3170.0,5902.0,5033.0,4053.0,4972.0,5207.0,3698.0,3438.0,4113.428571428572,1039.820634715887,4163.642857142857,3960.25,3994.9,3964.766666666667,4009.088888888889,1060.919131436636,4273.220073564636,4149.364130348022,-0.9749279121818236,-0.9749279121818236,5345.3237,1060.9191314366365,4631.431501837779,42048.69712683778,11995.0548143808
2016-01-17,5291,6,17,5625.0,3326.0,5517.0,4955.0,3931.0,4873.0,4978.0,3753.0,3373.0,4081.1428571428573,991.3565501492426,4193.5,3971.4285714285716,4046.1666666666665,3996.733333333333,4023.688888888889,1085.6976807670626,4527.6650551734765,4301.582246301618,-0.7818314824680299,-0.7818314824680299,5427.83,1085.697680767063,4739.602002810249,42734.41450281025,11995.0548143808
2016-01-18,4374,0,18,5291.0,3943.0,3906.0,3925.0,3777.0,4110.0,4329.0,5207.0,3275.0,4148.0,993.355257028755,4212.357142857143,3973.035714285714,4018.4,4015.05,4032.0555555555557,1065.448832085846,4489.248791380108,4311.237946794736,0.0,0.0,4250.6216,1065.4488320858468,4651.205863199554,34405.55742569955,11995.0548143808
2016-01-19,2947,1,19,4374.0,5625.0,3307.0,3500.0,3786.0,3409.0,4137.0,4978.0,3927.0,4096.571428571428,1051.755177016472,4179.357142857143,3930.535714285714,3950.7,3998.7166666666667,4024.688888888889,1066.8972464500735,4103.686593535081,4129.339553888771,0.7818314824680298,0.7818314824680298,3369.6887,1066.8972464500741,4657.5289011347,28245.3492136347,11995.0548143808
2016-01-20,3441,2,20,2947.0,5291.0,3170.0,3447.0,3550.0,3135.0,4194.0,4329.0,4998.0,4135.285714285715,1016.3563538913089,4201.214285714285,3903.6428571428573,3921.1,3972.766666666667,4027.911111111111,1068.3571129026313,3938.0149451513103,4037.5609467036015,0.9749279121818236,0.9749279121818236,3400.973,1068.3571129026318,4663.9019330430765,28470.712479918075,11995.0548143808
2016-01-21,3444,3,21,3441.0,4374.0,3326.0,3698.0,3839.0,3779.0,3720.0,4137.0,5486.0,4152.142857142857,1001.5675095521386,4177.285714285715,3893.785714285714,3898.0,3938.733333333333,4022.1222222222223,1071.01666170754,3814.511208863483,3958.419487143121,0.43388373911755823,0.43388373911755823,3292.0056,1071.0166617075404,4675.512165859831,27719.55122835983,11995.0548143808
2016-01-22,3540,4,22,3444.0,2947.0,3943.0,3753.0,3330.0,4289.0,0.0,4194.0,4510.0,4094.5714285714284,1026.8561822609909,4123.785714285715,4020.214285714286,3876.2,3922.5666666666666,4005.2,1071.439811172568,3745.883406647612,3902.630222190705,-0.433883739117558,-0.433883739117558,3723.1885,1071.4398111725684,4677.359420475424,30739.679732975423,11995.0548143808
2016-01-23,5822,5,23,3540.0,3441.0,5625.0,5207.0,4972.0,5902.0,4053.0,3720.0,3849.0,4122.714285714285,1077.2538720106336,4118.071428571428,4083.3928571428573,3946.266666666667,3955.45,4004.8555555555554,1128.1045113400344,4264.912554985709,4158.546192565277,-0.9749279121818236,-0.9749279121818236,5437.6206,1128.1045113400348,4924.728583328031,42988.07233332803,11995.0548143808
2016-01-24,5142,6,24,5822.0,3444.0,5291.0,4978.0,4873.0,5517.0,3931.0,0.0,4332.0,4101.428571428572,1051.4859100566289,4091.285714285714,4126.642857142857,4117.666666666667,3968.95,4019.0555555555557,868.6373130422072,4484.184416239282,4289.673366889907,-0.7818314824680299,-0.7818314824680299,4804.0176,868.6373130422078,3792.0272112047232,37420.152211204724,11995.0548143808
2016-01-25,3672,0,25,5142.0,3540.0,4374.0,4329.0,4110.0,3906.0,3777.0,4053.0,2129.0,4001.1428571428573,1054.6285963269133,4074.5714285714284,4122.892857142857,4104.966666666666,3994.6666666666665,4020.2,872.3924885182006,4281.1383121794615,4207.316917971252,0.0,0.0,3828.1455,872.3924885182012,3808.420390928887,30605.439922178888,11995.0548143808
2016-01-26,3167,1,26,3672.0,5822.0,2947.0,4137.0,3409.0,3307.0,3786.0,3931.0,2654.0,4032.5714285714284,1020.7114932148805,4064.5714285714284,4100.785714285715,4079.5,4003.2166666666667,4018.7,888.6458411732275,4002.603734134596,4068.607995575085,0.7818314824680298,0.7818314824680298,3254.0288,888.6458411732281,3879.3742339376704,26657.57540581267,11995.0548143808
2016-01-27,2967,2,27,3167.0,5142.0,3441.0,4194.0,3135.0,3170.0,3550.0,3777.0,3715.0,3964.8571428571427,1080.4706426015514,4050.0714285714284,4079.964285714286,4052.5,3990.75,4015.011111111111,910.1976196939553,3743.702800600947,3921.726929498407,0.9749279121818236,0.9749279121818236,3063.882,910.1976196939559,3973.458300294703,25420.632128419704,11995.0548143808
2016-01-28,3101,3,28,2967.0,3672.0,3444.0,3720.0,3779.0,3326.0,3839.0,3786.0,4496.0,3915.8571428571427,1115.2466735467733,4034.0,4053.6071428571427,4029.6666666666665,3967.5,4000.3777777777777,925.5756953464596,3583.0271004507103,3812.296672231953,0.43388373911755823,0.43388373911755823,3173.933,925.5756953464602,4040.591130596488,26258.122380596487,11995.0548143808
2016-01-29,3791,4,29,3101.0,3167.0,3540.0,0.0,4289.0,3943.0,3330.0,3550.0,3719.0,3951.714285714286,1105.1373541006435,4023.1428571428573,4070.0714285714284,4037.7,3968.7,3985.788888888889,922.309064438173,3635.0203253380328,3809.4571159343595,-0.433883739117558,-0.433883739117558,3699.266,922.3090644381736,4026.330687132688,29921.19396838269,11995.0548143808
2016-01-30,5389,5,30,3791.0,2967.0,5822.0,4053.0,5902.0,5625.0,4972.0,3839.0,3806.0,3889.8571428571427,989.0238333109793,4006.285714285714,4084.964285714286,4089.366666666667,3995.0833333333335,3988.8888888888887,953.6755207357296,4073.5152440035245,4020.0628338097786,-0.9749279121818236,-0.9749279121818236,5147.1636,953.6755207357302,4163.260627872662,40193.40515912266,11995.0548143808
2016-01-31,5900,6,31,5389.0,3101.0,5142.0,3931.0,5517.0,5291.0,4873.0,3330.0,3593.0,3998.1428571428573,1173.2959883126148,4049.785714285714,4121.642857142857,4175.033333333334,4033.5333333333333,4009.133333333333,997.5315216982365,4530.136433002644,4270.721122635141,-0.7818314824680299,-0.7818314824680299,5588.948,997.531521698237,4354.713546746255,43477.35026549626,11995.0548143808
2016-02-01,4005,0,1,5900.0,3791.0,3672.0,3777.0,3906.0,4374.0,4110.0,4972.0,3621.0,4045.714285714286,1164.5870103869026,4023.4285714285716,4117.892857142857,4142.8,4039.9333333333334,4009.2444444444445,986.452907102526,4398.852324751982,4235.291639617122,0.0,0.0,4142.296,986.4529071025264,4306.349969245477,33302.42028174548,11995.0548143808
2016-02-02,3691,1,2,4005.0,5389.0,3167.0,3786.0,3307.0,2947.0,3409.0,4873.0,3986.0,4120.571428571428,1114.4532078023508,4076.5714285714284,4127.964285714285,4103.4,4035.016666666667,4011.1666666666665,979.865423553588,4221.889243563987,4162.719421001506,0.7818314824680298,0.7818314824680298,3843.7488,979.8654235535886,4277.592377905716,31183.834565405716,11995.0548143808
2016-02-03,3925,2,3,3691.0,5900.0,2967.0,3550.0,3170.0,3441.0,3135.0,4110.0,5163.0,4257.428571428572,1002.3678395251325,4111.142857142857,4156.178571428572,4097.233333333334,4014.383333333333,4016.3777777777777,980.4044444578135,4147.666932672991,4131.023498201305,0.9749279121818236,0.9749279121818236,3824.7253,980.4044444578141,4279.945468091391,31053.02359309139,11995.0548143808
2016-02-04,3840,3,4,3925.0,4005.0,3101.0,3839.0,3326.0,3444.0,3779.0,3409.0,5196.0,4363.0,893.2478192901795,4139.428571428572,4158.357142857143,4111.6,3991.7833333333333,4012.5777777777776,973.1021351930289,4070.750199504743,4092.2203651077975,0.43388373911755823,0.43388373911755823,3748.6035,973.1021351930293,4248.067312478071,30488.29192185307,11995.0548143808
2016-02-05,4235,4,5,3840.0,3691.0,3791.0,3330.0,3943.0,3540.0,4289.0,3135.0,3919.0,4426.428571428572,861.0446866341758,4189.071428571428,4156.428571428572,4148.266666666666,3997.05,4000.988888888889,955.6014871790651,4111.812649628558,4111.257649760091,-0.433883739117558,-0.433883739117558,4275.8857,955.6014871790657,4171.668414472821,34102.86763322282,11995.0548143808
2016-02-06,6293,5,6,4235.0,3925.0,5389.0,4972.0,5625.0,5822.0,5902.0,3779.0,3464.0,4555.571428571428,1071.53999103204,4222.714285714285,4170.392857142857,4232.066666666667,4044.2,4010.5555555555557,1029.4776356477303,4657.109487221418,4402.15662979208,-0.9749279121818236,-0.9749279121818236,5948.1743,1029.4776356477307,4494.173976973987,46131.39272697399,11995.0548143808
2016-02-07,4870,6,7,6293.0,3840.0,5900.0,4873.0,5291.0,5142.0,5517.0,4289.0,3333.0,4408.428571428572,915.5151295205044,4203.285714285715,4147.285714285715,4251.433333333333,4069.8166666666666,4023.4555555555557,1036.029678823097,4710.332115416063,4464.535745819802,-0.7818314824680299,-0.7818314824680299,5358.974,1036.0296788230971,4522.7768537292595,42035.59716622926,11995.0548143808
2016-02-08,3823,0,8,4870.0,4235.0,4005.0,4110.0,4374.0,3672.0,3906.0,5902.0,3286.0,4382.428571428572,931.3294900558088,4214.071428571428,4144.321428571428,4182.133333333333,4078.766666666667,4023.5555555555557,990.3408933581716,4488.499086562047,4378.997646377163,0.0,0.0,4149.7617,990.3408933581721,4323.322933055382,33371.65496430538,11995.0548143808
2016-02-09,3867,1,9,3823.0,6293.0,3691.0,3409.0,2947.0,3167.0,3307.0,5517.0,3651.0,4407.571428571428,911.7214225743223,4264.071428571428,4164.321428571428,4127.133333333333,4082.366666666667,4026.3555555555554,958.9715659850434,4333.124314921534,4310.731293526875,0.7818314824680298,0.7818314824680298,3721.8066,958.9715659850439,4186.380458664679,30239.02694303968,11995.0548143808
2016-02-10,3918,2,10,3867.0,4870.0,3925.0,3135.0,3441.0,2967.0,3170.0,3906.0,5033.0,4406.571428571428,912.3425630655111,4332.0,4191.035714285715,4127.533333333334,4063.7833333333333,4037.6111111111113,958.878645852151,4229.34323619115,4258.3671210566245,0.9749279121818236,0.9749279121818236,3578.806,958.8786458521515,4185.974816785029,29237.61544178503,11995.0548143808
2016-02-11,3911,3,11,3918.0,3823.0,3840.0,3779.0,3444.0,3101.0,3326.0,3307.0,4955.0,4416.714285714285,905.3619376223145,4389.857142857143,4211.928571428572,4147.666666666667,4046.383333333333,4041.211111111111,947.3274689004451,4149.757427143362,4212.051504915741,0.43388373911755823,0.43388373911755823,3759.596,947.3274689004456,4135.54827320391,30452.72014820391,11995.0548143808
2016-02-12,4014,4,12,3911.0,3867.0,4235.0,4289.0,3540.0,3791.0,3943.0,3170.0,3925.0,4385.142857142857,916.5390387341956,4405.785714285715,4214.464285714285,4175.8,4047.866666666667,4032.1444444444446,929.6595743270336,4115.818070357522,4185.644637593642,-0.433883739117558,-0.433883739117558,4296.52,929.6595743270342,4058.419262072175,34134.05988707217,11995.0548143808
2016-02-13,5377,5,13,4014.0,3918.0,6293.0,5902.0,5822.0,5389.0,5625.0,3326.0,3500.0,4254.285714285715,614.3098334135362,4404.928571428572,4205.607142857143,4244.166666666667,4079.15,4028.766666666667,940.3638724683485,4431.113552768141,4344.492019247823,-0.9749279121818236,-0.9749279121818236,5000.5605,940.3638724683491,4105.1487649605015,39109.070639960504,11995.0548143808
2016-02-14,4710,6,14,5377.0,3911.0,4870.0,5517.0,5142.0,5900.0,5291.0,3943.0,3447.0,4231.428571428572,590.0810275272495,4319.928571428572,4184.857142857143,4269.733333333334,4100.2,4042.1222222222223,942.3179759593268,4500.835164576106,4393.226416681447,-0.7818314824680299,-0.7818314824680299,4985.6006,942.3179759593273,4113.679383551301,39012.8825085513,11995.0548143808
2016-02-15,4506,0,15,4710.0,4014.0,3823.0,3906.0,3672.0,4005.0,4374.0,5625.0,3698.0,4329.0,567.3194279533603,4355.714285714285,4189.571428571428,4232.433333333333,4113.666666666667,4053.988888888889,908.3571257033669,4502.126373432079,4408.262894457253,0.0,0.0,4153.546,908.3571257033675,3965.4236428035038,33040.24395530351,11995.0548143808
2016-02-16,3575,1,16,4506.0,5377.0,3867.0,3307.0,3167.0,3691.0,2947.0,5291.0,3753.0,4287.285714285715,615.6296815147072,4347.428571428572,4212.0,4175.233333333334,4110.7,4056.233333333333,893.3039673934679,4270.344780074059,4297.161175196286,0.7818314824680298,0.7818314824680298,3645.129,893.3039673934685,3899.709235802275,29415.611579552275,11995.0548143808
2016-02-17,3718,2,17,3575.0,4710.0,3918.0,3170.0,2967.0,3925.0,3441.0,4374.0,5207.0,4258.714285714285,639.7915583182021,4332.642857142857,4221.892857142857,4153.366666666667,4085.883333333333,4061.1555555555556,896.2946130225953,4132.258585055543,4219.939685170115,0.9749279121818236,0.9749279121818236,3659.2058,896.2946130225959,3912.7648683826937,29527.206274632692,11995.0548143808
2016-02-18,3788,3,18,3718.0,4506.0,3911.0,3326.0,3101.0,3840.0,3444.0,2947.0,4978.0,4241.142857142857,652.495831039406,4328.928571428572,4234.178571428572,4181.4,4066.05,4059.6111111111113,870.0291949124411,4046.1939387916573,4162.347727147433,0.43388373911755823,0.43388373911755823,3808.0054,870.0291949124417,3798.1034571217037,30454.140566496702,11995.0548143808
2016-02-19,4350,4,19,3788.0,3575.0,4014.0,3943.0,3791.0,4235.0,3540.0,3441.0,4329.0,4289.142857142857,645.3207028476652,4337.142857142857,4263.107142857143,4211.7,4066.4,4052.411111111111,859.1147067245066,4122.145454093743,4187.368030194442,-0.433883739117558,-0.433883739117558,4320.767,859.1147067245073,3750.4563717575397,33995.82551238254,11995.0548143808
2016-02-20,5186,5,20,4350.0,3718.0,5377.0,5625.0,5389.0,6293.0,5822.0,3444.0,4137.0,4261.857142857143,593.62458073865,4258.071428571428,4240.392857142857,4269.766666666666,4083.883333333333,4049.0777777777776,864.2918043048285,4388.109090570307,4320.51895950185,-0.9749279121818236,-0.9749279121818236,5070.3384,864.291804304829,3773.0569377301053,39265.42412523011,11995.0548143808
2016-02-21,5488,6,21,5186.0,3788.0,4710.0,5291.0,5900.0,4870.0,5142.0,3540.0,4194.0,4373.0,745.035345917669,4302.214285714285,4252.75,4334.7,4105.45,4059.9444444444443,880.5964338505664,4663.081817927729,4476.1830982349375,-0.7818314824680299,-0.7818314824680299,5489.5483,880.596433850567,3844.234629475252,42271.07447322525,11995.0548143808
2016-02-22,3824,0,22,5488.0,4350.0,4506.0,4374.0,4005.0,3823.0,3672.0,5822.0,3720.0,4275.571428571428,768.9529368222832,4302.285714285715,4258.178571428572,4268.1,4107.183333333333,4059.6666666666665,838.795086151388,4453.311363445797,4389.225351803612,0.0,0.0,3984.0486,838.7950861513885,3661.7512781842947,31550.091121934296,11995.0548143808
2016-02-23,3538,1,23,3824.0,5186.0,3575.0,2947.0,3691.0,3867.0,3167.0,5142.0,0.0,4270.285714285715,774.6770755796034,4278.785714285715,4271.428571428572,4214.633333333333,4166.15,4050.8444444444444,832.2657683669278,4224.483522584348,4275.728638229797,0.7818314824680298,0.7818314824680298,3593.3623,832.2657683669283,3633.2476088881162,28786.782765138116,11995.0548143808
2016-02-24,3311,2,24,3538.0,5488.0,3718.0,3441.0,3925.0,3918.0,2967.0,3672.0,4053.0,4212.142857142857,835.8920242414517,4235.428571428572,4283.714285714285,4202.6,4153.783333333334,4063.9777777777776,842.9235086170635,3996.112641938261,4147.098153132491,0.9749279121818236,0.9749279121818236,3416.4514,842.923508617064,3679.773863783757,27594.934020033757,11995.0548143808
2016-02-25,3338,3,25,3311.0,3824.0,3788.0,3444.0,3840.0,3911.0,3101.0,3167.0,3931.0,4147.857142857143,889.5310428481248,4194.5,4292.178571428572,4208.3,4143.9,4071.5777777777776,836.2307118542503,3831.584481453696,4039.2183993814915,0.43388373911755823,0.43388373911755823,3354.5347,836.2307118542509,3650.5565286974193,27132.29871619742,11995.0548143808
2016-02-26,4012,4,26,3338.0,3538.0,4350.0,3540.0,4235.0,4014.0,3791.0,2967.0,3777.0,4099.571428571428,885.8957532996094,4194.357142857143,4300.071428571428,4243.133333333333,4147.816666666667,4074.8777777777777,803.8802335454254,3876.688361090272,4035.5892794639594,-0.433883739117558,-0.433883739117558,4030.7449,803.8802335454261,3509.3308500388384,31724.545693788838,11995.0548143808
2016-02-27,5250,5,27,4012.0,3311.0,5186.0,5822.0,6293.0,5377.0,5389.0,3101.0,3786.0,4108.714285714285,899.2071904898047,4185.285714285715,4295.107142857143,4314.766666666666,4172.216666666666,4083.2555555555555,794.2867406905215,4220.016270817704,4197.510708868765,-0.9749279121818236,-0.9749279121818236,5243.595,794.2867406905222,3467.4505561462297,40172.61852489623,11995.0548143808
2016-02-28,6092,6,28,5250.0,3338.0,5488.0,5142.0,4870.0,4710.0,5900.0,3791.0,3550.0,4195.0,1066.9518889496983,4284.0,4301.964285714285,4391.466666666666,4214.583333333333,4109.622222222222,851.035707072643,4688.012203113278,4450.109281019595,-0.7818314824680299,-0.7818314824680299,5803.9824,851.0357070726436,3715.187582287876,44343.06258228788,11995.0548143808
2016-02-29,3732,0,29,6092.0,4012.0,3824.0,3672.0,3823.0,4506.0,4005.0,5389.0,3839.0,4181.857142857143,1072.8340083739915,4228.714285714285,4292.214285714285,4336.233333333334,4212.8,4108.8,837.7287308173045,4449.009152334958,4354.3613768836485,0.0,0.0,3856.6108,837.7287308173051,3657.0961149959944,30653.371505620995,11995.0548143808
2016-03-01,3756,1,1,3732.0,5250.0,3538.0,3167.0,3867.0,3575.0,3691.0,5900.0,3330.0,4213.0,1054.0279882431946,4241.642857142857,4294.535714285715,4264.766666666666,4219.9,4110.611111111111,789.8051563882459,4275.756864251219,4274.579859965828,0.7818314824680298,0.7818314824680298,3952.0642,789.8051563882466,3447.8862461996328,31112.335464949632,11995.0548143808
2016-03-02,3688,2,2,3756.0,6092.0,3311.0,2967.0,3918.0,3718.0,3925.0,4005.0,4972.0,4266.857142857143,1008.9240851143384,4239.5,4286.071428571428,4254.2,4198.5,4111.355555555556,795.5003803722562,4128.817648188414,4196.369211970385,0.9749279121818236,0.9749279121818236,3816.3948,795.5003803722569,3472.7486876317607,30187.51235950676,11995.0548143808
2016-03-03,3691,3,3,3688.0,3732.0,3338.0,3101.0,3911.0,3788.0,3840.0,3691.0,4873.0,4317.285714285715,962.514192845262,4232.571428571428,4280.75,4254.2,4178.8,4108.077777777778,795.5003803722562,4019.36323614131,4128.986650374333,0.43388373911755823,0.43388373911755823,3921.7695,795.5003803722569,3472.7486876317607,30925.13540638176,11995.0548143808
2016-03-04,4083,4,4,3691.0,3756.0,4012.0,3791.0,4014.0,4350.0,4235.0,3925.0,4110.0,4327.428571428572,959.1290940471014,4213.5,4275.321428571428,4259.466666666666,4178.35,4096.077777777778,793.7668698542108,4035.272427105983,4122.855096991089,-0.433883739117558,-0.433883739117558,4267.889,793.7668698542113,3465.181065384086,33340.40567475909,11995.0548143808
2016-03-05,5536,5,5,4083.0,3688.0,5250.0,5389.0,5377.0,5186.0,6293.0,3840.0,3409.0,4368.285714285715,1009.7353967394455,4238.5,4248.285714285715,4316.0,4213.8,4099.855555555556,822.7291421721371,4410.454320329487,4311.274417392277,-0.9749279121818236,-0.9749279121818236,5517.5493,822.7291421721378,3591.6155658124167,42214.45931581242,11995.0548143808
2016-03-06,6704,6,6,5536.0,3691.0,6092.0,5900.0,4710.0,5488.0,4870.0,4235.0,3135.0,4455.714285714285,1193.6119852902636,4325.357142857143,4313.785714285715,4398.3,4273.283333333334,4130.8,930.7467950800122,4983.840740247116,4630.304495073307,-0.7818314824680299,-0.7818314824680299,6421.3203,930.7467950800128,4063.1655130309814,49012.40770053098,11995.0548143808
2016-03-07,4280,0,7,6704.0,4083.0,3732.0,4005.0,4506.0,3824.0,3823.0,6293.0,3779.0,4534.0,1155.6001326871933,4357.928571428572,4330.107142857143,4331.2,4281.633333333333,4139.866666666667,859.2585576911688,4807.880555185337,4583.597229063533,0.0,0.0,4088.576,859.2585576911694,3751.0843516655527,32371.11560166555,11995.0548143808
2016-03-08,3829,1,8,4280.0,5536.0,3756.0,3691.0,3575.0,3538.0,3867.0,4870.0,4289.0,4544.428571428572,1147.7114702953922,4378.714285714285,4328.75,4296.5,4273.966666666666,4145.377777777778,857.7679434599877,4563.160416389002,4482.9842651883955,0.7818314824680298,0.7818314824680298,3835.706,857.7679434599883,3744.5770906474286,30594.518496897428,11995.0548143808
2016-03-09,3595,2,9,3829.0,6704.0,3688.0,3925.0,3718.0,3311.0,3918.0,3823.0,5902.0,4531.142857142857,1159.7527651143878,4399.0,4317.214285714285,4288.9,4235.516666666666,4148.811111111111,863.1013985262227,4321.120312291751,4364.5863631632765,0.9749279121818236,0.9749279121818236,3697.2754,863.1013985262234,3767.860233608522,29648.78796798352,11995.0548143808
2016-03-10,3809,3,10,3595.0,4280.0,3691.0,3840.0,3788.0,3338.0,3911.0,3867.0,5517.0,4548.0,1146.2853047998094,4432.642857142857,4313.571428571428,4286.966666666666,4207.05,4150.566666666667,864.1433662716245,4193.090234218814,4290.508181408173,0.43388373911755823,0.43388373911755823,3731.029,864.143366271625,3772.4089330305187,29889.612058030518,11995.0548143808
2016-03-11,3950,4,11,3809.0,3829.0,4083.0,4235.0,4350.0,4012.0,4014.0,3918.0,3906.0,4529.0,1156.3355914266378,4428.214285714285,4311.285714285715,4288.033333333334,4207.783333333334,4138.533333333334,863.6918545061199,4132.3176756641105,4245.10709055375,-0.433883739117558,-0.433883739117558,4227.9565,863.6918545061204,3770.43786308537,33366.13317558537,11995.0548143808
2016-03-12,5811,5,12,3950.0,3595.0,5536.0,6293.0,5186.0,5250.0,5377.0,3911.0,3307.0,4568.285714285715,1200.0932900245282,4468.285714285715,4326.785714285715,4351.366666666667,4249.516666666666,4148.044444444445,903.8211023523745,4551.988256748083,4453.892811813251,-0.9749279121818236,-0.9749279121818236,5719.2363,903.8211023523751,3945.621679752456,43980.277929752454,11995.0548143808
2016-03-13,5344,6,13,5811.0,3809.0,6704.0,4870.0,5488.0,6092.0,4710.0,4014.0,3170.0,4374.0,858.0571076565909,4414.857142857143,4349.428571428572,4395.7,4285.75,4163.811111111111,919.190541576733,4749.991192561062,4572.573770238151,-0.7818314824680299,-0.7818314824680299,5264.9043,919.1905415767336,4012.7168078164427,40867.04493281644,11995.0548143808
2016-03-14,4110,0,14,5344.0,3950.0,4280.0,3823.0,3824.0,3732.0,4506.0,5377.0,3326.0,4349.714285714285,863.5492100020895,4441.857142857143,4335.285714285715,4353.466666666666,4298.816666666667,4170.5888888888885,901.4852011076399,4589.993394420796,4510.897267539731,0.0,0.0,4164.1855,901.4852011076405,3935.424327014179,33084.72315513918,11995.0548143808
2016-03-15,3387,1,15,4110.0,5811.0,3829.0,3867.0,3538.0,3756.0,3575.0,4710.0,3943.0,4286.571428571428,922.1415034477888,4415.5,4328.571428571428,4309.366666666667,4289.55,4169.922222222222,915.6905998822059,4289.245045815597,4361.044298534433,0.7818314824680298,0.7818314824680298,3519.3796,915.6905998822064,3997.4378485269835,28633.096051651984,11995.0548143808
2016-03-16,3522,2,16,3387.0,5344.0,3595.0,3918.0,3311.0,3688.0,3718.0,4506.0,5625.0,4276.142857142857,931.6300103530759,4403.642857142857,4321.571428571428,4276.566666666667,4254.5,4167.966666666666,925.9700480496375,4097.433784361698,4249.171725396509,0.9749279121818236,0.9749279121818236,3364.9768,925.9700480496381,4042.3126732458886,27597.150563870888,11995.0548143808
2016-03-17,3268,3,17,3522.0,4110.0,3809.0,3911.0,3338.0,3691.0,3788.0,3575.0,5291.0,4198.857142857143,996.9892056539396,4373.428571428572,4303.0,4266.333333333333,4220.783333333334,4162.577777777778,935.6366939087502,3890.0753382712733,4118.348828676974,0.43388373911755823,0.43388373911755823,3394.758,935.6366939087508,4084.5123158222073,27847.81895644721,11995.0548143808
2016-03-18,4204,4,18,3268.0,3387.0,3950.0,4014.0,4012.0,4083.0,4350.0,3718.0,4374.0,4235.142857142857,991.0268123805428,4382.071428571428,4297.785714285715,4282.533333333334,4217.95,4151.433333333333,930.0057001431986,3968.556503703455,4129.768984853378,-0.433883739117558,-0.433883739117558,4204.5845,930.0057001431992,4059.930270744829,33492.02206761983,11995.0548143808
2016-03-19,5540,5,19,4204.0,3522.0,5811.0,5377.0,5250.0,5536.0,5186.0,3788.0,2947.0,4196.428571428572,922.1026438061454,4382.357142857143,4310.428571428572,4340.933333333333,4261.166666666667,4157.677777777778,952.6143675870753,4361.417377777591,4317.799786872928,-0.9749279121818236,-0.9749279121818236,5237.6465,952.6143675870759,4158.628174771079,40822.15161227108,11995.0548143808
2016-03-20,6089,6,20,5540.0,3268.0,5344.0,4710.0,6092.0,6704.0,5488.0,4350.0,3441.0,4302.857142857143,1102.062978928067,4338.428571428572,4331.892857142857,4398.9,4305.3,4177.233333333334,1004.671857563105,4793.313033333193,4553.959815289871,-0.7818314824680299,-0.7818314824680299,6009.848,1004.6718575631056,4385.884609156519,46454.82210915652,11995.0548143808
2016-03-21,4157,0,21,6089.0,4204.0,4110.0,4506.0,3732.0,4280.0,3824.0,5186.0,3444.0,4309.571428571428,1100.8346616912768,4329.642857142857,4343.785714285715,4364.6,4317.183333333333,4177.455555555555,994.385882220082,4634.234774999894,4501.031839917888,0.0,0.0,3984.6475,994.3858822200825,4340.981290120039,32233.51254012004,11995.0548143808
2016-03-22,3705,1,22,4157.0,5540.0,3387.0,3575.0,3756.0,3829.0,3538.0,5488.0,3540.0,4355.0,1062.304413370603,4320.785714285715,4349.75,4305.166666666667,4319.933333333333,4172.022222222222,978.0764050026862,4401.926081249921,4394.8942612621695,0.7818314824680298,0.7818314824680298,3596.374,978.0764050026868,4269.78243591438,29444.399623414378,11995.0548143808
2016-03-23,3669,2,23,3705.0,6089.0,3522.0,3718.0,3688.0,3595.0,3311.0,3824.0,5822.0,4376.0,1044.3948806206686,4326.071428571428,4362.535714285715,4300.0,4284.05,4171.455555555555,981.1104897530342,4218.694560937441,4298.1083597605475,0.9749279121818236,0.9749279121818236,3507.1099,981.1104897530347,4283.027701529469,28832.79723277947,11995.0548143808
2016-03-24,3885,3,24,3669.0,4157.0,3268.0,3788.0,3691.0,3809.0,3338.0,3538.0,5142.0,4464.142857142857,957.7401228188862,4331.5,4382.071428571428,4311.566666666667,4263.1,4214.622222222222,973.8357038848544,4135.27092070308,4243.027245125808,0.43388373911755823,0.43388373911755823,3624.6943,973.8357038848549,4251.2696990195245,29624.129074019525,11995.0548143808
2016-03-25,4806,4,25,3885.0,3705.0,4204.0,4350.0,4083.0,3950.0,4012.0,3311.0,3672.0,4550.142857142857,957.5156097198279,4392.642857142857,4410.428571428572,4361.4,4282.0,4222.988888888889,959.0072668812392,4302.95319052731,4318.090279109033,-0.433883739117558,-0.433883739117558,4484.5137,959.0072668812397,4186.536310557991,35578.13201368299,11995.0548143808
2016-03-26,6008,5,26,4806.0,3669.0,5540.0,5186.0,5536.0,5811.0,5250.0,3338.0,3167.0,4617.0,1050.0204759908206,4406.714285714285,4437.5,4450.4,4329.35,4246.066666666667,984.31609725247,4729.214892895482,4543.4115752278285,-0.9749279121818236,-0.9749279121818236,5995.9033,984.3160972524704,4297.021747932713,46268.34596668271,11995.0548143808
2016-03-27,4575,6,27,6008.0,3885.0,6089.0,5488.0,6704.0,5344.0,6092.0,4012.0,2967.0,4400.714285714285,828.9331927816811,4351.785714285715,4383.321428571428,4469.166666666667,4356.15,4254.933333333333,981.0309877116846,4690.661169671611,4547.623365197452,-0.7818314824680299,-0.7818314824680299,4918.7124,981.0309877116852,4282.680636189749,38713.66891743975,11995.0548143808
2016-03-28,3793,0,28,4575.0,4806.0,4157.0,3824.0,4280.0,4110.0,3732.0,5250.0,3101.0,4348.714285714285,857.688116253163,4329.142857142857,4385.5,4420.6,4367.683333333333,4255.011111111111,977.0993525878396,4466.2458772537075,4447.006916504459,0.0,0.0,3955.4487,977.09935258784,4265.517123696906,31953.657748696907,11995.0548143808
2016-03-29,3724,1,29,3793.0,6008.0,3705.0,3538.0,3829.0,3387.0,3756.0,6092.0,3791.0,4351.428571428572,855.3383067813655,4353.214285714285,4384.357142857143,4341.666666666667,4366.566666666667,4256.944444444444,932.0302397540981,4280.684407940281,4350.6059943038645,0.7818314824680298,0.7818314824680298,3605.5723,932.0302397540987,4068.7683774890647,29307.774236864065,11995.0548143808
2016-03-30,3273,2,30,3724.0,4575.0,3669.0,3311.0,3595.0,3522.0,3688.0,3732.0,5389.0,4294.857142857143,918.741789726837,4335.428571428572,4369.535714285715,4326.366666666667,4331.3,4250.655555555555,946.0455439693998,4028.7633059552104,4206.92519506335,0.9749279121818236,0.9749279121818236,3353.0066,946.0455439694003,4129.95204316836,27600.99891816836,11995.0548143808
2016-03-31,3993,3,31,3273.0,3793.0,3885.0,3338.0,3809.0,3268.0,3691.0,3756.0,5900.0,4310.285714285715,911.590864786336,4387.214285714285,4380.321428571428,4334.266666666666,4299.516666666666,4258.022222222222,942.0997433588288,4019.822479466408,4178.40183572157,0.43388373911755823,0.43388373911755823,3614.108,942.0997433588294,4112.726691389642,29411.482550764642,11995.0548143808
2016-04-01,4886,4,1,3993.0,3724.0,4806.0,4012.0,3950.0,4204.0,4083.0,3688.0,4005.0,4321.714285714285,919.3101968841819,4435.928571428572,4409.0,4374.2,4314.2,4257.066666666667,939.1469864025305,4236.366859599806,4272.748257625361,-0.433883739117558,-0.433883739117558,4625.2656,939.146986402531,4099.836461418811,36476.69583641881,11995.0548143808
2016-04-02,5738,5,2,4886.0,3273.0,6008.0,5250.0,5811.0,5540.0,5536.0,3691.0,3691.0,4283.142857142857,838.9158536610244,4450.071428571428,4416.214285714285,4442.433333333333,4348.316666666667,4266.677777777778,961.8844537151224,4611.7751446998545,4468.1151566086455,-0.9749279121818236,-0.9749279121818236,5672.074,961.8844537151228,4199.096639940566,43903.616171190566,11995.0548143808
2016-04-03,6357,6,3,5738.0,3993.0,4575.0,6092.0,5344.0,6089.0,6704.0,4083.0,3925.0,4537.714285714285,1153.5983868293288,4469.214285714285,4403.821428571428,4518.233333333334,4388.85,4291.644444444444,1020.4027833311086,5048.081358524891,4719.966469060826,-0.7818314824680299,-0.7818314824680299,6397.6484,1020.402783331109,4454.557802990194,49238.096865490195,11995.0548143808
2016-04-04,4698,0,4,6357.0,4886.0,3793.0,3732.0,4110.0,4157.0,4280.0,5536.0,3840.0,4667.0,1105.9553939166456,4507.857142857143,4418.75,4490.3,4403.15,4305.966666666666,1002.9008322413205,4960.561018893668,4717.037606519382,0.0,0.0,4384.6865,1002.900832241321,4378.153216420903,35070.957903920906,11995.0548143808
2016-04-05,3988,1,5,4698.0,5738.0,3724.0,3756.0,3387.0,3705.0,3829.0,6704.0,4235.0,4704.714285714285,1072.4317716115527,4528.071428571428,4424.428571428572,4399.766666666666,4399.033333333334,4315.444444444444,914.9042038917735,4717.4207641702515,4619.832592316798,0.7818314824680298,0.7818314824680298,4001.4495,914.904203891774,3994.004844959525,32004.151329334527,11995.0548143808
2016-04-06,3869,2,6,3988.0,6357.0,3273.0,3688.0,3522.0,3669.0,3595.0,4280.0,6293.0,4789.857142857143,957.2988785416655,4542.357142857143,4434.214285714285,4386.066666666667,4358.633333333333,4316.444444444444,919.8234438282606,4505.315573127688,4519.721580007891,0.9749279121818236,0.9749279121818236,3876.1528,919.8234438282611,4015.4797360533385,31148.550048553338,11995.0548143808
2016-04-07,3566,3,7,3869.0,4698.0,3993.0,3691.0,3268.0,3885.0,3809.0,3829.0,4870.0,4728.857142857143,1027.5638550428216,4519.571428571428,4425.535714285715,4377.3,4336.9,4308.4111111111115,926.5445687774679,4270.486679845766,4392.558702673506,0.43388373911755823,0.43388373911755823,3867.3818,926.5445687774685,4044.820737544559,31116.49261254456,11995.0548143808
2016-04-08,4595,4,8,3566.0,3988.0,4886.0,4083.0,4204.0,4806.0,3950.0,3595.0,3823.0,4687.285714285715,1026.0321168276819,4504.5,4448.571428571428,4410.633333333333,4349.766666666666,4293.888888888889,915.3504504431218,4351.6150098843245,4419.550875650372,-0.433883739117558,-0.433883739117558,4478.536,915.3504504431223,3995.9529296666997,35345.7068359167,11995.0548143808
2016-04-09,5969,5,9,4595.0,3869.0,5738.0,5536.0,5540.0,6008.0,5811.0,3809.0,3867.0,4720.285714285715,1068.3023470730996,4501.714285714285,4454.214285714285,4482.633333333333,4384.8,4298.9111111111115,950.6649391014535,4755.961257413243,4626.144092230323,-0.9749279121818236,-0.9749279121818236,6096.183,950.664939101454,4150.117964867838,46823.39921486784,11995.0548143808
2016-04-10,5814,6,10,5969.0,3566.0,6357.0,6704.0,6089.0,4575.0,5344.0,3950.0,3918.0,4642.714285714285,941.8842310825119,4590.214285714285,4471.0,4544.766666666666,4416.4,4320.111111111111,975.2483921733835,5020.470943059932,4784.5248799329465,-0.7818314824680299,-0.7818314824680299,5926.566,975.2483921733841,4257.436775140502,45743.3977126405,11995.0548143808
2016-04-11,4390,0,11,5814.0,4595.0,4698.0,4280.0,4157.0,3793.0,4110.0,5811.0,3911.0,4598.714285714285,946.0559733767847,4632.857142857143,4481.0,4497.4,4424.383333333333,4332.144444444444,945.6884228451972,4862.853207294949,4731.921562608553,0.0,0.0,4353.932,945.6884228451978,4128.3930345921235,34605.918425217125,11995.0548143808
2016-04-12,3495,1,12,4390.0,5969.0,3988.0,3829.0,3705.0,3724.0,3387.0,5344.0,4014.0,4528.285714285715,1014.9403454203092,4616.5,4484.857142857143,4435.766666666666,4415.733333333334,4335.7555555555555,948.857486604309,4520.889905471212,4566.9986875940795,0.7818314824680298,0.7818314824680298,3700.5393,948.8574866043094,4142.227549674726,30046.002940299724,11995.0548143808
2016-04-13,3390,2,13,3495.0,5814.0,3869.0,3595.0,3669.0,3273.0,3522.0,4110.0,5377.0,4459.857142857143,1080.8085597630763,4624.857142857143,4480.142857142857,4411.766666666666,4382.616666666667,4336.466666666666,966.326306112509,4238.167429103409,4410.065529248202,0.9749279121818236,0.9749279121818236,3523.698,966.3263061125095,4218.487500667069,28884.37421941707,11995.0548143808
2016-04-14,3544,3,14,3390.0,4390.0,3566.0,3809.0,3885.0,3993.0,3268.0,3387.0,4710.0,4456.714285714285,1083.8686442993132,4592.785714285715,4490.0,4417.0,4363.183333333333,4332.033333333334,960.9955326603201,4064.6255718275565,4294.590125348443,0.43388373911755823,0.43388373911755823,3586.283,960.9955326603207,4195.216064264376,29299.196533014376,11995.0548143808
2016-04-15,3898,4,15,3544.0,3495.0,4595.0,3950.0,4806.0,4886.0,4204.0,3522.0,4506.0,4357.142857142857,1100.9287637522864,4522.214285714285,4479.071428571428,4429.533333333334,4353.05,4312.844444444445,951.3236417036826,4022.9691788706673,4241.71144196865,-0.433883739117558,-0.433883739117558,4160.7793,951.323641703683,4152.993524269029,33278.448602394026,11995.0548143808
2016-04-16,5294,5,16,3898.0,3390.0,5969.0,5811.0,6008.0,5738.0,5540.0,3268.0,3575.0,4260.714285714285,956.2769323938373,4490.5,4470.285714285715,4497.066666666667,4381.7,4312.877777777778,937.840583958451,4340.726884153,4382.016583039498,-0.9749279121818236,-0.9749279121818236,5282.8765,937.8405839584516,4094.1333750531303,41074.270093803134,11995.0548143808
2016-04-17,5775,6,17,5294.0,3544.0,5814.0,5344.0,4575.0,6357.0,6089.0,4204.0,3718.0,4255.142857142857,945.774890159989,4448.928571428572,4459.071428571428,4549.433333333333,4415.983333333334,4328.444444444444,964.3965661394678,4699.295163114751,4567.747705300898,-0.7818314824680299,-0.7818314824680299,5494.0796,964.3965661394684,4210.063240761984,42668.621834511985,11995.0548143808
2016-04-18,4235,0,18,5775.0,3898.0,4390.0,4110.0,3793.0,4698.0,4157.0,5540.0,3788.0,4233.0,943.9039499158077,4415.857142857143,4461.857142857143,4505.933333333333,4423.433333333333,4342.7555555555555,947.458303452768,4583.221372336063,4523.381344594111,0.0,0.0,4091.262,947.4583034527685,4136.119430089671,32774.953414464675,11995.0548143808
2016-04-19,3692,1,19,4235.0,5294.0,3495.0,3387.0,3724.0,3988.0,3705.0,6089.0,4350.0,4261.142857142857,920.8891407350865,4394.714285714285,4461.392857142857,4426.033333333334,4412.466666666666,4345.544444444445,909.6704019752835,4360.416029252047,4412.53049864823,0.7818314824680298,0.7818314824680298,3645.3464,909.6704019752842,3971.156736793556,29488.582518043557,11995.0548143808
2016-04-20,3608,2,20,3692.0,5775.0,3390.0,3522.0,3273.0,3869.0,3669.0,4157.0,5186.0,4292.285714285715,889.6757301185082,4376.071428571428,4459.214285714285,4407.733333333334,4386.166666666667,4347.366666666667,920.724225189369,4172.312021939036,4305.259765495132,0.9749279121818236,0.9749279121818236,3473.4817,920.7242251893696,4019.412087774111,28333.78318152411,11995.0548143808
2016-04-21,3624,3,21,3608.0,4235.0,3544.0,3268.0,3993.0,3566.0,3885.0,3705.0,5488.0,4303.714285714285,878.9100663673734,4380.214285714285,4449.892857142857,4405.033333333334,4355.1,4348.3,922.9720540968007,4035.2340164542766,4214.425130095781,0.43388373911755823,0.43388373911755823,3478.1223,922.9720540968012,4029.2249616342733,28376.080430384274,11995.0548143808
2016-04-22,4236,4,22,3624.0,3692.0,3898.0,4204.0,4886.0,4595.0,4806.0,3669.0,3824.0,4352.0,862.0284218052183,4354.571428571428,4429.535714285715,4423.933333333333,4361.966666666666,4330.677777777778,913.133216603337,4085.4255123407074,4217.301779416343,-0.433883739117558,-0.433883739117558,4364.033,913.1332166033376,3986.273618258097,34534.5060401331,11995.0548143808
2016-04-23,5423,5,23,4236.0,3608.0,5294.0,5540.0,5738.0,5969.0,6008.0,3885.0,3538.0,4370.428571428572,886.553036041432,4315.571428571428,4408.642857142857,4475.2,4393.383333333333,4333.8,924.9304316802775,4419.81913425553,4378.061542160831,-0.9749279121818236,-0.9749279121818236,5231.3677,924.9304316802779,4037.774238731695,40657.3484574817,11995.0548143808
2016-04-24,5906,6,24,5423.0,3624.0,5775.0,6089.0,6357.0,5814.0,4575.0,4806.0,3311.0,4389.142857142857,921.8247173534696,4322.142857142857,4456.178571428572,4511.866666666667,4436.633333333333,4358.622222222222,959.6482736895796,4791.364350691648,4581.78666987272,-0.7818314824680299,-0.7818314824680299,5791.761,959.6482736895802,4189.3346191538785,44731.66274415388,11995.0548143808
